session_id,user_id,session_start,session_end,device_type,location,login_method,mfa_used,failed_login_attempts
S00001,U000,2025-01-01 11:21:00,2025-01-01 13:34:00,laptop,India,password+token,True,0
S00002,U000,2025-01-01 14:48:00,2025-01-01 16:49:00,laptop,India,password+token,True,0
S00003,U000,2025-01-01 18:40:00,2025-01-01 19:59:00,vpn,India,password+token,True,0
S00004,U000,2025-01-02 10:47:00,2025-01-02 13:11:00,workstation,India,password,True,2
S00005,U000,2025-01-03 06:23:00,2025-01-03 08:26:00,laptop,Germany,password+token,False,1
S00006,U000,2025-01-04 10:21:00,2025-01-04 11:59:00,workstation,India,password+token,True,1
S00007,U000,2025-01-04 13:21:00,2025-01-04 15:17:00,laptop,India,password,True,2
S00008,U000,2025-01-06 09:10:00,2025-01-06 10:28:00,laptop,India,password,True,0
S00009,U000,2025-01-07 10:23:00,2025-01-07 12:10:00,laptop,Singapore,password+token,True,1
S00010,U000,2025-01-07 14:01:00,2025-01-07 15:37:00,vpn,India,password+token,True,1
S00011,U000,2025-01-08 09:47:00,2025-01-08 11:24:00,workstation,India,password,False,1
S00012,U000,2025-01-08 13:05:00,2025-01-08 15:01:00,laptop,India,password,True,2
S00013,U000,2025-01-13 10:19:00,2025-01-13 12:19:00,laptop,USA,password+token,True,0
S00014,U000,2025-01-14 11:15:00,2025-01-14 13:12:00,workstation,India,password,True,1
S00015,U000,2025-01-15 09:32:00,2025-01-15 11:01:00,laptop,India,password+token,True,3
S00016,U000,2025-01-15 12:06:00,2025-01-15 13:37:00,laptop,India,password,False,1
S00017,U000,2025-01-15 15:26:00,2025-01-15 16:28:00,laptop,India,password+token,False,2
S00018,U000,2025-01-17 11:01:00,2025-01-17 13:41:00,vpn,India,password+token,False,0
S00019,U000,2025-01-17 15:37:00,2025-01-17 16:29:00,workstation,India,password,True,0
S00020,U000,2025-01-17 17:18:00,2025-01-17 18:58:00,laptop,India,password,True,1
S00021,U000,2025-01-20 10:38:00,2025-01-20 12:28:00,laptop,India,password,True,0
S00022,U000,2025-01-22 10:20:00,2025-01-22 11:12:00,laptop,India,password,True,1
S00023,U000,2025-01-24 10:31:00,2025-01-24 12:45:00,laptop,India,password+token,True,2
S00024,U000,2025-01-25 06:49:00,2025-01-25 08:14:00,laptop,India,password,True,1
S00025,U000,2025-01-27 09:08:00,2025-01-27 11:59:00,laptop,India,password+token,True,0
S00026,U000,2025-01-28 09:24:00,2025-01-28 12:56:00,vpn,India,password+token,True,0
S00027,U000,2025-01-29 10:22:00,2025-01-29 12:25:00,workstation,Singapore,password+token,False,2
S00028,U000,2025-01-30 10:44:00,2025-01-30 11:40:00,laptop,India,password,True,1
S00029,U000,2025-01-30 13:31:00,2025-01-30 16:16:00,workstation,India,password,True,1
S00030,U000,2025-01-31 10:18:00,2025-01-31 12:37:00,laptop,India,password,False,0
S00031,U000,2025-01-31 13:12:00,2025-01-31 15:09:00,laptop,India,password,True,0
S00032,U000,2025-01-31 16:45:00,2025-01-31 18:27:00,vpn,USA,password+token,True,0
S00033,U000,2025-02-04 11:26:00,2025-02-04 13:22:00,workstation,Germany,password,False,1
S00034,U000,2025-02-05 09:00:00,2025-02-05 10:18:00,laptop,India,password+token,True,2
S00035,U000,2025-02-07 06:20:00,2025-02-07 08:04:00,vpn,India,password+token,True,1
S00036,U000,2025-02-10 10:28:00,2025-02-10 11:26:00,laptop,India,password+token,True,0
S00037,U000,2025-02-10 11:49:00,2025-02-10 13:39:00,laptop,India,password,True,0
S00038,U000,2025-02-11 09:40:00,2025-02-11 11:42:00,laptop,India,password,True,1
S00039,U000,2025-02-12 10:51:00,2025-02-12 12:51:00,laptop,India,password+token,True,0
S00040,U000,2025-02-13 09:34:00,2025-02-13 11:05:00,laptop,India,password,True,0
S00041,U000,2025-02-13 11:42:00,2025-02-13 13:41:00,laptop,India,password,True,1
S00042,U000,2025-02-13 15:10:00,2025-02-13 16:11:00,laptop,India,password,False,0
S00043,U000,2025-02-14 09:55:00,2025-02-14 12:11:00,laptop,India,password,False,1
S00044,U000,2025-02-14 13:17:00,2025-02-14 15:24:00,vpn,India,password+token,True,0
S00045,U001,2025-01-01 13:34:00,2025-01-01 15:10:00,vpn,India,password+token,True,1
S00046,U001,2025-01-03 08:20:00,2025-01-03 09:55:00,laptop,India,password+token,True,2
S00047,U001,2025-01-06 06:02:00,2025-01-06 08:38:00,laptop,India,password+token,False,0
S00048,U001,2025-01-07 08:03:00,2025-01-07 10:47:00,workstation,India,password+token,True,0
S00049,U001,2025-01-09 10:50:00,2025-01-09 13:34:00,vpn,India,password+token,True,0
S00050,U001,2025-01-10 10:32:00,2025-01-10 12:27:00,workstation,India,password,True,0
S00051,U001,2025-01-10 14:16:00,2025-01-10 15:55:00,laptop,India,password,True,0
S00052,U001,2025-01-13 09:43:00,2025-01-13 11:30:00,laptop,India,password+token,True,0
S00053,U001,2025-01-13 12:38:00,2025-01-13 14:13:00,laptop,India,password,True,1
S00054,U001,2025-01-14 09:18:00,2025-01-14 11:35:00,laptop,India,password,False,1
S00055,U001,2025-01-15 11:00:00,2025-01-15 13:28:00,laptop,India,password,False,1
S00056,U001,2025-01-15 15:05:00,2025-01-15 17:20:00,laptop,India,password+token,False,1
S00057,U001,2025-01-17 09:19:00,2025-01-17 10:42:00,laptop,Germany,password+token,True,1
S00058,U001,2025-01-17 12:22:00,2025-01-17 15:32:00,laptop,India,password+token,True,0
S00059,U001,2025-01-17 16:09:00,2025-01-17 18:24:00,laptop,India,password+token,True,0
S00060,U001,2025-01-20 09:52:00,2025-01-20 10:47:00,laptop,India,password,True,0
S00061,U001,2025-01-21 10:33:00,2025-01-21 11:29:00,laptop,India,password,False,2
S00062,U001,2025-01-22 07:00:00,2025-01-22 09:44:00,workstation,India,password+token,True,1
S00063,U001,2025-01-23 07:15:00,2025-01-23 09:04:00,laptop,India,password,True,0
S00064,U001,2025-01-26 11:57:00,2025-01-26 13:32:00,laptop,India,password+token,False,0
S00065,U001,2025-01-26 14:22:00,2025-01-26 16:33:00,laptop,India,password,True,1
S00066,U001,2025-01-27 09:01:00,2025-01-27 11:04:00,laptop,India,password+token,False,2
S00067,U001,2025-01-27 12:08:00,2025-01-27 14:10:00,laptop,India,password+token,True,0
S00068,U001,2025-01-28 08:36:00,2025-01-28 10:13:00,laptop,Singapore,password,False,1
S00069,U001,2025-01-29 08:02:00,2025-01-29 09:21:00,laptop,India,password,True,1
S00070,U001,2025-02-03 10:36:00,2025-02-03 12:11:00,laptop,India,password,True,0
S00071,U001,2025-02-04 08:16:00,2025-02-04 10:33:00,laptop,USA,password+token,True,1
S00072,U001,2025-02-04 11:33:00,2025-02-04 12:54:00,workstation,Singapore,password,False,0
S00073,U001,2025-02-06 08:01:00,2025-02-06 10:17:00,laptop,India,password,False,0
S00074,U001,2025-02-10 09:31:00,2025-02-10 11:56:00,laptop,India,password+token,False,1
S00075,U001,2025-02-10 12:26:00,2025-02-10 14:51:00,laptop,India,password,False,0
S00076,U001,2025-02-12 10:46:00,2025-02-12 12:56:00,vpn,India,password+token,True,0
S00077,U001,2025-02-13 09:11:00,2025-02-13 10:40:00,laptop,India,password,True,1
S00078,U001,2025-02-13 11:52:00,2025-02-13 13:44:00,laptop,India,password,True,0
S00079,U001,2025-02-13 15:15:00,2025-02-13 17:07:00,workstation,India,password+token,False,2
S00080,U001,2025-02-14 09:14:00,2025-02-14 12:36:00,laptop,India,password,True,0
S00081,U001,2025-02-15 09:45:00,2025-02-15 11:04:00,vpn,India,password+token,False,1
S00082,U002,2025-01-01 08:46:00,2025-01-01 11:03:00,laptop,India,password+token,True,0
S00083,U002,2025-01-01 12:15:00,2025-01-01 14:20:00,laptop,Singapore,password+token,True,0
S00084,U002,2025-01-01 15:33:00,2025-01-01 18:11:00,laptop,India,password,False,0
S00085,U002,2025-01-03 08:41:00,2025-01-03 11:19:00,laptop,India,password,True,1
S00086,U002,2025-01-03 12:47:00,2025-01-03 14:18:00,laptop,India,password+token,True,1
S00087,U002,2025-01-06 09:53:00,2025-01-06 11:51:00,laptop,India,password+token,False,0
S00088,U002,2025-01-06 12:47:00,2025-01-06 15:09:00,laptop,USA,password,True,0
S00089,U002,2025-01-08 08:58:00,2025-01-08 10:48:00,laptop,India,password,True,0
S00090,U002,2025-01-09 09:49:00,2025-01-09 11:46:00,vpn,India,password+token,True,1
S00091,U002,2025-01-09 12:31:00,2025-01-09 14:48:00,laptop,India,password,True,0
S00092,U002,2025-01-10 09:08:00,2025-01-10 10:55:00,workstation,Germany,password,False,1
S00093,U002,2025-01-13 07:14:00,2025-01-13 08:31:00,laptop,India,password,True,1
S00094,U002,2025-01-13 09:56:00,2025-01-13 11:15:00,laptop,India,password,True,2
S00095,U002,2025-01-15 06:59:00,2025-01-15 07:41:00,laptop,India,password,True,1
S00096,U002,2025-01-17 08:01:00,2025-01-17 09:30:00,laptop,India,password,False,0
S00097,U002,2025-01-21 08:53:00,2025-01-21 11:09:00,laptop,India,password+token,False,1
S00098,U002,2025-01-21 11:47:00,2025-01-21 14:02:00,laptop,India,password,True,1
S00099,U002,2025-01-22 08:10:00,2025-01-22 09:39:00,vpn,India,password+token,True,0
S00100,U002,2025-01-23 11:25:00,2025-01-23 13:51:00,laptop,India,password,True,0
S00101,U002,2025-01-23 14:15:00,2025-01-23 16:09:00,laptop,India,password,True,0
S00102,U002,2025-01-23 17:49:00,2025-01-23 19:06:00,laptop,Singapore,password+token,False,0
S00103,U002,2025-01-24 08:29:00,2025-01-24 10:31:00,workstation,India,password+token,True,1
S00104,U002,2025-01-24 12:28:00,2025-01-24 13:36:00,laptop,India,password+token,True,2
S00105,U002,2025-01-27 11:29:00,2025-01-27 13:30:00,laptop,India,password+token,True,3
S00106,U002,2025-01-30 08:40:00,2025-01-30 10:26:00,laptop,India,password,False,0
S00107,U002,2025-01-30 12:18:00,2025-01-30 13:30:00,laptop,India,password,True,2
S00108,U002,2025-01-31 07:27:00,2025-01-31 09:01:00,laptop,Singapore,password+token,True,0
S00109,U002,2025-02-03 07:06:00,2025-02-03 08:41:00,vpn,India,password+token,True,0
S00110,U002,2025-02-05 07:12:00,2025-02-05 08:44:00,laptop,India,password,True,0
S00111,U002,2025-02-06 10:12:00,2025-02-06 12:01:00,laptop,India,password+token,True,0
S00112,U002,2025-02-06 13:39:00,2025-02-06 15:29:00,laptop,India,password+token,True,1
S00113,U002,2025-02-07 07:04:00,2025-02-07 08:18:00,laptop,India,password,True,2
S00114,U002,2025-02-09 07:30:00,2025-02-09 10:14:00,laptop,India,password,True,0
S00115,U002,2025-02-09 11:19:00,2025-02-09 13:18:00,laptop,India,password,False,1
S00116,U002,2025-02-09 14:52:00,2025-02-09 16:44:00,workstation,India,password+token,True,2
S00117,U002,2025-02-10 09:36:00,2025-02-10 11:28:00,workstation,India,password,False,1
S00118,U002,2025-02-10 11:56:00,2025-02-10 13:53:00,vpn,India,password+token,True,0
S00119,U002,2025-02-10 14:22:00,2025-02-10 14:43:00,laptop,India,password+token,True,1
S00120,U002,2025-02-11 06:54:00,2025-02-11 08:30:00,laptop,India,password,True,0
S00121,U002,2025-02-11 09:37:00,2025-02-11 10:56:00,laptop,India,password+token,False,1
S00122,U002,2025-02-12 09:46:00,2025-02-12 11:52:00,laptop,India,password,True,0
S00123,U002,2025-02-12 13:02:00,2025-02-12 13:52:00,workstation,India,password,True,0
S00124,U002,2025-02-14 09:59:00,2025-02-14 12:10:00,laptop,India,password,True,0
S00125,U002,2025-02-14 13:58:00,2025-02-14 15:57:00,laptop,India,password+token,True,2
S00126,U002,2025-02-14 16:42:00,2025-02-14 17:22:00,laptop,India,password,False,1
S00127,U002,2025-02-15 09:54:00,2025-02-15 11:21:00,laptop,India,password,True,0
S00128,U003,2025-01-02 10:56:00,2025-01-02 11:55:00,laptop,India,password,False,1
S00129,U003,2025-01-04 12:55:00,2025-01-04 15:05:00,vpn,India,password+token,False,1
S00130,U003,2025-01-05 11:34:00,2025-01-05 13:31:00,workstation,Singapore,password,True,0
S00131,U003,2025-01-07 10:19:00,2025-01-07 11:27:00,workstation,India,password,True,0
S00132,U003,2025-01-07 12:34:00,2025-01-07 14:01:00,workstation,India,password,False,0
S00133,U003,2025-01-09 10:26:00,2025-01-09 11:39:00,vpn,India,password+token,True,1
S00134,U003,2025-01-13 10:11:00,2025-01-13 11:19:00,laptop,India,password,True,1
S00135,U003,2025-01-14 11:19:00,2025-01-14 12:38:00,laptop,Singapore,password,True,0
S00136,U003,2025-01-14 13:35:00,2025-01-14 15:10:00,workstation,Germany,password,False,0
S00137,U003,2025-01-16 10:13:00,2025-01-16 11:04:00,laptop,India,password,False,1
S00138,U003,2025-01-22 11:59:00,2025-01-22 13:01:00,laptop,India,password,True,0
S00139,U003,2025-01-22 14:28:00,2025-01-22 17:03:00,laptop,India,password,False,1
S00140,U003,2025-01-23 12:08:00,2025-01-23 14:29:00,laptop,India,password,False,2
S00141,U003,2025-01-24 11:44:00,2025-01-24 13:03:00,laptop,India,password+token,False,0
S00142,U003,2025-01-24 14:55:00,2025-01-24 17:10:00,laptop,India,password,False,0
S00143,U003,2025-01-24 18:54:00,2025-01-24 20:39:00,laptop,India,password,False,2
S00144,U003,2025-01-25 11:45:00,2025-01-25 13:09:00,laptop,India,password+token,True,3
S00145,U003,2025-01-26 12:32:00,2025-01-26 13:22:00,workstation,India,password,True,2
S00146,U003,2025-01-26 14:58:00,2025-01-26 16:44:00,laptop,Germany,password,True,0
S00147,U003,2025-01-27 11:20:00,2025-01-27 13:14:00,laptop,India,password+token,True,0
S00148,U003,2025-01-28 11:02:00,2025-01-28 11:56:00,laptop,India,password+token,True,0
S00149,U003,2025-01-28 13:29:00,2025-01-28 14:36:00,laptop,India,password+token,True,0
S00150,U003,2025-01-29 11:55:00,2025-01-29 13:02:00,laptop,India,password,True,1
S00151,U003,2025-01-29 14:34:00,2025-01-29 15:01:00,laptop,India,password,True,2
S00152,U003,2025-01-29 16:11:00,2025-01-29 17:54:00,workstation,India,password,True,1
S00153,U003,2025-01-31 11:38:00,2025-01-31 14:34:00,laptop,Singapore,password+token,False,2
S00154,U003,2025-01-31 14:58:00,2025-01-31 15:49:00,vpn,India,password+token,False,1
S00155,U003,2025-02-02 12:13:00,2025-02-02 14:14:00,workstation,India,password+token,True,0
S00156,U003,2025-02-02 16:09:00,2025-02-02 17:28:00,vpn,India,password+token,False,1
S00157,U003,2025-02-03 11:36:00,2025-02-03 13:08:00,laptop,India,password+token,True,0
S00158,U003,2025-02-03 14:45:00,2025-02-03 15:16:00,laptop,India,password+token,True,2
S00159,U003,2025-02-04 10:59:00,2025-02-04 11:53:00,laptop,India,password,False,1
S00160,U003,2025-02-04 13:05:00,2025-02-04 15:05:00,workstation,India,password+token,True,1
S00161,U003,2025-02-04 15:46:00,2025-02-04 16:48:00,laptop,India,password+token,False,1
S00162,U003,2025-02-05 12:28:00,2025-02-05 13:34:00,laptop,India,password,True,1
S00163,U003,2025-02-10 09:26:00,2025-02-10 10:45:00,workstation,India,password,True,2
S00164,U003,2025-02-11 11:38:00,2025-02-11 11:58:00,laptop,India,password,False,0
S00165,U003,2025-02-11 12:55:00,2025-02-11 14:50:00,laptop,India,password,True,1
S00166,U003,2025-02-12 10:59:00,2025-02-12 12:41:00,laptop,India,password+token,True,4
S00167,U003,2025-02-12 13:24:00,2025-02-12 14:43:00,workstation,India,password,True,0
S00168,U003,2025-02-14 11:40:00,2025-02-14 13:24:00,laptop,India,password,True,3
S00169,U004,2025-01-01 09:14:00,2025-01-01 10:16:00,laptop,USA,password+token,True,1
S00170,U004,2025-01-01 11:46:00,2025-01-01 14:03:00,laptop,Singapore,password+token,True,1
S00171,U004,2025-01-02 09:48:00,2025-01-02 11:21:00,workstation,India,password+token,False,2
S00172,U004,2025-01-02 11:53:00,2025-01-02 15:05:00,workstation,Germany,password,False,0
S00173,U004,2025-01-03 08:58:00,2025-01-03 10:41:00,laptop,India,password+token,False,0
S00174,U004,2025-01-08 08:31:00,2025-01-08 09:46:00,vpn,Germany,password+token,False,1
S00175,U004,2025-01-08 11:30:00,2025-01-08 12:22:00,laptop,USA,password,True,1
S00176,U004,2025-01-09 10:48:00,2025-01-09 12:10:00,laptop,Singapore,password,True,0
S00177,U004,2025-01-09 13:34:00,2025-01-09 15:24:00,laptop,USA,password+token,True,0
S00178,U004,2025-01-09 16:09:00,2025-01-09 18:12:00,laptop,India,password,True,0
S00179,U004,2025-01-11 06:36:00,2025-01-11 08:08:00,laptop,Singapore,password,True,0
S00180,U004,2025-01-14 06:36:00,2025-01-14 07:57:00,laptop,India,password,False,1
S00181,U004,2025-01-14 08:41:00,2025-01-14 10:33:00,vpn,USA,password+token,True,1
S00182,U004,2025-01-15 09:31:00,2025-01-15 11:36:00,laptop,India,password+token,True,2
S00183,U004,2025-01-16 10:31:00,2025-01-16 12:42:00,laptop,India,password,False,1
S00184,U004,2025-01-17 09:31:00,2025-01-17 11:05:00,laptop,Germany,password+token,True,1
S00185,U004,2025-01-21 09:55:00,2025-01-21 11:12:00,vpn,Singapore,password+token,False,1
S00186,U004,2025-01-21 11:43:00,2025-01-21 12:43:00,laptop,Germany,password,True,1
S00187,U004,2025-01-22 06:32:00,2025-01-22 09:10:00,laptop,Germany,password,True,0
S00188,U004,2025-01-23 09:04:00,2025-01-23 10:27:00,laptop,Germany,password,False,1
S00189,U004,2025-01-24 09:26:00,2025-01-24 11:16:00,laptop,India,password,False,0
S00190,U004,2025-01-27 09:21:00,2025-01-27 11:21:00,laptop,Singapore,password,False,0
S00191,U004,2025-01-28 09:09:00,2025-01-28 10:53:00,vpn,USA,password+token,True,0
S00192,U004,2025-01-28 11:55:00,2025-01-28 13:36:00,laptop,Singapore,password+token,True,0
S00193,U004,2025-01-29 06:49:00,2025-01-29 08:39:00,vpn,Singapore,password+token,False,2
S00194,U004,2025-01-30 06:16:00,2025-01-30 07:51:00,laptop,Singapore,password+token,False,0
S00195,U004,2025-01-30 09:10:00,2025-01-30 11:01:00,workstation,USA,password,False,1
S00196,U004,2025-01-30 12:28:00,2025-01-30 13:14:00,laptop,USA,password+token,False,2
S00197,U004,2025-01-31 09:26:00,2025-01-31 12:27:00,workstation,Germany,password,False,1
S00198,U004,2025-02-05 09:41:00,2025-02-05 10:51:00,laptop,India,password,True,1
S00199,U004,2025-02-06 09:29:00,2025-02-06 11:06:00,laptop,USA,password+token,True,0
S00200,U004,2025-02-06 11:49:00,2025-02-06 12:58:00,laptop,Germany,password+token,True,0
S00201,U004,2025-02-06 13:18:00,2025-02-06 15:12:00,laptop,India,password,True,0
S00202,U004,2025-02-07 09:16:00,2025-02-07 11:16:00,laptop,Germany,password+token,False,1
S00203,U004,2025-02-10 09:06:00,2025-02-10 10:15:00,laptop,Singapore,password+token,True,0
S00204,U004,2025-02-12 09:44:00,2025-02-12 11:22:00,workstation,India,password,True,0
S00205,U004,2025-02-12 11:43:00,2025-02-12 13:45:00,laptop,Germany,password,False,2
S00206,U004,2025-02-13 09:16:00,2025-02-13 11:38:00,workstation,USA,password+token,True,0
S00207,U004,2025-02-13 12:05:00,2025-02-13 13:20:00,workstation,Germany,password+token,True,1
S00208,U004,2025-02-13 14:41:00,2025-02-13 16:31:00,laptop,India,password,True,0
S00209,U004,2025-02-14 10:03:00,2025-02-14 12:12:00,workstation,India,password,True,0
S00210,U005,2025-01-03 11:12:00,2025-01-03 13:39:00,laptop,India,password+token,True,4
S00211,U005,2025-01-03 14:33:00,2025-01-03 15:22:00,laptop,Germany,password,True,2
S00212,U005,2025-01-03 17:20:00,2025-01-03 19:03:00,laptop,Germany,password+token,True,0
S00213,U005,2025-01-07 10:20:00,2025-01-07 12:10:00,laptop,Germany,password+token,True,1
S00214,U005,2025-01-07 13:23:00,2025-01-07 15:47:00,laptop,Germany,password,True,1
S00215,U005,2025-01-08 13:29:00,2025-01-08 15:24:00,laptop,Germany,password,True,1
S00216,U005,2025-01-08 15:59:00,2025-01-08 17:59:00,laptop,India,password+token,False,0
S00217,U005,2025-01-08 19:39:00,2025-01-08 21:15:00,laptop,India,password,False,3
S00218,U005,2025-01-09 11:37:00,2025-01-09 12:13:00,laptop,India,password,False,0
S00219,U005,2025-01-10 11:17:00,2025-01-10 13:10:00,laptop,Singapore,password,True,1
S00220,U005,2025-01-10 14:34:00,2025-01-10 14:54:00,workstation,USA,password+token,False,1
S00221,U005,2025-01-15 09:15:00,2025-01-15 11:30:00,laptop,Germany,password,True,1
S00222,U005,2025-01-20 11:58:00,2025-01-20 13:22:00,laptop,India,password+token,True,3
S00223,U005,2025-01-20 13:51:00,2025-01-20 15:02:00,workstation,India,password+token,True,0
S00224,U005,2025-01-22 12:12:00,2025-01-22 13:53:00,laptop,India,password+token,False,3
S00225,U005,2025-01-23 11:12:00,2025-01-23 12:33:00,laptop,India,password,True,2
S00226,U005,2025-01-23 12:53:00,2025-01-23 15:03:00,laptop,Germany,password+token,True,2
S00227,U005,2025-01-23 15:33:00,2025-01-23 17:34:00,workstation,Singapore,password+token,True,0
S00228,U005,2025-01-24 10:20:00,2025-01-24 11:28:00,laptop,Germany,password,False,3
S00229,U005,2025-01-27 11:39:00,2025-01-27 13:35:00,vpn,USA,password+token,True,0
S00230,U005,2025-01-27 14:08:00,2025-01-27 15:42:00,laptop,India,password,False,1
S00231,U005,2025-01-27 16:27:00,2025-01-27 18:06:00,laptop,India,password,True,3
S00232,U005,2025-01-29 12:23:00,2025-01-29 14:29:00,workstation,Germany,password+token,False,1
S00233,U005,2025-01-31 12:04:00,2025-01-31 13:20:00,workstation,Germany,password+token,True,1
S00234,U005,2025-02-03 11:33:00,2025-02-03 13:35:00,laptop,USA,password,False,1
S00235,U005,2025-02-04 10:16:00,2025-02-04 11:47:00,laptop,India,password,False,1
S00236,U005,2025-02-04 12:32:00,2025-02-04 13:52:00,laptop,India,password+token,False,0
S00237,U005,2025-02-05 10:34:00,2025-02-05 12:19:00,workstation,Germany,password,True,0
S00238,U005,2025-02-05 13:15:00,2025-02-05 14:12:00,workstation,India,password,True,2
S00239,U005,2025-02-06 11:55:00,2025-02-06 12:15:00,laptop,India,password,False,0
S00240,U005,2025-02-06 12:40:00,2025-02-06 13:41:00,laptop,USA,password,False,0
S00241,U005,2025-02-10 11:31:00,2025-02-10 13:42:00,workstation,India,password+token,True,1
S00242,U005,2025-02-10 15:10:00,2025-02-10 15:44:00,laptop,USA,password+token,False,0
S00243,U005,2025-02-11 06:34:00,2025-02-11 07:48:00,workstation,Singapore,password,True,0
S00244,U005,2025-02-12 11:05:00,2025-02-12 11:55:00,laptop,USA,password,True,1
S00245,U005,2025-02-13 10:16:00,2025-02-13 11:00:00,workstation,India,password,False,0
S00246,U005,2025-02-14 11:45:00,2025-02-14 12:14:00,vpn,USA,password+token,False,0
S00247,U006,2025-01-01 06:33:00,2025-01-01 08:39:00,workstation,India,password,True,0
S00248,U006,2025-01-02 07:10:00,2025-01-02 09:18:00,vpn,India,password+token,False,3
S00249,U006,2025-01-02 10:36:00,2025-01-02 11:22:00,workstation,India,password+token,True,2
S00250,U006,2025-01-02 13:16:00,2025-01-02 13:58:00,workstation,India,password+token,True,0
S00251,U006,2025-01-03 06:02:00,2025-01-03 08:31:00,laptop,India,password,True,1
S00252,U006,2025-01-06 08:19:00,2025-01-06 08:54:00,laptop,India,password+token,False,1
S00253,U006,2025-01-08 10:14:00,2025-01-08 12:35:00,laptop,India,password+token,True,1
S00254,U006,2025-01-08 14:14:00,2025-01-08 16:35:00,laptop,India,password,False,0
S00255,U006,2025-01-08 18:29:00,2025-01-08 19:10:00,laptop,USA,password+token,True,0
S00256,U006,2025-01-10 07:24:00,2025-01-10 09:14:00,laptop,India,password+token,False,0
S00257,U006,2025-01-11 06:02:00,2025-01-11 06:49:00,laptop,India,password,True,1
S00258,U006,2025-01-13 06:52:00,2025-01-13 07:34:00,laptop,India,password,True,2
S00259,U006,2025-01-13 09:28:00,2025-01-13 11:12:00,laptop,India,password+token,True,2
S00260,U006,2025-01-13 12:08:00,2025-01-13 13:57:00,workstation,India,password,False,0
S00261,U006,2025-01-14 10:18:00,2025-01-14 11:47:00,laptop,India,password+token,True,0
S00262,U006,2025-01-14 13:28:00,2025-01-14 14:43:00,laptop,USA,password,True,1
S00263,U006,2025-01-15 06:49:00,2025-01-15 08:16:00,laptop,India,password,False,0
S00264,U006,2025-01-16 10:16:00,2025-01-16 11:08:00,laptop,India,password+token,False,0
S00265,U006,2025-01-17 06:57:00,2025-01-17 09:35:00,laptop,Singapore,password,False,0
S00266,U006,2025-01-20 06:01:00,2025-01-20 07:59:00,vpn,India,password+token,True,1
S00267,U006,2025-01-23 06:05:00,2025-01-23 06:25:00,laptop,India,password,True,3
S00268,U006,2025-01-23 07:13:00,2025-01-23 08:38:00,workstation,Singapore,password+token,True,0
S00269,U006,2025-01-24 06:02:00,2025-01-24 08:17:00,laptop,India,password+token,False,0
S00270,U006,2025-01-25 06:25:00,2025-01-25 08:33:00,laptop,Germany,password,True,1
S00271,U006,2025-01-26 07:56:00,2025-01-26 09:13:00,laptop,India,password,False,1
S00272,U006,2025-01-26 10:49:00,2025-01-26 11:46:00,workstation,India,password,True,1
S00273,U006,2025-01-28 08:48:00,2025-01-28 10:42:00,laptop,India,password+token,False,1
S00274,U006,2025-01-28 12:26:00,2025-01-28 13:07:00,laptop,India,password+token,True,1
S00275,U006,2025-01-29 06:06:00,2025-01-29 08:11:00,laptop,India,password+token,True,1
S00276,U006,2025-01-30 06:49:00,2025-01-30 08:40:00,laptop,India,password,True,0
S00277,U006,2025-01-30 09:34:00,2025-01-30 12:00:00,laptop,India,password,False,2
S00278,U006,2025-01-31 07:33:00,2025-01-31 10:05:00,workstation,India,password+token,False,1
S00279,U006,2025-02-01 06:16:00,2025-02-01 07:45:00,laptop,Germany,password+token,False,0
S00280,U006,2025-02-01 09:07:00,2025-02-01 10:35:00,laptop,USA,password,True,0
S00281,U006,2025-02-04 08:13:00,2025-02-04 09:45:00,laptop,India,password,False,0
S00282,U006,2025-02-05 07:19:00,2025-02-05 08:13:00,laptop,India,password+token,True,3
S00283,U006,2025-02-05 08:48:00,2025-02-05 09:30:00,workstation,USA,password,False,2
S00284,U006,2025-02-06 06:23:00,2025-02-06 07:27:00,laptop,India,password,True,1
S00285,U006,2025-02-06 08:45:00,2025-02-06 10:55:00,laptop,India,password+token,False,0
S00286,U006,2025-02-07 10:41:00,2025-02-07 11:59:00,laptop,India,password+token,False,1
S00287,U006,2025-02-10 07:35:00,2025-02-10 09:25:00,laptop,Singapore,password,False,1
S00288,U006,2025-02-10 11:02:00,2025-02-10 12:37:00,laptop,India,password,False,0
S00289,U006,2025-02-10 14:20:00,2025-02-10 16:49:00,laptop,India,password,True,1
S00290,U006,2025-02-11 06:39:00,2025-02-11 08:27:00,laptop,India,password+token,False,3
S00291,U006,2025-02-11 09:29:00,2025-02-11 10:47:00,vpn,India,password+token,True,1
S00292,U006,2025-02-11 11:24:00,2025-02-11 13:52:00,workstation,India,password+token,True,1
S00293,U006,2025-02-13 07:49:00,2025-02-13 09:23:00,workstation,India,password+token,True,0
S00294,U006,2025-02-14 06:56:00,2025-02-14 08:01:00,vpn,India,password+token,True,0
S00295,U007,2025-01-01 10:21:00,2025-01-01 12:00:00,workstation,India,password,True,0
S00296,U007,2025-01-02 08:06:00,2025-01-02 09:37:00,laptop,USA,password,True,0
S00297,U007,2025-01-02 11:20:00,2025-01-02 13:19:00,laptop,India,password+token,True,0
S00298,U007,2025-01-07 09:15:00,2025-01-07 12:26:00,laptop,Singapore,password+token,False,1
S00299,U007,2025-01-07 13:37:00,2025-01-07 16:40:00,vpn,India,password+token,True,0
S00300,U007,2025-01-07 18:19:00,2025-01-07 19:55:00,laptop,Singapore,password,True,1
S00301,U007,2025-01-08 10:32:00,2025-01-08 13:18:00,laptop,USA,password,True,0
S00302,U007,2025-01-09 08:49:00,2025-01-09 11:22:00,workstation,India,password,False,0
S00303,U007,2025-01-10 11:19:00,2025-01-10 14:46:00,laptop,India,password+token,True,0
S00304,U007,2025-01-13 07:11:00,2025-01-13 09:19:00,laptop,Germany,password+token,True,1
S00305,U007,2025-01-14 09:15:00,2025-01-14 10:16:00,laptop,Germany,password,True,0
S00306,U007,2025-01-15 10:25:00,2025-01-15 12:49:00,workstation,Germany,password,True,0
S00307,U007,2025-01-16 06:22:00,2025-01-16 09:13:00,laptop,Germany,password+token,False,2
S00308,U007,2025-01-17 11:21:00,2025-01-17 14:10:00,workstation,India,password+token,True,0
S00309,U007,2025-01-20 10:07:00,2025-01-20 12:55:00,laptop,Singapore,password+token,False,0
S00310,U007,2025-01-20 13:24:00,2025-01-20 15:42:00,workstation,Germany,password,True,1
S00311,U007,2025-01-21 12:08:00,2025-01-21 13:28:00,vpn,India,password+token,False,0
S00312,U007,2025-01-21 14:41:00,2025-01-21 17:33:00,laptop,Germany,password+token,False,0
S00313,U007,2025-01-21 18:02:00,2025-01-21 19:29:00,laptop,USA,password+token,False,0
S00314,U007,2025-01-22 08:56:00,2025-01-22 11:18:00,vpn,India,password+token,True,0
S00315,U007,2025-01-23 09:09:00,2025-01-23 11:20:00,workstation,Singapore,password+token,True,0
S00316,U007,2025-01-23 12:44:00,2025-01-23 14:31:00,laptop,India,password,True,0
S00317,U007,2025-01-24 06:25:00,2025-01-24 08:57:00,laptop,Singapore,password+token,False,1
S00318,U007,2025-01-24 10:56:00,2025-01-24 13:14:00,laptop,India,password,True,1
S00319,U007,2025-01-24 15:07:00,2025-01-24 18:26:00,laptop,USA,password+token,False,0
S00320,U007,2025-01-27 08:41:00,2025-01-27 12:23:00,vpn,Singapore,password+token,True,0
S00321,U007,2025-01-28 08:53:00,2025-01-28 10:51:00,laptop,Singapore,password,True,1
S00322,U007,2025-01-29 06:33:00,2025-01-29 08:34:00,laptop,USA,password+token,True,0
S00323,U007,2025-01-29 10:01:00,2025-01-29 12:20:00,laptop,India,password+token,True,0
S00324,U007,2025-01-31 12:43:00,2025-01-31 15:00:00,vpn,USA,password+token,True,0
S00325,U007,2025-01-31 16:12:00,2025-01-31 18:08:00,workstation,Germany,password,True,2
S00326,U007,2025-01-31 19:01:00,2025-01-31 20:01:00,laptop,India,password+token,True,0
S00327,U007,2025-02-03 06:56:00,2025-02-03 09:01:00,laptop,USA,password,True,0
S00328,U007,2025-02-04 11:56:00,2025-02-04 14:46:00,vpn,USA,password+token,True,0
S00329,U007,2025-02-06 10:40:00,2025-02-06 14:02:00,laptop,India,password+token,True,1
S00330,U007,2025-02-07 09:55:00,2025-02-07 12:33:00,workstation,Singapore,password,True,0
S00331,U007,2025-02-07 13:21:00,2025-02-07 15:52:00,vpn,Germany,password+token,True,1
S00332,U007,2025-02-10 13:11:00,2025-02-10 16:01:00,laptop,India,password,True,1
S00333,U007,2025-02-10 17:04:00,2025-02-10 19:45:00,laptop,India,password,False,0
S00334,U007,2025-02-10 20:09:00,2025-02-10 22:42:00,vpn,India,password+token,True,0
S00335,U007,2025-02-11 09:06:00,2025-02-11 11:13:00,laptop,Singapore,password,True,0
S00336,U007,2025-02-13 09:05:00,2025-02-13 11:11:00,workstation,Singapore,password,True,2
S00337,U007,2025-02-13 11:47:00,2025-02-13 15:28:00,laptop,India,password,False,0
S00338,U007,2025-02-13 17:26:00,2025-02-13 19:19:00,laptop,USA,password+token,False,1
S00339,U007,2025-02-14 09:56:00,2025-02-14 12:42:00,laptop,India,password+token,False,3
S00340,U007,2025-02-15 12:34:00,2025-02-15 13:39:00,workstation,Germany,password,True,0
S00341,U007,2025-02-15 15:08:00,2025-02-15 16:26:00,laptop,India,password+token,False,1
S00342,U008,2025-01-04 07:37:00,2025-01-04 08:59:00,vpn,India,password+token,True,1
S00343,U008,2025-01-04 09:59:00,2025-01-04 11:38:00,workstation,India,password,True,0
S00344,U008,2025-01-04 12:12:00,2025-01-04 13:42:00,workstation,India,password,True,2
S00345,U008,2025-01-06 08:01:00,2025-01-06 09:55:00,vpn,Germany,password+token,True,0
S00346,U008,2025-01-07 09:09:00,2025-01-07 10:33:00,vpn,Singapore,password+token,True,3
S00347,U008,2025-01-07 11:07:00,2025-01-07 12:31:00,workstation,India,password,True,2
S00348,U008,2025-01-07 13:11:00,2025-01-07 14:36:00,laptop,India,password,True,3
S00349,U008,2025-01-08 09:47:00,2025-01-08 11:31:00,laptop,India,password,False,1
S00350,U008,2025-01-08 12:17:00,2025-01-08 14:16:00,laptop,India,password,True,1
S00351,U008,2025-01-10 10:19:00,2025-01-10 11:12:00,workstation,India,password,True,1
S00352,U008,2025-01-10 11:47:00,2025-01-10 14:08:00,laptop,India,password,False,1
S00353,U008,2025-01-10 15:08:00,2025-01-10 17:11:00,laptop,USA,password,True,1
S00354,U008,2025-01-14 08:53:00,2025-01-14 11:34:00,laptop,India,password,False,2
S00355,U008,2025-01-15 06:35:00,2025-01-15 08:03:00,laptop,India,password+token,True,4
S00356,U008,2025-01-16 08:36:00,2025-01-16 09:58:00,laptop,India,password,True,2
S00357,U008,2025-01-17 06:13:00,2025-01-17 07:21:00,laptop,India,password,False,3
S00358,U008,2025-01-17 08:38:00,2025-01-17 09:53:00,laptop,India,password+token,False,0
S00359,U008,2025-01-18 09:25:00,2025-01-18 11:04:00,laptop,Singapore,password+token,True,0
S00360,U008,2025-01-18 12:59:00,2025-01-18 14:30:00,workstation,India,password,True,0
S00361,U008,2025-01-20 07:57:00,2025-01-20 08:59:00,laptop,India,password,True,0
S00362,U008,2025-01-20 09:23:00,2025-01-20 10:09:00,laptop,India,password+token,False,0
S00363,U008,2025-01-20 10:44:00,2025-01-20 12:11:00,laptop,India,password,True,2
S00364,U008,2025-01-21 06:37:00,2025-01-21 07:09:00,laptop,India,password,True,1
S00365,U008,2025-01-22 09:20:00,2025-01-22 11:26:00,laptop,Germany,password+token,True,1
S00366,U008,2025-01-22 12:04:00,2025-01-22 14:17:00,workstation,India,password+token,False,0
S00367,U008,2025-01-22 15:56:00,2025-01-22 17:39:00,laptop,India,password,True,2
S00368,U008,2025-01-23 08:02:00,2025-01-23 09:53:00,laptop,India,password,False,0
S00369,U008,2025-01-24 09:16:00,2025-01-24 10:33:00,laptop,Singapore,password,True,1
S00370,U008,2025-01-26 08:34:00,2025-01-26 10:02:00,vpn,India,password+token,False,1
S00371,U008,2025-01-28 08:18:00,2025-01-28 09:25:00,laptop,India,password,False,2
S00372,U008,2025-01-28 11:08:00,2025-01-28 13:08:00,workstation,India,password,True,1
S00373,U008,2025-01-29 08:58:00,2025-01-29 10:28:00,laptop,India,password+token,True,1
S00374,U008,2025-01-30 08:32:00,2025-01-30 09:54:00,workstation,India,password,True,2
S00375,U008,2025-01-31 09:36:00,2025-01-31 12:18:00,laptop,India,password,True,1
S00376,U008,2025-01-31 14:17:00,2025-01-31 14:39:00,workstation,India,password+token,True,1
S00377,U008,2025-02-04 08:30:00,2025-02-04 10:15:00,laptop,India,password,False,1
S00378,U008,2025-02-04 10:43:00,2025-02-04 12:33:00,laptop,India,password,True,0
S00379,U008,2025-02-04 13:18:00,2025-02-04 15:34:00,laptop,India,password,True,2
S00380,U008,2025-02-06 07:38:00,2025-02-06 09:18:00,laptop,India,password,True,1
S00381,U008,2025-02-08 09:50:00,2025-02-08 11:08:00,workstation,India,password,True,0
S00382,U008,2025-02-10 08:41:00,2025-02-10 10:30:00,laptop,India,password,True,2
S00383,U008,2025-02-11 08:39:00,2025-02-11 09:39:00,laptop,Singapore,password+token,True,2
S00384,U008,2025-02-12 10:47:00,2025-02-12 12:28:00,workstation,India,password,True,0
S00385,U008,2025-02-12 14:12:00,2025-02-12 15:41:00,laptop,Germany,password,False,0
S00386,U009,2025-01-01 07:44:00,2025-01-01 10:00:00,laptop,Singapore,password,False,0
S00387,U009,2025-01-01 11:30:00,2025-01-01 12:57:00,laptop,India,password+token,True,1
S00388,U009,2025-01-01 14:52:00,2025-01-01 16:41:00,workstation,India,password,True,1
S00389,U009,2025-01-02 07:46:00,2025-01-02 09:32:00,laptop,Germany,password,True,0
S00390,U009,2025-01-02 10:21:00,2025-01-02 12:08:00,workstation,Singapore,password+token,True,1
S00391,U009,2025-01-04 08:38:00,2025-01-04 09:28:00,laptop,USA,password,True,0
S00392,U009,2025-01-06 07:08:00,2025-01-06 09:30:00,workstation,USA,password+token,True,0
S00393,U009,2025-01-07 08:38:00,2025-01-07 10:34:00,workstation,Germany,password+token,True,0
S00394,U009,2025-01-07 11:57:00,2025-01-07 13:38:00,laptop,USA,password+token,True,0
S00395,U009,2025-01-07 15:16:00,2025-01-07 16:53:00,workstation,USA,password+token,True,0
S00396,U009,2025-01-08 06:25:00,2025-01-08 08:41:00,laptop,Germany,password+token,True,3
S00397,U009,2025-01-09 06:33:00,2025-01-09 08:15:00,workstation,Singapore,password,True,1
S00398,U009,2025-01-10 07:16:00,2025-01-10 08:40:00,laptop,India,password+token,False,0
S00399,U009,2025-01-13 07:39:00,2025-01-13 09:00:00,vpn,India,password+token,True,1
S00400,U009,2025-01-13 09:40:00,2025-01-13 11:10:00,laptop,USA,password,True,3
S00401,U009,2025-01-13 12:57:00,2025-01-13 15:16:00,laptop,Singapore,password+token,False,0
S00402,U009,2025-01-14 07:12:00,2025-01-14 09:30:00,laptop,Singapore,password+token,True,0
S00403,U009,2025-01-15 06:08:00,2025-01-15 08:01:00,laptop,India,password,True,0
S00404,U009,2025-01-15 09:53:00,2025-01-15 12:41:00,laptop,Germany,password,False,0
S00405,U009,2025-01-15 14:29:00,2025-01-15 16:26:00,laptop,Singapore,password+token,True,0
S00406,U009,2025-01-17 06:12:00,2025-01-17 08:23:00,workstation,Germany,password,True,0
S00407,U009,2025-01-17 09:22:00,2025-01-17 12:18:00,laptop,India,password,True,1
S00408,U009,2025-01-17 13:42:00,2025-01-17 15:51:00,laptop,Germany,password,True,0
S00409,U009,2025-01-20 06:51:00,2025-01-20 08:54:00,laptop,USA,password+token,True,1
S00410,U009,2025-01-20 09:23:00,2025-01-20 10:52:00,laptop,USA,password,True,0
S00411,U009,2025-01-20 11:45:00,2025-01-20 14:04:00,laptop,India,password+token,True,1
S00412,U009,2025-01-21 08:12:00,2025-01-21 11:01:00,laptop,Singapore,password,True,0
S00413,U009,2025-01-22 07:58:00,2025-01-22 09:27:00,laptop,Germany,password,True,0
S00414,U009,2025-01-23 06:08:00,2025-01-23 08:38:00,laptop,India,password,True,0
S00415,U009,2025-01-24 06:18:00,2025-01-24 07:29:00,workstation,Singapore,password+token,True,1
S00416,U009,2025-01-25 06:56:00,2025-01-25 08:21:00,laptop,Singapore,password,True,2
S00417,U009,2025-01-25 09:40:00,2025-01-25 12:05:00,laptop,Singapore,password,True,1
S00418,U009,2025-01-26 07:28:00,2025-01-26 09:52:00,laptop,USA,password+token,True,1
S00419,U009,2025-01-26 10:50:00,2025-01-26 12:40:00,workstation,Singapore,password+token,True,0
S00420,U009,2025-01-27 06:04:00,2025-01-27 07:00:00,laptop,USA,password,True,0
S00421,U009,2025-01-28 06:04:00,2025-01-28 07:13:00,laptop,Singapore,password,False,3
S00422,U009,2025-01-28 08:38:00,2025-01-28 10:06:00,laptop,Singapore,password,True,0
S00423,U009,2025-01-29 07:29:00,2025-01-29 09:37:00,laptop,Singapore,password+token,False,0
S00424,U009,2025-01-30 07:06:00,2025-01-30 07:55:00,laptop,Singapore,password,True,1
S00425,U009,2025-02-02 07:40:00,2025-02-02 09:06:00,laptop,USA,password,False,1
S00426,U009,2025-02-03 07:17:00,2025-02-03 08:31:00,laptop,India,password+token,False,0
S00427,U009,2025-02-04 06:07:00,2025-02-04 07:39:00,workstation,Singapore,password,True,0
S00428,U009,2025-02-05 07:23:00,2025-02-05 09:04:00,laptop,India,password+token,False,1
S00429,U009,2025-02-05 10:25:00,2025-02-05 12:24:00,workstation,India,password,True,2
S00430,U009,2025-02-05 13:59:00,2025-02-05 14:55:00,laptop,India,password+token,True,0
S00431,U009,2025-02-06 06:21:00,2025-02-06 08:35:00,laptop,USA,password,True,0
S00432,U009,2025-02-06 09:48:00,2025-02-06 11:20:00,laptop,Germany,password,True,2
S00433,U009,2025-02-06 12:55:00,2025-02-06 14:18:00,laptop,India,password+token,True,1
S00434,U009,2025-02-07 07:03:00,2025-02-07 08:31:00,laptop,USA,password,False,0
S00435,U009,2025-02-07 09:53:00,2025-02-07 12:05:00,laptop,Singapore,password,False,0
S00436,U009,2025-02-08 06:49:00,2025-02-08 07:09:00,laptop,India,password,True,1
S00437,U009,2025-02-08 08:02:00,2025-02-08 09:56:00,laptop,Singapore,password,False,0
S00438,U009,2025-02-11 06:01:00,2025-02-11 06:35:00,laptop,Singapore,password+token,True,0
S00439,U009,2025-02-12 07:48:00,2025-02-12 09:18:00,laptop,Singapore,password+token,True,0
S00440,U009,2025-02-13 06:38:00,2025-02-13 08:02:00,laptop,USA,password,True,0
S00441,U010,2025-01-01 07:41:00,2025-01-01 09:42:00,laptop,Germany,password+token,False,0
S00442,U010,2025-01-02 08:14:00,2025-01-02 09:30:00,laptop,Germany,password,True,1
S00443,U010,2025-01-03 06:12:00,2025-01-03 07:56:00,laptop,Singapore,password+token,True,0
S00444,U010,2025-01-03 09:50:00,2025-01-03 10:36:00,vpn,India,password+token,False,2
S00445,U010,2025-01-05 06:46:00,2025-01-05 08:31:00,laptop,India,password+token,True,0
S00446,U010,2025-01-06 09:51:00,2025-01-06 11:56:00,laptop,Singapore,password,False,0
S00447,U010,2025-01-07 06:09:00,2025-01-07 08:32:00,workstation,Germany,password,False,1
S00448,U010,2025-01-08 06:14:00,2025-01-08 08:13:00,laptop,USA,password,True,1
S00449,U010,2025-01-09 06:46:00,2025-01-09 07:20:00,laptop,Singapore,password,False,3
S00450,U010,2025-01-10 07:41:00,2025-01-10 08:25:00,laptop,India,password+token,True,2
S00451,U010,2025-01-10 09:04:00,2025-01-10 11:07:00,laptop,USA,password,False,0
S00452,U010,2025-01-11 06:26:00,2025-01-11 08:22:00,laptop,India,password+token,False,1
S00453,U010,2025-01-13 08:47:00,2025-01-13 11:08:00,laptop,India,password+token,False,1
S00454,U010,2025-01-13 11:55:00,2025-01-13 14:52:00,laptop,USA,password,True,1
S00455,U010,2025-01-14 06:18:00,2025-01-14 08:41:00,workstation,USA,password+token,True,1
S00456,U010,2025-01-15 07:45:00,2025-01-15 08:47:00,laptop,India,password+token,True,0
S00457,U010,2025-01-16 06:54:00,2025-01-16 09:49:00,workstation,India,password,True,1
S00458,U010,2025-01-17 06:14:00,2025-01-17 08:05:00,laptop,USA,password,True,0
S00459,U010,2025-01-19 07:03:00,2025-01-19 08:30:00,laptop,Singapore,password,False,0
S00460,U010,2025-01-20 07:02:00,2025-01-20 07:55:00,laptop,Singapore,password,True,0
S00461,U010,2025-01-21 06:12:00,2025-01-21 08:07:00,workstation,India,password+token,False,4
S00462,U010,2025-01-21 08:44:00,2025-01-21 10:48:00,vpn,USA,password+token,True,1
S00463,U010,2025-01-22 07:32:00,2025-01-22 09:07:00,laptop,Germany,password,True,0
S00464,U010,2025-01-23 08:32:00,2025-01-23 10:39:00,laptop,Singapore,password,True,0
S00465,U010,2025-01-24 06:32:00,2025-01-24 08:53:00,workstation,Singapore,password,True,0
S00466,U010,2025-01-27 06:23:00,2025-01-27 08:07:00,laptop,India,password+token,True,1
S00467,U010,2025-01-29 09:32:00,2025-01-29 11:33:00,laptop,Germany,password,True,0
S00468,U010,2025-01-30 07:07:00,2025-01-30 09:14:00,vpn,India,password+token,True,0
S00469,U010,2025-01-30 10:26:00,2025-01-30 11:40:00,workstation,Singapore,password,False,0
S00470,U010,2025-01-31 06:40:00,2025-01-31 08:02:00,laptop,Singapore,password+token,False,1
S00471,U010,2025-01-31 08:37:00,2025-01-31 10:37:00,laptop,India,password,True,1
S00472,U010,2025-02-03 06:30:00,2025-02-03 09:22:00,workstation,USA,password,True,1
S00473,U010,2025-02-05 08:28:00,2025-02-05 10:45:00,workstation,USA,password,True,1
S00474,U010,2025-02-05 12:39:00,2025-02-05 14:50:00,laptop,Germany,password,True,2
S00475,U010,2025-02-05 16:44:00,2025-02-05 18:36:00,vpn,India,password+token,False,0
S00476,U010,2025-02-07 06:28:00,2025-02-07 09:07:00,laptop,Singapore,password,True,1
S00477,U010,2025-02-10 07:50:00,2025-02-10 09:34:00,laptop,Germany,password,True,0
S00478,U010,2025-02-11 06:21:00,2025-02-11 08:14:00,laptop,USA,password+token,False,1
S00479,U010,2025-02-12 06:04:00,2025-02-12 08:17:00,laptop,India,password+token,True,1
S00480,U010,2025-02-12 08:49:00,2025-02-12 10:43:00,laptop,Germany,password+token,True,1
S00481,U010,2025-02-13 06:40:00,2025-02-13 07:39:00,workstation,India,password,True,0
S00482,U010,2025-02-14 06:31:00,2025-02-14 08:31:00,workstation,Singapore,password,True,0
S00483,U011,2025-01-01 09:46:00,2025-01-01 12:59:00,workstation,India,password,True,0
S00484,U011,2025-01-03 06:41:00,2025-01-03 08:40:00,laptop,India,password,True,0
S00485,U011,2025-01-03 09:43:00,2025-01-03 10:28:00,vpn,India,password+token,True,2
S00486,U011,2025-01-06 09:25:00,2025-01-06 10:54:00,laptop,India,password,True,1
S00487,U011,2025-01-07 06:41:00,2025-01-07 09:20:00,laptop,India,password,False,0
S00488,U011,2025-01-07 09:40:00,2025-01-07 11:53:00,laptop,India,password,True,1
S00489,U011,2025-01-07 12:48:00,2025-01-07 14:16:00,laptop,India,password,False,0
S00490,U011,2025-01-08 07:53:00,2025-01-08 09:39:00,vpn,India,password+token,False,0
S00491,U011,2025-01-09 08:15:00,2025-01-09 10:41:00,laptop,India,password,True,0
S00492,U011,2025-01-10 07:48:00,2025-01-10 10:14:00,laptop,India,password+token,True,0
S00493,U011,2025-01-10 11:08:00,2025-01-10 13:19:00,vpn,India,password+token,True,2
S00494,U011,2025-01-10 13:49:00,2025-01-10 15:57:00,laptop,India,password+token,True,1
S00495,U011,2025-01-13 08:02:00,2025-01-13 10:17:00,laptop,India,password+token,False,0
S00496,U011,2025-01-13 11:39:00,2025-01-13 13:22:00,laptop,India,password,False,1
S00497,U011,2025-01-16 06:56:00,2025-01-16 09:00:00,laptop,India,password,True,1
S00498,U011,2025-01-16 09:35:00,2025-01-16 10:53:00,workstation,India,password+token,True,1
S00499,U011,2025-01-17 06:08:00,2025-01-17 07:46:00,laptop,USA,password,True,0
S00500,U011,2025-01-20 07:25:00,2025-01-20 09:18:00,workstation,India,password,False,1
S00501,U011,2025-01-20 10:50:00,2025-01-20 12:22:00,laptop,India,password+token,True,0
S00502,U011,2025-01-21 07:04:00,2025-01-21 09:06:00,laptop,India,password+token,True,0
S00503,U011,2025-01-21 09:30:00,2025-01-21 10:36:00,workstation,India,password+token,False,0
S00504,U011,2025-01-23 06:40:00,2025-01-23 09:08:00,laptop,Germany,password+token,True,0
S00505,U011,2025-01-23 10:50:00,2025-01-23 12:22:00,laptop,India,password,True,0
S00506,U011,2025-01-23 14:01:00,2025-01-23 15:44:00,laptop,India,password+token,True,0
S00507,U011,2025-01-27 09:18:00,2025-01-27 10:37:00,laptop,India,password+token,True,0
S00508,U011,2025-01-27 11:48:00,2025-01-27 13:12:00,laptop,India,password+token,False,1
S00509,U011,2025-01-27 14:27:00,2025-01-27 16:02:00,laptop,India,password+token,False,2
S00510,U011,2025-01-28 09:55:00,2025-01-28 12:09:00,laptop,India,password+token,True,1
S00511,U011,2025-01-28 13:41:00,2025-01-28 15:04:00,laptop,India,password+token,False,1
S00512,U011,2025-01-30 07:59:00,2025-01-30 09:19:00,workstation,India,password,False,0
S00513,U011,2025-01-30 10:16:00,2025-01-30 12:06:00,laptop,India,password,True,0
S00514,U011,2025-01-31 08:23:00,2025-01-31 11:07:00,laptop,India,password,False,0
S00515,U011,2025-01-31 12:11:00,2025-01-31 14:38:00,workstation,India,password+token,True,0
S00516,U011,2025-02-03 06:23:00,2025-02-03 07:32:00,workstation,India,password+token,True,0
S00517,U011,2025-02-04 06:41:00,2025-02-04 09:06:00,laptop,India,password,False,0
S00518,U011,2025-02-05 06:45:00,2025-02-05 08:21:00,laptop,India,password+token,False,0
S00519,U011,2025-02-07 06:00:00,2025-02-07 07:46:00,workstation,India,password,True,1
S00520,U011,2025-02-10 06:12:00,2025-02-10 08:13:00,laptop,India,password,True,1
S00521,U011,2025-02-11 06:50:00,2025-02-11 08:54:00,laptop,Singapore,password,False,1
S00522,U011,2025-02-11 10:47:00,2025-02-11 12:28:00,laptop,India,password,True,2
S00523,U011,2025-02-11 14:13:00,2025-02-11 15:57:00,laptop,India,password+token,True,1
S00524,U012,2025-01-01 09:00:00,2025-01-01 09:51:00,vpn,India,password+token,False,0
S00525,U012,2025-01-02 12:04:00,2025-01-02 13:37:00,laptop,India,password,False,1
S00526,U012,2025-01-02 15:09:00,2025-01-02 15:29:00,laptop,India,password,True,0
S00527,U012,2025-01-03 10:23:00,2025-01-03 12:23:00,laptop,India,password,False,0
S00528,U012,2025-01-03 12:57:00,2025-01-03 15:05:00,workstation,Singapore,password,False,2
S00529,U012,2025-01-07 09:02:00,2025-01-07 09:47:00,laptop,India,password,True,1
S00530,U012,2025-01-08 09:37:00,2025-01-08 12:00:00,laptop,India,password,True,1
S00531,U012,2025-01-08 12:34:00,2025-01-08 13:21:00,laptop,USA,password,False,0
S00532,U012,2025-01-10 09:27:00,2025-01-10 11:28:00,laptop,Singapore,password,True,1
S00533,U012,2025-01-10 12:22:00,2025-01-10 13:52:00,laptop,Singapore,password,True,0
S00534,U012,2025-01-13 10:50:00,2025-01-13 11:59:00,laptop,Singapore,password,False,2
S00535,U012,2025-01-17 09:17:00,2025-01-17 10:39:00,workstation,USA,password,True,1
S00536,U012,2025-01-20 10:39:00,2025-01-20 11:27:00,laptop,India,password+token,False,3
S00537,U012,2025-01-21 12:33:00,2025-01-21 13:42:00,workstation,USA,password,False,0
S00538,U012,2025-01-22 09:07:00,2025-01-22 09:31:00,laptop,USA,password,True,0
S00539,U012,2025-01-22 11:06:00,2025-01-22 11:45:00,laptop,India,password,False,1
S00540,U012,2025-01-22 13:38:00,2025-01-22 14:33:00,laptop,India,password,True,0
S00541,U012,2025-01-23 11:08:00,2025-01-23 12:56:00,laptop,India,password,True,0
S00542,U012,2025-01-23 13:20:00,2025-01-23 14:22:00,laptop,India,password,True,0
S00543,U012,2025-01-24 12:53:00,2025-01-24 14:41:00,laptop,India,password,True,1
S00544,U012,2025-01-27 12:44:00,2025-01-27 13:22:00,laptop,India,password+token,True,0
S00545,U012,2025-01-27 14:11:00,2025-01-27 14:51:00,laptop,India,password,True,2
S00546,U012,2025-01-28 11:36:00,2025-01-28 13:07:00,workstation,Singapore,password+token,True,1
S00547,U012,2025-01-28 14:53:00,2025-01-28 17:01:00,vpn,USA,password+token,True,2
S00548,U012,2025-02-03 08:03:00,2025-02-03 08:43:00,laptop,USA,password,False,1
S00549,U012,2025-02-04 12:47:00,2025-02-04 15:37:00,vpn,Germany,password+token,False,1
S00550,U012,2025-02-05 12:30:00,2025-02-05 15:48:00,laptop,USA,password+token,True,0
S00551,U012,2025-02-05 17:45:00,2025-02-05 19:02:00,laptop,Germany,password,False,1
S00552,U012,2025-02-06 10:32:00,2025-02-06 12:10:00,laptop,India,password+token,False,2
S00553,U012,2025-02-06 13:22:00,2025-02-06 16:00:00,laptop,India,password,True,0
S00554,U012,2025-02-07 08:42:00,2025-02-07 11:25:00,laptop,Germany,password+token,True,1
S00555,U012,2025-02-07 13:11:00,2025-02-07 13:42:00,laptop,India,password,True,2
S00556,U012,2025-02-09 10:18:00,2025-02-09 12:10:00,laptop,USA,password,True,0
S00557,U012,2025-02-11 12:19:00,2025-02-11 12:47:00,laptop,Singapore,password,True,1
S00558,U012,2025-02-11 14:46:00,2025-02-11 15:06:00,vpn,Germany,password+token,True,3
S00559,U012,2025-02-12 08:53:00,2025-02-12 10:34:00,laptop,India,password+token,False,2
S00560,U012,2025-02-13 09:12:00,2025-02-13 10:27:00,laptop,India,password+token,False,0
S00561,U012,2025-02-14 10:38:00,2025-02-14 11:39:00,workstation,India,password+token,False,1
S00562,U012,2025-02-14 12:17:00,2025-02-14 12:37:00,laptop,Singapore,password+token,False,2
S00563,U012,2025-02-14 13:13:00,2025-02-14 15:54:00,laptop,Germany,password,False,0
S00564,U013,2025-01-01 08:40:00,2025-01-01 11:20:00,laptop,India,password+token,True,0
S00565,U013,2025-01-02 11:13:00,2025-01-02 12:59:00,laptop,India,password,True,1
S00566,U013,2025-01-03 11:47:00,2025-01-03 13:52:00,vpn,India,password+token,True,2
S00567,U013,2025-01-06 14:51:00,2025-01-06 16:18:00,laptop,Singapore,password,True,0
S00568,U013,2025-01-09 07:34:00,2025-01-09 09:36:00,vpn,USA,password+token,False,0
S00569,U013,2025-01-12 06:31:00,2025-01-12 08:09:00,laptop,Germany,password,False,1
S00570,U013,2025-01-12 09:59:00,2025-01-12 11:18:00,workstation,India,password,True,1
S00571,U013,2025-01-12 12:57:00,2025-01-12 14:36:00,laptop,India,password+token,False,0
S00572,U013,2025-01-13 10:15:00,2025-01-13 12:07:00,workstation,Germany,password+token,False,0
S00573,U013,2025-01-13 12:59:00,2025-01-13 14:47:00,laptop,Singapore,password,False,0
S00574,U013,2025-01-13 15:28:00,2025-01-13 16:27:00,workstation,India,password,True,1
S00575,U013,2025-01-14 08:26:00,2025-01-14 10:50:00,laptop,Singapore,password,True,0
S00576,U013,2025-01-16 12:58:00,2025-01-16 14:47:00,laptop,Singapore,password,True,1
S00577,U013,2025-01-16 15:28:00,2025-01-16 17:29:00,laptop,India,password,True,1
S00578,U013,2025-01-20 10:07:00,2025-01-20 13:05:00,laptop,India,password,False,1
S00579,U013,2025-01-21 14:56:00,2025-01-21 16:31:00,laptop,Germany,password,True,0
S00580,U013,2025-01-21 18:24:00,2025-01-21 19:40:00,laptop,Germany,password+token,True,0
S00581,U013,2025-01-21 20:05:00,2025-01-21 22:23:00,laptop,Singapore,password+token,True,1
S00582,U013,2025-01-24 13:44:00,2025-01-24 16:02:00,laptop,India,password+token,True,1
S00583,U013,2025-01-27 09:15:00,2025-01-27 10:53:00,workstation,Germany,password,True,0
S00584,U013,2025-01-29 07:07:00,2025-01-29 09:24:00,laptop,India,password+token,True,0
S00585,U013,2025-01-29 11:10:00,2025-01-29 12:56:00,workstation,India,password+token,True,1
S00586,U013,2025-01-29 14:37:00,2025-01-29 15:47:00,laptop,Singapore,password,True,1
S00587,U013,2025-01-30 09:51:00,2025-01-30 11:56:00,laptop,USA,password+token,True,2
S00588,U013,2025-02-03 06:28:00,2025-02-03 07:13:00,laptop,India,password,True,0
S00589,U013,2025-02-03 07:37:00,2025-02-03 10:03:00,laptop,Germany,password,True,0
S00590,U013,2025-02-04 11:01:00,2025-02-04 12:37:00,laptop,India,password,False,0
S00591,U013,2025-02-04 14:04:00,2025-02-04 15:15:00,workstation,India,password,True,1
S00592,U013,2025-02-04 16:50:00,2025-02-04 19:14:00,laptop,Germany,password+token,True,1
S00593,U013,2025-02-07 10:12:00,2025-02-07 11:17:00,laptop,Singapore,password+token,False,1
S00594,U013,2025-02-07 12:43:00,2025-02-07 14:58:00,laptop,India,password,True,0
S00595,U013,2025-02-10 10:52:00,2025-02-10 12:45:00,laptop,India,password,True,1
S00596,U013,2025-02-10 14:30:00,2025-02-10 16:13:00,laptop,India,password,False,0
S00597,U013,2025-02-10 16:36:00,2025-02-10 16:56:00,laptop,India,password,False,1
S00598,U013,2025-02-11 15:35:00,2025-02-11 16:49:00,laptop,Germany,password+token,True,3
S00599,U013,2025-02-11 18:06:00,2025-02-11 18:50:00,laptop,Germany,password+token,True,2
S00600,U013,2025-02-14 08:11:00,2025-02-14 09:56:00,laptop,Germany,password,True,0
S00601,U014,2025-01-01 09:12:00,2025-01-01 10:32:00,vpn,India,password+token,True,0
S00602,U014,2025-01-01 12:04:00,2025-01-01 14:24:00,laptop,Germany,password,True,1
S00603,U014,2025-01-02 08:35:00,2025-01-02 10:16:00,laptop,Germany,password,True,0
S00604,U014,2025-01-02 11:20:00,2025-01-02 13:41:00,workstation,Singapore,password,True,0
S00605,U014,2025-01-03 08:34:00,2025-01-03 10:50:00,laptop,Singapore,password,False,2
S00606,U014,2025-01-03 12:42:00,2025-01-03 13:52:00,workstation,USA,password,False,1
S00607,U014,2025-01-05 06:15:00,2025-01-05 07:27:00,vpn,India,password+token,False,0
S00608,U014,2025-01-06 08:06:00,2025-01-06 10:04:00,vpn,Singapore,password+token,True,0
S00609,U014,2025-01-06 10:29:00,2025-01-06 11:33:00,laptop,India,password,True,0
S00610,U014,2025-01-07 07:33:00,2025-01-07 09:24:00,laptop,India,password,True,0
S00611,U014,2025-01-07 10:41:00,2025-01-07 12:56:00,laptop,USA,password,False,0
S00612,U014,2025-01-10 06:07:00,2025-01-10 07:51:00,workstation,Germany,password+token,True,0
S00613,U014,2025-01-13 07:22:00,2025-01-13 09:26:00,laptop,Singapore,password+token,True,0
S00614,U014,2025-01-13 10:13:00,2025-01-13 11:57:00,laptop,Germany,password,True,2
S00615,U014,2025-01-15 09:52:00,2025-01-15 11:29:00,laptop,Singapore,password+token,True,0
S00616,U014,2025-01-15 13:15:00,2025-01-15 14:53:00,vpn,Germany,password+token,True,0
S00617,U014,2025-01-16 10:16:00,2025-01-16 12:39:00,laptop,India,password,True,0
S00618,U014,2025-01-18 08:53:00,2025-01-18 10:44:00,workstation,Singapore,password,True,0
S00619,U014,2025-01-18 12:30:00,2025-01-18 13:14:00,vpn,Germany,password+token,False,1
S00620,U014,2025-01-18 14:34:00,2025-01-18 16:20:00,laptop,India,password+token,False,2
S00621,U014,2025-01-20 08:18:00,2025-01-20 09:27:00,laptop,India,password+token,True,1
S00622,U014,2025-01-23 07:26:00,2025-01-23 09:14:00,workstation,USA,password,True,0
S00623,U014,2025-01-24 07:43:00,2025-01-24 09:17:00,workstation,India,password,False,2
S00624,U014,2025-01-26 07:18:00,2025-01-26 09:02:00,vpn,Singapore,password+token,True,2
S00625,U014,2025-01-27 09:55:00,2025-01-27 13:05:00,laptop,India,password,True,1
S00626,U014,2025-01-28 09:26:00,2025-01-28 11:17:00,laptop,USA,password,True,0
S00627,U014,2025-01-28 11:53:00,2025-01-28 13:45:00,laptop,USA,password,True,0
S00628,U014,2025-01-29 06:50:00,2025-01-29 08:27:00,laptop,India,password,True,0
S00629,U014,2025-01-29 09:50:00,2025-01-29 11:47:00,laptop,Singapore,password,False,2
S00630,U014,2025-01-30 07:40:00,2025-01-30 09:13:00,laptop,Singapore,password+token,False,3
S00631,U014,2025-01-31 10:36:00,2025-01-31 12:36:00,laptop,India,password,True,1
S00632,U014,2025-02-03 08:35:00,2025-02-03 09:45:00,laptop,Singapore,password+token,True,3
S00633,U014,2025-02-03 10:26:00,2025-02-03 11:44:00,laptop,Germany,password+token,True,2
S00634,U014,2025-02-04 06:51:00,2025-02-04 09:03:00,vpn,USA,password+token,False,2
S00635,U014,2025-02-04 09:33:00,2025-02-04 11:06:00,workstation,Germany,password,True,0
S00636,U014,2025-02-04 11:49:00,2025-02-04 13:07:00,laptop,India,password,True,0
S00637,U014,2025-02-05 08:07:00,2025-02-05 10:20:00,laptop,Singapore,password,True,0
S00638,U014,2025-02-06 07:29:00,2025-02-06 08:30:00,laptop,Singapore,password+token,False,0
S00639,U014,2025-02-07 06:47:00,2025-02-07 09:27:00,workstation,India,password,True,4
S00640,U014,2025-02-07 10:02:00,2025-02-07 12:25:00,laptop,Singapore,password,True,1
S00641,U014,2025-02-07 13:19:00,2025-02-07 14:34:00,vpn,Singapore,password+token,False,1
S00642,U014,2025-02-10 07:55:00,2025-02-10 09:37:00,laptop,India,password,False,2
S00643,U014,2025-02-10 10:32:00,2025-02-10 11:04:00,laptop,India,password,False,0
S00644,U014,2025-02-10 11:27:00,2025-02-10 12:56:00,laptop,Singapore,password,True,0
S00645,U014,2025-02-11 07:33:00,2025-02-11 08:48:00,vpn,India,password+token,True,1
S00646,U014,2025-02-11 10:24:00,2025-02-11 11:40:00,laptop,India,password,True,2
S00647,U014,2025-02-12 07:46:00,2025-02-12 09:30:00,vpn,India,password+token,True,3
S00648,U014,2025-02-13 08:17:00,2025-02-13 10:31:00,laptop,USA,password,True,0
S00649,U014,2025-02-14 08:40:00,2025-02-14 10:37:00,workstation,India,password+token,False,0
S00650,U014,2025-02-14 11:22:00,2025-02-14 13:18:00,workstation,USA,password+token,False,0
S00651,U015,2025-01-02 08:40:00,2025-01-02 10:33:00,laptop,India,password+token,False,0
S00652,U015,2025-01-06 11:11:00,2025-01-06 13:16:00,laptop,India,password,False,0
S00653,U015,2025-01-08 07:31:00,2025-01-08 09:36:00,vpn,Germany,password+token,False,1
S00654,U015,2025-01-10 07:05:00,2025-01-10 09:03:00,laptop,India,password,True,0
S00655,U015,2025-01-10 09:31:00,2025-01-10 11:35:00,laptop,USA,password+token,False,0
S00656,U015,2025-01-10 13:26:00,2025-01-10 14:43:00,laptop,India,password+token,False,1
S00657,U015,2025-01-12 06:04:00,2025-01-12 08:22:00,workstation,India,password,True,0
S00658,U015,2025-01-12 09:22:00,2025-01-12 11:19:00,laptop,India,password+token,True,1
S00659,U015,2025-01-13 08:57:00,2025-01-13 11:39:00,laptop,Germany,password,True,0
S00660,U015,2025-01-14 09:38:00,2025-01-14 11:33:00,laptop,Singapore,password,True,0
S00661,U015,2025-01-14 12:48:00,2025-01-14 14:52:00,laptop,India,password,False,0
S00662,U015,2025-01-14 16:31:00,2025-01-14 19:30:00,workstation,Singapore,password,True,0
S00663,U015,2025-01-15 08:00:00,2025-01-15 10:02:00,laptop,Singapore,password,True,1
S00664,U015,2025-01-16 11:32:00,2025-01-16 13:01:00,workstation,USA,password,True,0
S00665,U015,2025-01-16 13:49:00,2025-01-16 16:08:00,laptop,Germany,password+token,False,0
S00666,U015,2025-01-16 16:53:00,2025-01-16 19:02:00,workstation,India,password,True,0
S00667,U015,2025-01-17 06:57:00,2025-01-17 08:31:00,workstation,India,password,True,0
S00668,U015,2025-01-20 06:37:00,2025-01-20 07:31:00,laptop,India,password+token,True,0
S00669,U015,2025-01-20 09:28:00,2025-01-20 11:34:00,laptop,India,password,False,0
S00670,U015,2025-01-21 11:07:00,2025-01-21 12:37:00,laptop,USA,password,False,1
S00671,U015,2025-01-21 13:10:00,2025-01-21 15:17:00,workstation,India,password+token,True,1
S00672,U015,2025-01-21 16:58:00,2025-01-21 18:50:00,laptop,India,password+token,True,0
S00673,U015,2025-01-22 07:50:00,2025-01-22 10:27:00,laptop,India,password+token,True,1
S00674,U015,2025-01-23 06:06:00,2025-01-23 08:10:00,laptop,India,password,True,0
S00675,U015,2025-01-23 09:24:00,2025-01-23 11:09:00,laptop,India,password+token,True,0
S00676,U015,2025-01-23 12:17:00,2025-01-23 13:30:00,laptop,Singapore,password,True,1
S00677,U015,2025-01-24 10:42:00,2025-01-24 12:20:00,workstation,India,password+token,True,0
S00678,U015,2025-01-28 10:54:00,2025-01-28 12:03:00,laptop,Germany,password,False,1
S00679,U015,2025-01-29 06:57:00,2025-01-29 09:07:00,laptop,India,password+token,True,1
S00680,U015,2025-01-31 10:27:00,2025-01-31 12:12:00,laptop,USA,password+token,False,0
S00681,U015,2025-02-03 07:02:00,2025-02-03 08:57:00,workstation,India,password,True,0
S00682,U015,2025-02-03 10:33:00,2025-02-03 12:25:00,workstation,India,password+token,False,1
S00683,U015,2025-02-04 06:17:00,2025-02-04 07:44:00,laptop,India,password,True,0
S00684,U015,2025-02-05 12:49:00,2025-02-05 14:44:00,laptop,Germany,password,True,0
S00685,U015,2025-02-06 06:08:00,2025-02-06 07:29:00,laptop,India,password+token,False,1
S00686,U015,2025-02-07 06:13:00,2025-02-07 07:48:00,laptop,India,password+token,True,0
S00687,U015,2025-02-07 09:16:00,2025-02-07 10:42:00,vpn,Germany,password+token,True,1
S00688,U015,2025-02-07 11:59:00,2025-02-07 14:33:00,vpn,Germany,password+token,True,0
S00689,U015,2025-02-10 09:29:00,2025-02-10 11:03:00,workstation,India,password+token,True,0
S00690,U015,2025-02-12 06:14:00,2025-02-12 08:12:00,laptop,India,password,True,0
S00691,U015,2025-02-13 09:15:00,2025-02-13 10:59:00,workstation,India,password+token,False,0
S00692,U015,2025-02-13 12:20:00,2025-02-13 13:18:00,laptop,India,password,True,1
S00693,U015,2025-02-14 06:52:00,2025-02-14 08:48:00,laptop,India,password+token,True,0
S00694,U015,2025-02-14 09:13:00,2025-02-14 10:25:00,laptop,India,password,True,1
S00695,U015,2025-02-14 12:10:00,2025-02-14 13:50:00,laptop,India,password,False,0
S00696,U016,2025-01-01 10:00:00,2025-01-01 12:01:00,workstation,India,password,True,1
S00697,U016,2025-01-01 12:33:00,2025-01-01 13:58:00,laptop,India,password+token,True,0
S00698,U016,2025-01-01 15:18:00,2025-01-01 16:47:00,laptop,India,password,True,1
S00699,U016,2025-01-02 11:00:00,2025-01-02 11:46:00,laptop,Germany,password+token,True,2
S00700,U016,2025-01-03 11:34:00,2025-01-03 12:32:00,laptop,India,password,True,1
S00701,U016,2025-01-05 09:49:00,2025-01-05 11:54:00,vpn,USA,password+token,True,2
S00702,U016,2025-01-06 11:41:00,2025-01-06 13:52:00,laptop,India,password,False,0
S00703,U016,2025-01-06 15:16:00,2025-01-06 17:30:00,vpn,India,password+token,False,0
S00704,U016,2025-01-07 12:16:00,2025-01-07 13:58:00,laptop,India,password,False,0
S00705,U016,2025-01-08 11:22:00,2025-01-08 12:31:00,workstation,India,password+token,True,0
S00706,U016,2025-01-08 13:31:00,2025-01-08 14:30:00,laptop,India,password,False,0
S00707,U016,2025-01-10 12:54:00,2025-01-10 14:13:00,laptop,India,password+token,True,3
S00708,U016,2025-01-13 12:38:00,2025-01-13 13:43:00,workstation,India,password+token,True,0
S00709,U016,2025-01-15 10:27:00,2025-01-15 12:16:00,laptop,India,password+token,False,0
S00710,U016,2025-01-17 10:16:00,2025-01-17 11:33:00,laptop,India,password,True,0
S00711,U016,2025-01-17 12:45:00,2025-01-17 14:02:00,laptop,India,password,True,1
S00712,U016,2025-01-20 10:57:00,2025-01-20 11:42:00,workstation,India,password+token,True,0
S00713,U016,2025-01-21 10:57:00,2025-01-21 12:11:00,laptop,India,password,False,0
S00714,U016,2025-01-21 12:34:00,2025-01-21 14:40:00,laptop,India,password,True,0
S00715,U016,2025-01-21 15:38:00,2025-01-21 17:42:00,laptop,India,password,True,0
S00716,U016,2025-01-22 12:05:00,2025-01-22 13:14:00,laptop,India,password,True,0
S00717,U016,2025-01-23 10:13:00,2025-01-23 11:59:00,workstation,India,password,True,1
S00718,U016,2025-01-24 10:03:00,2025-01-24 11:23:00,vpn,India,password+token,True,0
S00719,U016,2025-01-24 13:08:00,2025-01-24 15:08:00,laptop,India,password+token,True,0
S00720,U016,2025-01-28 11:32:00,2025-01-28 12:38:00,laptop,India,password+token,True,1
S00721,U016,2025-01-28 14:25:00,2025-01-28 16:59:00,laptop,India,password,True,2
S00722,U016,2025-01-28 17:28:00,2025-01-28 19:08:00,workstation,Germany,password,True,0
S00723,U016,2025-01-29 06:40:00,2025-01-29 07:40:00,laptop,USA,password,False,0
S00724,U016,2025-01-31 09:36:00,2025-01-31 11:32:00,vpn,India,password+token,True,1
S00725,U016,2025-02-02 10:35:00,2025-02-02 12:20:00,laptop,India,password,True,1
S00726,U016,2025-02-02 12:40:00,2025-02-02 13:47:00,laptop,India,password+token,True,1
S00727,U016,2025-02-02 15:06:00,2025-02-02 15:28:00,workstation,India,password,True,1
S00728,U016,2025-02-05 10:15:00,2025-02-05 11:17:00,vpn,India,password+token,True,1
S00729,U016,2025-02-06 10:22:00,2025-02-06 12:20:00,laptop,USA,password+token,True,0
S00730,U016,2025-02-07 10:43:00,2025-02-07 11:45:00,workstation,India,password,True,3
S00731,U016,2025-02-10 09:30:00,2025-02-10 10:44:00,laptop,India,password+token,True,0
S00732,U016,2025-02-12 11:45:00,2025-02-12 13:39:00,workstation,India,password,True,0
S00733,U016,2025-02-13 11:14:00,2025-02-13 12:47:00,laptop,India,password,False,2
S00734,U017,2025-01-02 06:20:00,2025-01-02 07:07:00,vpn,India,password+token,True,2
S00735,U017,2025-01-03 06:08:00,2025-01-03 06:59:00,laptop,India,password,True,1
S00736,U017,2025-01-05 14:50:00,2025-01-05 16:17:00,workstation,USA,password+token,True,0
S00737,U017,2025-01-05 18:03:00,2025-01-05 19:39:00,vpn,India,password+token,False,0
S00738,U017,2025-01-06 10:06:00,2025-01-06 11:41:00,workstation,USA,password+token,True,0
S00739,U017,2025-01-07 14:13:00,2025-01-07 16:30:00,workstation,India,password+token,False,3
S00740,U017,2025-01-07 17:33:00,2025-01-07 18:16:00,laptop,India,password,False,1
S00741,U017,2025-01-08 06:26:00,2025-01-08 07:10:00,laptop,India,password+token,True,0
S00742,U017,2025-01-10 12:38:00,2025-01-10 13:46:00,laptop,India,password,True,0
S00743,U017,2025-01-14 10:22:00,2025-01-14 11:29:00,laptop,USA,password+token,True,0
S00744,U017,2025-01-14 13:23:00,2025-01-14 13:57:00,workstation,India,password+token,True,0
S00745,U017,2025-01-16 13:42:00,2025-01-16 14:41:00,laptop,India,password,False,1
S00746,U017,2025-01-17 06:25:00,2025-01-17 08:13:00,laptop,India,password,True,2
S00747,U017,2025-01-20 11:53:00,2025-01-20 14:11:00,laptop,India,password+token,True,0
S00748,U017,2025-01-20 14:41:00,2025-01-20 16:07:00,laptop,Singapore,password+token,True,2
S00749,U017,2025-01-20 18:02:00,2025-01-20 19:32:00,vpn,India,password+token,True,3
S00750,U017,2025-01-21 10:33:00,2025-01-21 13:10:00,workstation,India,password,False,1
S00751,U017,2025-01-21 14:51:00,2025-01-21 15:57:00,vpn,India,password+token,False,1
S00752,U017,2025-01-23 14:21:00,2025-01-23 16:07:00,laptop,India,password+token,False,1
S00753,U017,2025-01-24 15:25:00,2025-01-24 16:04:00,workstation,India,password+token,True,1
S00754,U017,2025-01-24 17:15:00,2025-01-24 19:03:00,vpn,Singapore,password+token,True,0
S00755,U017,2025-02-03 06:00:00,2025-02-03 08:03:00,laptop,India,password,True,1
S00756,U017,2025-02-03 08:34:00,2025-02-03 09:41:00,laptop,India,password+token,True,1
S00757,U017,2025-02-03 10:04:00,2025-02-03 11:17:00,laptop,India,password+token,True,0
S00758,U017,2025-02-04 10:54:00,2025-02-04 13:03:00,laptop,India,password,True,0
S00759,U017,2025-02-04 13:36:00,2025-02-04 15:25:00,laptop,Singapore,password,True,0
S00760,U017,2025-02-07 06:09:00,2025-02-07 07:58:00,workstation,India,password,True,0
S00761,U017,2025-02-10 11:40:00,2025-02-10 13:27:00,laptop,India,password,False,3
S00762,U017,2025-02-10 15:13:00,2025-02-10 16:22:00,laptop,India,password+token,True,1
S00763,U017,2025-02-11 11:40:00,2025-02-11 13:06:00,laptop,India,password,False,1
S00764,U017,2025-02-11 14:37:00,2025-02-11 15:26:00,workstation,Singapore,password+token,False,1
S00765,U017,2025-02-11 16:47:00,2025-02-11 18:33:00,laptop,India,password,True,3
S00766,U017,2025-02-13 14:04:00,2025-02-13 15:54:00,laptop,India,password+token,True,0
S00767,U017,2025-02-14 14:17:00,2025-02-14 16:32:00,workstation,Germany,password+token,True,1
S00768,U017,2025-02-14 18:19:00,2025-02-14 19:33:00,laptop,Singapore,password,True,0
S00769,U017,2025-02-14 21:13:00,2025-02-14 22:15:00,laptop,India,password,False,1
S00770,U018,2025-01-01 11:06:00,2025-01-01 12:56:00,laptop,India,password+token,True,0
S00771,U018,2025-01-02 09:07:00,2025-01-02 10:23:00,laptop,India,password,True,2
S00772,U018,2025-01-03 12:43:00,2025-01-03 14:34:00,workstation,Germany,password,True,0
S00773,U018,2025-01-04 09:58:00,2025-01-04 11:39:00,vpn,India,password+token,True,0
S00774,U018,2025-01-06 09:03:00,2025-01-06 10:20:00,laptop,India,password,False,0
S00775,U018,2025-01-08 11:12:00,2025-01-08 13:35:00,laptop,India,password,True,1
S00776,U018,2025-01-08 15:17:00,2025-01-08 17:04:00,laptop,India,password+token,True,1
S00777,U018,2025-01-11 10:40:00,2025-01-11 11:48:00,laptop,India,password,False,1
S00778,U018,2025-01-13 09:17:00,2025-01-13 11:06:00,laptop,India,password,True,1
S00779,U018,2025-01-13 11:45:00,2025-01-13 12:57:00,laptop,India,password,True,3
S00780,U018,2025-01-14 12:07:00,2025-01-14 13:45:00,laptop,India,password+token,True,1
S00781,U018,2025-01-16 10:12:00,2025-01-16 10:54:00,vpn,India,password+token,True,0
S00782,U018,2025-01-17 10:51:00,2025-01-17 12:11:00,laptop,Germany,password,False,0
S00783,U018,2025-01-19 11:01:00,2025-01-19 12:17:00,laptop,India,password+token,True,0
S00784,U018,2025-01-19 13:03:00,2025-01-19 15:12:00,laptop,India,password+token,True,0
S00785,U018,2025-01-22 11:09:00,2025-01-22 13:18:00,laptop,India,password,True,1
S00786,U018,2025-01-23 09:43:00,2025-01-23 11:28:00,laptop,India,password,True,0
S00787,U018,2025-01-23 12:53:00,2025-01-23 14:41:00,laptop,India,password,True,0
S00788,U018,2025-01-24 10:00:00,2025-01-24 12:56:00,workstation,India,password+token,False,0
S00789,U018,2025-01-24 13:32:00,2025-01-24 13:57:00,laptop,India,password+token,False,0
S00790,U018,2025-01-24 14:33:00,2025-01-24 15:03:00,workstation,Singapore,password,False,1
S00791,U018,2025-01-27 10:36:00,2025-01-27 11:50:00,laptop,India,password+token,True,0
S00792,U018,2025-01-28 09:09:00,2025-01-28 10:28:00,vpn,India,password+token,False,0
S00793,U018,2025-01-28 11:10:00,2025-01-28 12:09:00,laptop,Singapore,password,True,0
S00794,U018,2025-02-03 09:42:00,2025-02-03 11:29:00,laptop,India,password,False,1
S00795,U018,2025-02-03 11:56:00,2025-02-03 13:06:00,workstation,USA,password,True,1
S00796,U018,2025-02-04 10:27:00,2025-02-04 12:30:00,laptop,India,password,False,1
S00797,U018,2025-02-04 12:52:00,2025-02-04 14:25:00,laptop,India,password+token,False,3
S00798,U018,2025-02-06 11:53:00,2025-02-06 13:31:00,laptop,India,password,True,2
S00799,U018,2025-02-07 09:55:00,2025-02-07 10:54:00,laptop,India,password,False,0
S00800,U018,2025-02-10 10:43:00,2025-02-10 12:49:00,laptop,India,password,False,0
S00801,U018,2025-02-11 09:02:00,2025-02-11 11:00:00,laptop,India,password+token,True,0
S00802,U018,2025-02-12 11:13:00,2025-02-12 12:18:00,vpn,India,password+token,False,0
S00803,U018,2025-02-13 09:09:00,2025-02-13 10:23:00,laptop,Singapore,password+token,True,1
S00804,U018,2025-02-14 10:30:00,2025-02-14 11:06:00,laptop,India,password,True,0
S00805,U018,2025-02-14 13:04:00,2025-02-14 13:29:00,laptop,India,password+token,False,0
S00806,U019,2025-01-01 09:46:00,2025-01-01 10:35:00,laptop,India,password+token,False,0
S00807,U019,2025-01-01 11:37:00,2025-01-01 11:57:00,vpn,Germany,password+token,True,0
S00808,U019,2025-01-01 13:08:00,2025-01-01 14:30:00,laptop,India,password+token,True,0
S00809,U019,2025-01-02 08:44:00,2025-01-02 10:26:00,laptop,India,password+token,False,1
S00810,U019,2025-01-02 11:09:00,2025-01-02 14:07:00,workstation,India,password+token,True,2
S00811,U019,2025-01-02 14:44:00,2025-01-02 17:07:00,laptop,India,password+token,True,0
S00812,U019,2025-01-06 06:22:00,2025-01-06 08:39:00,laptop,India,password,True,0
S00813,U019,2025-01-06 10:06:00,2025-01-06 12:54:00,workstation,India,password,False,0
S00814,U019,2025-01-07 07:34:00,2025-01-07 08:18:00,laptop,India,password,True,1
S00815,U019,2025-01-07 08:51:00,2025-01-07 10:59:00,vpn,Singapore,password+token,True,0
S00816,U019,2025-01-07 12:21:00,2025-01-07 14:23:00,vpn,India,password+token,False,1
S00817,U019,2025-01-08 11:51:00,2025-01-08 14:30:00,vpn,India,password+token,True,0
S00818,U019,2025-01-09 10:41:00,2025-01-09 13:06:00,vpn,Singapore,password+token,True,0
S00819,U019,2025-01-10 07:16:00,2025-01-10 08:03:00,vpn,India,password+token,True,1
S00820,U019,2025-01-10 09:19:00,2025-01-10 10:31:00,workstation,Singapore,password,True,1
S00821,U019,2025-01-10 11:13:00,2025-01-10 13:30:00,laptop,India,password+token,False,1
S00822,U019,2025-01-13 08:55:00,2025-01-13 10:14:00,workstation,India,password+token,True,0
S00823,U019,2025-01-13 11:35:00,2025-01-13 13:38:00,workstation,India,password,True,0
S00824,U019,2025-01-13 15:12:00,2025-01-13 16:06:00,laptop,India,password,False,0
S00825,U019,2025-01-14 09:55:00,2025-01-14 11:20:00,vpn,Singapore,password+token,False,0
S00826,U019,2025-01-14 12:09:00,2025-01-14 14:41:00,laptop,India,password,True,0
S00827,U019,2025-01-15 07:23:00,2025-01-15 09:23:00,vpn,India,password+token,True,1
S00828,U019,2025-01-16 08:43:00,2025-01-16 11:21:00,workstation,India,password,True,0
S00829,U019,2025-01-16 11:59:00,2025-01-16 14:03:00,laptop,India,password+token,True,0
S00830,U019,2025-01-16 15:06:00,2025-01-16 17:33:00,workstation,India,password,False,0
S00831,U019,2025-01-17 10:04:00,2025-01-17 12:42:00,laptop,India,password,True,0
S00832,U019,2025-01-20 08:34:00,2025-01-20 10:05:00,vpn,India,password+token,False,1
S00833,U019,2025-01-20 10:56:00,2025-01-20 13:18:00,workstation,India,password,True,0
S00834,U019,2025-01-21 07:33:00,2025-01-21 08:33:00,laptop,India,password,True,1
S00835,U019,2025-01-23 10:13:00,2025-01-23 12:13:00,laptop,India,password+token,True,1
S00836,U019,2025-01-25 07:40:00,2025-01-25 10:44:00,laptop,Germany,password+token,False,0
S00837,U019,2025-01-25 12:15:00,2025-01-25 14:10:00,laptop,India,password+token,True,2
S00838,U019,2025-01-27 06:17:00,2025-01-27 07:16:00,vpn,India,password+token,True,2
S00839,U019,2025-01-27 08:57:00,2025-01-27 11:20:00,laptop,India,password,False,0
S00840,U019,2025-01-28 09:15:00,2025-01-28 12:49:00,laptop,Singapore,password+token,True,0
S00841,U019,2025-01-28 14:26:00,2025-01-28 15:17:00,workstation,India,password,False,0
S00842,U019,2025-01-29 06:30:00,2025-01-29 08:46:00,laptop,India,password+token,False,0
S00843,U019,2025-02-03 11:06:00,2025-02-03 13:13:00,vpn,India,password+token,True,1
S00844,U019,2025-02-04 12:59:00,2025-02-04 14:10:00,vpn,India,password+token,False,0
S00845,U019,2025-02-04 14:58:00,2025-02-04 15:53:00,laptop,India,password,True,0
S00846,U019,2025-02-05 10:52:00,2025-02-05 12:35:00,laptop,USA,password,True,3
S00847,U019,2025-02-07 08:46:00,2025-02-07 10:54:00,laptop,Germany,password+token,False,0
S00848,U019,2025-02-07 12:32:00,2025-02-07 15:21:00,laptop,India,password,True,1
S00849,U019,2025-02-08 08:23:00,2025-02-08 10:20:00,laptop,India,password,True,0
S00850,U019,2025-02-08 11:40:00,2025-02-08 14:05:00,laptop,India,password+token,True,0
S00851,U019,2025-02-10 09:14:00,2025-02-10 11:13:00,laptop,India,password+token,True,1
S00852,U020,2025-01-01 10:49:00,2025-01-01 13:52:00,vpn,India,password+token,True,3
S00853,U020,2025-01-01 14:25:00,2025-01-01 17:12:00,workstation,USA,password,True,1
S00854,U020,2025-01-01 17:47:00,2025-01-01 20:57:00,workstation,India,password+token,True,0
S00855,U020,2025-01-02 06:34:00,2025-01-02 08:24:00,vpn,Singapore,password+token,True,3
S00856,U020,2025-01-03 07:16:00,2025-01-03 10:31:00,workstation,India,password+token,True,1
S00857,U020,2025-01-04 07:35:00,2025-01-04 09:11:00,vpn,India,password+token,True,1
S00858,U020,2025-01-06 06:42:00,2025-01-06 09:05:00,workstation,India,password,True,2
S00859,U020,2025-01-06 10:42:00,2025-01-06 13:07:00,vpn,India,password+token,True,0
S00860,U020,2025-01-07 09:49:00,2025-01-07 10:25:00,vpn,India,password+token,True,0
S00861,U020,2025-01-08 07:04:00,2025-01-08 10:40:00,workstation,India,password,True,1
S00862,U020,2025-01-10 07:13:00,2025-01-10 08:49:00,vpn,India,password+token,True,1
S00863,U020,2025-01-11 08:31:00,2025-01-11 11:22:00,vpn,India,password+token,True,1
S00864,U020,2025-01-13 07:10:00,2025-01-13 08:29:00,workstation,India,password+token,True,0
S00865,U020,2025-01-14 06:33:00,2025-01-14 10:11:00,laptop,India,password,True,0
S00866,U020,2025-01-15 11:53:00,2025-01-15 13:23:00,laptop,India,password+token,True,4
S00867,U020,2025-01-16 08:25:00,2025-01-16 10:27:00,workstation,India,password,True,0
S00868,U020,2025-01-17 06:56:00,2025-01-17 10:21:00,workstation,India,password,True,1
S00869,U020,2025-01-19 10:56:00,2025-01-19 12:16:00,vpn,India,password+token,True,0
S00870,U020,2025-01-21 08:58:00,2025-01-21 10:04:00,workstation,India,password+token,True,0
S00871,U020,2025-01-21 11:46:00,2025-01-21 15:45:00,vpn,India,password+token,True,1
S00872,U020,2025-01-22 08:23:00,2025-01-22 10:37:00,workstation,India,password+token,True,0
S00873,U020,2025-01-23 09:18:00,2025-01-23 11:45:00,workstation,India,password,False,0
S00874,U020,2025-01-24 08:22:00,2025-01-24 12:13:00,workstation,India,password,True,0
S00875,U020,2025-01-25 08:36:00,2025-01-25 08:56:00,workstation,India,password,True,1
S00876,U020,2025-01-26 10:55:00,2025-01-26 13:18:00,vpn,India,password+token,True,0
S00877,U020,2025-01-26 15:11:00,2025-01-26 18:08:00,vpn,India,password+token,True,1
S00878,U020,2025-01-26 18:53:00,2025-01-26 21:26:00,vpn,India,password+token,True,0
S00879,U020,2025-01-27 06:50:00,2025-01-27 08:49:00,laptop,India,password,True,2
S00880,U020,2025-01-27 09:47:00,2025-01-27 11:38:00,vpn,Germany,password+token,False,1
S00881,U020,2025-01-28 10:06:00,2025-01-28 12:04:00,workstation,USA,password,True,1
S00882,U020,2025-01-29 06:24:00,2025-01-29 09:56:00,vpn,India,password+token,True,0
S00883,U020,2025-01-31 06:54:00,2025-01-31 09:38:00,workstation,Germany,password,True,1
S00884,U020,2025-02-02 09:22:00,2025-02-02 11:49:00,vpn,India,password+token,True,0
S00885,U020,2025-02-02 12:51:00,2025-02-02 14:43:00,workstation,India,password,True,1
S00886,U020,2025-02-02 16:16:00,2025-02-02 18:57:00,vpn,India,password+token,True,0
S00887,U020,2025-02-03 07:14:00,2025-02-03 10:07:00,workstation,USA,password,False,2
S00888,U020,2025-02-04 07:46:00,2025-02-04 09:57:00,vpn,India,password+token,True,3
S00889,U020,2025-02-04 11:55:00,2025-02-04 15:27:00,laptop,India,password,True,0
S00890,U020,2025-02-04 15:53:00,2025-02-04 19:01:00,vpn,India,password+token,True,2
S00891,U020,2025-02-05 08:38:00,2025-02-05 11:04:00,laptop,India,password+token,True,0
S00892,U020,2025-02-06 10:50:00,2025-02-06 13:55:00,workstation,India,password,True,1
S00893,U020,2025-02-06 14:52:00,2025-02-06 17:18:00,vpn,India,password+token,True,0
S00894,U020,2025-02-07 06:15:00,2025-02-07 09:02:00,workstation,USA,password,True,1
S00895,U020,2025-02-08 07:17:00,2025-02-08 08:43:00,vpn,Singapore,password+token,True,1
S00896,U020,2025-02-08 10:40:00,2025-02-08 13:06:00,workstation,India,password,True,0
S00897,U020,2025-02-09 08:18:00,2025-02-09 12:04:00,vpn,India,password+token,True,0
S00898,U020,2025-02-10 07:49:00,2025-02-10 09:55:00,vpn,Germany,password+token,True,1
S00899,U020,2025-02-10 11:07:00,2025-02-10 13:16:00,vpn,India,password+token,True,0
S00900,U020,2025-02-10 14:09:00,2025-02-10 15:45:00,vpn,India,password+token,True,1
S00901,U020,2025-02-11 07:31:00,2025-02-11 09:46:00,workstation,India,password,True,0
S00902,U020,2025-02-11 11:09:00,2025-02-11 13:25:00,workstation,Germany,password,True,0
S00903,U020,2025-02-12 10:12:00,2025-02-12 13:33:00,workstation,India,password,True,2
S00904,U020,2025-02-12 14:22:00,2025-02-12 16:13:00,workstation,India,password+token,True,1
S00905,U020,2025-02-13 06:46:00,2025-02-13 09:33:00,vpn,India,password+token,True,1
S00906,U020,2025-02-14 06:12:00,2025-02-14 07:09:00,workstation,India,password+token,True,0
S00907,U020,2025-02-15 07:04:00,2025-02-15 10:34:00,workstation,India,password+token,True,0
S00908,U020,2025-02-15 11:13:00,2025-02-15 13:33:00,workstation,India,password,True,1
S00909,U020,2025-02-15 15:12:00,2025-02-15 17:26:00,workstation,India,password+token,True,2
S00910,U021,2025-01-01 11:04:00,2025-01-01 12:38:00,laptop,Singapore,password,True,2
S00911,U021,2025-01-01 14:12:00,2025-01-01 15:55:00,laptop,India,password+token,False,0
S00912,U021,2025-01-01 17:52:00,2025-01-01 19:54:00,laptop,Germany,password+token,False,0
S00913,U021,2025-01-02 12:54:00,2025-01-02 13:52:00,laptop,USA,password+token,False,3
S00914,U021,2025-01-02 15:21:00,2025-01-02 17:32:00,laptop,India,password,True,2
S00915,U021,2025-01-03 12:08:00,2025-01-03 14:59:00,laptop,India,password,False,4
S00916,U021,2025-01-03 16:27:00,2025-01-03 18:50:00,laptop,India,password,False,2
S00917,U021,2025-01-04 12:06:00,2025-01-04 12:45:00,laptop,India,password,True,1
S00918,U021,2025-01-04 14:06:00,2025-01-04 15:49:00,workstation,India,password,False,1
S00919,U021,2025-01-04 17:43:00,2025-01-04 18:57:00,laptop,India,password,False,1
S00920,U021,2025-01-06 10:13:00,2025-01-06 12:25:00,laptop,India,password,True,2
S00921,U021,2025-01-06 13:56:00,2025-01-06 14:45:00,laptop,India,password+token,True,0
S00922,U021,2025-01-06 15:36:00,2025-01-06 17:37:00,laptop,India,password+token,True,0
S00923,U021,2025-01-07 08:00:00,2025-01-07 10:40:00,laptop,India,password,True,2
S00924,U021,2025-01-07 12:00:00,2025-01-07 14:14:00,laptop,India,password,True,0
S00925,U021,2025-01-07 15:53:00,2025-01-07 19:12:00,vpn,India,password+token,False,2
S00926,U021,2025-01-08 10:04:00,2025-01-08 11:53:00,workstation,India,password,False,3
S00927,U021,2025-01-08 12:27:00,2025-01-08 13:53:00,workstation,India,password+token,True,3
S00928,U021,2025-01-08 14:50:00,2025-01-08 17:31:00,laptop,India,password+token,True,0
S00929,U021,2025-01-10 07:00:00,2025-01-10 09:30:00,laptop,India,password,True,0
S00930,U021,2025-01-10 10:54:00,2025-01-10 11:56:00,workstation,India,password+token,True,1
S00931,U021,2025-01-12 12:08:00,2025-01-12 15:14:00,vpn,India,password+token,True,0
S00932,U021,2025-01-12 16:39:00,2025-01-12 18:25:00,workstation,India,password+token,True,1
S00933,U021,2025-01-12 18:45:00,2025-01-12 20:55:00,workstation,India,password,True,1
S00934,U021,2025-01-13 12:19:00,2025-01-13 14:21:00,laptop,India,password+token,True,1
S00935,U021,2025-01-13 14:52:00,2025-01-13 17:28:00,laptop,India,password,False,1
S00936,U021,2025-01-14 11:45:00,2025-01-14 14:06:00,laptop,India,password,True,0
S00937,U021,2025-01-15 10:41:00,2025-01-15 12:45:00,vpn,Germany,password+token,True,1
S00938,U021,2025-01-16 10:26:00,2025-01-16 12:50:00,laptop,India,password,False,1
S00939,U021,2025-01-17 10:15:00,2025-01-17 10:37:00,workstation,India,password,False,0
S00940,U021,2025-01-17 11:01:00,2025-01-17 13:28:00,laptop,India,password,True,0
S00941,U021,2025-01-17 14:17:00,2025-01-17 16:40:00,laptop,India,password+token,True,0
S00942,U021,2025-01-18 11:11:00,2025-01-18 13:20:00,workstation,India,password,True,4
S00943,U021,2025-01-19 13:28:00,2025-01-19 14:38:00,laptop,Singapore,password+token,False,4
S00944,U021,2025-01-22 10:51:00,2025-01-22 13:08:00,laptop,Germany,password+token,True,2
S00945,U021,2025-01-24 09:21:00,2025-01-24 11:01:00,vpn,Germany,password+token,True,2
S00946,U021,2025-01-24 12:55:00,2025-01-24 13:59:00,workstation,India,password,False,0
S00947,U021,2025-01-29 10:46:00,2025-01-29 11:22:00,laptop,India,password+token,False,0
S00948,U021,2025-01-31 06:03:00,2025-01-31 08:25:00,workstation,India,password+token,True,2
S00949,U021,2025-02-03 10:43:00,2025-02-03 11:42:00,laptop,India,password+token,True,3
S00950,U021,2025-02-03 13:20:00,2025-02-03 14:38:00,laptop,India,password,True,3
S00951,U021,2025-02-03 15:19:00,2025-02-03 17:36:00,laptop,India,password+token,True,1
S00952,U021,2025-02-04 10:09:00,2025-02-04 11:18:00,laptop,India,password,True,0
S00953,U021,2025-02-04 12:19:00,2025-02-04 13:41:00,workstation,Germany,password,True,0
S00954,U021,2025-02-06 11:15:00,2025-02-06 13:43:00,laptop,India,password+token,False,0
S00955,U021,2025-02-06 15:39:00,2025-02-06 17:47:00,laptop,India,password,True,3
S00956,U021,2025-02-06 18:43:00,2025-02-06 20:13:00,workstation,India,password+token,True,1
S00957,U021,2025-02-07 10:08:00,2025-02-07 12:40:00,laptop,India,password+token,True,1
S00958,U021,2025-02-07 13:45:00,2025-02-07 15:41:00,laptop,India,password+token,True,1
S00959,U021,2025-02-07 17:29:00,2025-02-07 20:09:00,vpn,India,password+token,True,1
S00960,U021,2025-02-12 11:04:00,2025-02-12 13:48:00,laptop,India,password+token,False,2
S00961,U021,2025-02-13 10:11:00,2025-02-13 12:03:00,laptop,India,password,True,2
S00962,U021,2025-02-13 13:53:00,2025-02-13 15:53:00,vpn,India,password+token,True,0
S00963,U021,2025-02-14 06:35:00,2025-02-14 08:55:00,laptop,India,password,False,1
S00964,U021,2025-02-14 09:33:00,2025-02-14 11:46:00,workstation,India,password+token,True,2
S00965,U022,2025-01-02 10:52:00,2025-01-02 12:21:00,laptop,USA,password,False,0
S00966,U022,2025-01-02 12:54:00,2025-01-02 14:17:00,laptop,Singapore,password,True,0
S00967,U022,2025-01-02 15:58:00,2025-01-02 17:57:00,workstation,Singapore,password,True,0
S00968,U022,2025-01-06 10:24:00,2025-01-06 12:22:00,laptop,India,password+token,True,0
S00969,U022,2025-01-10 11:47:00,2025-01-10 13:52:00,laptop,Germany,password,True,0
S00970,U022,2025-01-10 14:35:00,2025-01-10 16:04:00,laptop,India,password+token,True,1
S00971,U022,2025-01-12 06:45:00,2025-01-12 08:22:00,laptop,Singapore,password+token,False,0
S00972,U022,2025-01-12 09:28:00,2025-01-12 10:59:00,laptop,India,password,True,1
S00973,U022,2025-01-13 09:46:00,2025-01-13 11:23:00,laptop,India,password,True,1
S00974,U022,2025-01-13 13:02:00,2025-01-13 15:02:00,laptop,Singapore,password,True,1
S00975,U022,2025-01-13 16:40:00,2025-01-13 17:57:00,laptop,Singapore,password,True,2
S00976,U022,2025-01-14 10:56:00,2025-01-14 12:50:00,laptop,Singapore,password,True,1
S00977,U022,2025-01-14 14:47:00,2025-01-14 16:58:00,laptop,Singapore,password+token,False,0
S00978,U022,2025-01-16 11:22:00,2025-01-16 13:11:00,laptop,India,password+token,True,1
S00979,U022,2025-01-20 07:54:00,2025-01-20 10:37:00,laptop,USA,password,True,0
S00980,U022,2025-01-20 11:38:00,2025-01-20 13:02:00,laptop,India,password+token,False,1
S00981,U022,2025-01-20 13:29:00,2025-01-20 15:29:00,workstation,Germany,password,True,0
S00982,U022,2025-01-21 09:18:00,2025-01-21 09:54:00,laptop,Germany,password+token,True,0
S00983,U022,2025-01-22 11:57:00,2025-01-22 12:45:00,laptop,USA,password,True,0
S00984,U022,2025-01-23 11:28:00,2025-01-23 11:48:00,laptop,Singapore,password,True,0
S00985,U022,2025-01-23 13:04:00,2025-01-23 14:42:00,laptop,India,password,True,0
S00986,U022,2025-01-24 08:17:00,2025-01-24 09:13:00,laptop,USA,password+token,True,0
S00987,U022,2025-01-24 11:10:00,2025-01-24 11:39:00,vpn,India,password+token,True,0
S00988,U022,2025-01-24 12:47:00,2025-01-24 14:56:00,laptop,USA,password,True,2
S00989,U022,2025-01-28 08:36:00,2025-01-28 09:50:00,laptop,India,password,False,0
S00990,U022,2025-01-28 11:05:00,2025-01-28 12:24:00,laptop,Singapore,password,True,4
S00991,U022,2025-01-29 09:28:00,2025-01-29 11:44:00,workstation,USA,password+token,False,2
S00992,U022,2025-01-31 09:56:00,2025-01-31 11:33:00,laptop,India,password,True,1
S00993,U022,2025-02-03 08:04:00,2025-02-03 09:54:00,vpn,India,password+token,True,1
S00994,U022,2025-02-03 11:15:00,2025-02-03 12:51:00,laptop,India,password+token,True,1
S00995,U022,2025-02-04 10:54:00,2025-02-04 11:55:00,laptop,Singapore,password,True,2
S00996,U022,2025-02-06 09:22:00,2025-02-06 10:46:00,laptop,USA,password,False,2
S00997,U022,2025-02-06 11:37:00,2025-02-06 13:16:00,vpn,Germany,password+token,True,0
S00998,U022,2025-02-07 08:25:00,2025-02-07 09:45:00,laptop,Germany,password,True,3
S00999,U022,2025-02-07 11:02:00,2025-02-07 12:09:00,workstation,Singapore,password+token,True,0
S01000,U022,2025-02-10 10:00:00,2025-02-10 11:49:00,workstation,India,password+token,False,0
S01001,U022,2025-02-12 11:31:00,2025-02-12 12:32:00,laptop,Germany,password,True,0
S01002,U022,2025-02-12 12:53:00,2025-02-12 14:36:00,laptop,India,password+token,True,3
S01003,U022,2025-02-12 16:21:00,2025-02-12 17:05:00,laptop,India,password,True,0
S01004,U022,2025-02-13 06:50:00,2025-02-13 09:13:00,laptop,Germany,password+token,True,1
S01005,U022,2025-02-13 10:35:00,2025-02-13 12:11:00,laptop,Germany,password,False,1
S01006,U022,2025-02-14 06:57:00,2025-02-14 07:47:00,laptop,India,password+token,True,0
S01007,U022,2025-02-14 08:45:00,2025-02-14 11:01:00,laptop,India,password,True,1
S01008,U022,2025-02-14 11:46:00,2025-02-14 12:48:00,vpn,Singapore,password+token,False,1
S01009,U022,2025-02-15 10:21:00,2025-02-15 12:01:00,laptop,Singapore,password+token,True,0
S01010,U023,2025-01-01 10:51:00,2025-01-01 12:16:00,laptop,Singapore,password,False,0
S01011,U023,2025-01-01 13:46:00,2025-01-01 16:03:00,workstation,India,password,True,0
S01012,U023,2025-01-02 09:17:00,2025-01-02 10:54:00,workstation,India,password,True,1
S01013,U023,2025-01-03 09:55:00,2025-01-03 11:44:00,laptop,India,password+token,False,0
S01014,U023,2025-01-03 12:18:00,2025-01-03 13:52:00,laptop,Singapore,password+token,False,0
S01015,U023,2025-01-06 10:42:00,2025-01-06 12:10:00,laptop,India,password,False,2
S01016,U023,2025-01-06 13:58:00,2025-01-06 15:03:00,laptop,India,password+token,True,1
S01017,U023,2025-01-06 16:36:00,2025-01-06 18:07:00,laptop,India,password,True,0
S01018,U023,2025-01-09 09:50:00,2025-01-09 11:01:00,workstation,India,password,True,2
S01019,U023,2025-01-09 11:43:00,2025-01-09 12:11:00,laptop,India,password,False,0
S01020,U023,2025-01-09 12:34:00,2025-01-09 14:43:00,laptop,USA,password,True,1
S01021,U023,2025-01-10 09:20:00,2025-01-10 10:13:00,laptop,India,password+token,False,1
S01022,U023,2025-01-10 11:02:00,2025-01-10 13:02:00,laptop,India,password+token,True,1
S01023,U023,2025-01-10 14:48:00,2025-01-10 15:34:00,laptop,Singapore,password+token,True,1
S01024,U023,2025-01-13 09:45:00,2025-01-13 10:51:00,workstation,India,password,True,1
S01025,U023,2025-01-13 12:15:00,2025-01-13 13:39:00,laptop,India,password+token,False,1
S01026,U023,2025-01-13 14:21:00,2025-01-13 16:30:00,laptop,India,password,False,1
S01027,U023,2025-01-14 09:27:00,2025-01-14 10:55:00,workstation,India,password+token,True,1
S01028,U023,2025-01-15 09:34:00,2025-01-15 12:11:00,workstation,USA,password+token,False,0
S01029,U023,2025-01-16 09:15:00,2025-01-16 11:08:00,laptop,India,password,True,0
S01030,U023,2025-01-16 12:10:00,2025-01-16 14:32:00,laptop,India,password+token,False,1
S01031,U023,2025-01-16 15:25:00,2025-01-16 16:48:00,laptop,India,password+token,True,0
S01032,U023,2025-01-17 10:47:00,2025-01-17 11:50:00,laptop,India,password,True,0
S01033,U023,2025-01-17 13:03:00,2025-01-17 15:09:00,workstation,India,password+token,True,1
S01034,U023,2025-01-20 09:59:00,2025-01-20 12:01:00,laptop,India,password+token,False,1
S01035,U023,2025-01-20 13:10:00,2025-01-20 14:44:00,workstation,India,password+token,True,2
S01036,U023,2025-01-21 10:31:00,2025-01-21 13:13:00,workstation,India,password+token,True,1
S01037,U023,2025-01-21 14:39:00,2025-01-21 16:09:00,laptop,India,password,True,0
S01038,U023,2025-01-22 09:35:00,2025-01-22 11:41:00,laptop,India,password+token,False,1
S01039,U023,2025-01-24 10:57:00,2025-01-24 12:20:00,laptop,India,password,False,0
S01040,U023,2025-01-26 09:15:00,2025-01-26 10:25:00,workstation,India,password,True,0
S01041,U023,2025-01-27 09:09:00,2025-01-27 11:09:00,laptop,India,password,False,0
S01042,U023,2025-01-28 09:37:00,2025-01-28 10:42:00,laptop,India,password,True,2
S01043,U023,2025-01-28 11:58:00,2025-01-28 12:18:00,workstation,India,password,True,0
S01044,U023,2025-01-28 13:51:00,2025-01-28 15:48:00,laptop,India,password+token,False,0
S01045,U023,2025-01-29 10:21:00,2025-01-29 12:23:00,vpn,India,password+token,True,0
S01046,U023,2025-01-30 09:33:00,2025-01-30 11:05:00,workstation,India,password,True,0
S01047,U023,2025-01-30 12:37:00,2025-01-30 13:58:00,workstation,India,password,True,0
S01048,U023,2025-01-31 09:14:00,2025-01-31 11:21:00,laptop,India,password+token,True,1
S01049,U023,2025-01-31 12:04:00,2025-01-31 13:52:00,laptop,India,password,True,0
S01050,U023,2025-02-03 10:52:00,2025-02-03 12:23:00,laptop,India,password,True,2
S01051,U023,2025-02-03 12:48:00,2025-02-03 13:58:00,vpn,India,password+token,False,2
S01052,U023,2025-02-04 09:16:00,2025-02-04 11:04:00,laptop,India,password+token,True,2
S01053,U023,2025-02-04 12:10:00,2025-02-04 14:46:00,laptop,India,password+token,True,1
S01054,U023,2025-02-05 09:24:00,2025-02-05 12:24:00,laptop,India,password+token,False,0
S01055,U023,2025-02-07 09:32:00,2025-02-07 11:33:00,workstation,India,password,True,0
S01056,U023,2025-02-07 13:25:00,2025-02-07 14:51:00,laptop,India,password,True,1
S01057,U023,2025-02-07 15:41:00,2025-02-07 17:15:00,laptop,India,password,True,0
S01058,U023,2025-02-10 09:28:00,2025-02-10 11:23:00,laptop,India,password,False,1
S01059,U023,2025-02-11 09:20:00,2025-02-11 11:26:00,laptop,India,password+token,False,0
S01060,U023,2025-02-11 12:05:00,2025-02-11 13:05:00,laptop,India,password,True,4
S01061,U023,2025-02-11 14:35:00,2025-02-11 15:04:00,laptop,India,password+token,True,1
S01062,U023,2025-02-12 09:56:00,2025-02-12 11:24:00,laptop,India,password,True,1
S01063,U023,2025-02-14 10:38:00,2025-02-14 13:06:00,laptop,India,password,True,1
S01064,U023,2025-02-14 14:32:00,2025-02-14 15:55:00,laptop,Singapore,password,True,1
S01065,U023,2025-02-15 09:22:00,2025-02-15 10:45:00,laptop,India,password,False,0
S01066,U023,2025-02-15 11:07:00,2025-02-15 12:26:00,laptop,India,password+token,True,0
S01067,U023,2025-02-15 12:49:00,2025-02-15 13:24:00,laptop,India,password,False,0
S01068,U024,2025-01-01 07:47:00,2025-01-01 10:00:00,laptop,India,password,False,0
S01069,U024,2025-01-01 11:53:00,2025-01-01 13:37:00,laptop,India,password,True,1
S01070,U024,2025-01-02 06:44:00,2025-01-02 08:41:00,laptop,India,password+token,True,2
S01071,U024,2025-01-02 09:55:00,2025-01-02 10:57:00,workstation,India,password,False,0
S01072,U024,2025-01-04 06:20:00,2025-01-04 08:09:00,laptop,India,password+token,True,0
S01073,U024,2025-01-06 06:05:00,2025-01-06 07:27:00,laptop,India,password+token,True,4
S01074,U024,2025-01-07 08:52:00,2025-01-07 09:45:00,workstation,India,password+token,True,1
S01075,U024,2025-01-08 07:50:00,2025-01-08 09:04:00,laptop,Singapore,password+token,False,0
S01076,U024,2025-01-13 06:41:00,2025-01-13 07:28:00,laptop,Singapore,password,True,0
S01077,U024,2025-01-14 06:01:00,2025-01-14 07:33:00,laptop,India,password+token,True,2
S01078,U024,2025-01-14 08:16:00,2025-01-14 09:55:00,vpn,India,password+token,True,0
S01079,U024,2025-01-15 06:19:00,2025-01-15 07:27:00,vpn,India,password+token,True,0
S01080,U024,2025-01-17 08:28:00,2025-01-17 09:13:00,laptop,USA,password,True,3
S01081,U024,2025-01-18 07:37:00,2025-01-18 09:57:00,workstation,USA,password+token,False,0
S01082,U024,2025-01-20 07:04:00,2025-01-20 09:10:00,laptop,India,password,True,1
S01083,U024,2025-01-20 09:40:00,2025-01-20 11:35:00,vpn,Germany,password+token,False,0
S01084,U024,2025-01-23 07:32:00,2025-01-23 09:51:00,laptop,India,password,False,0
S01085,U024,2025-01-23 11:01:00,2025-01-23 13:29:00,workstation,India,password+token,True,2
S01086,U024,2025-01-23 14:12:00,2025-01-23 15:49:00,workstation,India,password+token,False,0
S01087,U024,2025-01-27 06:36:00,2025-01-27 07:57:00,laptop,India,password,True,0
S01088,U024,2025-01-27 09:45:00,2025-01-27 10:37:00,laptop,India,password,False,0
S01089,U024,2025-01-27 12:06:00,2025-01-27 12:44:00,laptop,USA,password+token,True,1
S01090,U024,2025-01-28 08:37:00,2025-01-28 09:51:00,laptop,India,password+token,True,0
S01091,U024,2025-01-30 06:31:00,2025-01-30 08:07:00,laptop,Singapore,password+token,True,0
S01092,U024,2025-01-31 06:48:00,2025-01-31 08:31:00,laptop,India,password+token,True,1
S01093,U024,2025-01-31 09:42:00,2025-01-31 11:00:00,laptop,India,password+token,True,0
S01094,U024,2025-02-02 08:06:00,2025-02-02 09:10:00,laptop,India,password,False,0
S01095,U024,2025-02-02 10:36:00,2025-02-02 11:23:00,laptop,India,password,True,0
S01096,U024,2025-02-02 12:15:00,2025-02-02 14:43:00,laptop,India,password+token,True,1
S01097,U024,2025-02-03 06:29:00,2025-02-03 07:39:00,laptop,India,password,True,1
S01098,U024,2025-02-04 08:11:00,2025-02-04 09:55:00,vpn,India,password+token,False,0
S01099,U024,2025-02-04 11:01:00,2025-02-04 12:54:00,laptop,India,password,True,0
S01100,U024,2025-02-06 08:05:00,2025-02-06 10:11:00,laptop,India,password+token,False,0
S01101,U024,2025-02-06 11:51:00,2025-02-06 12:55:00,laptop,USA,password,True,0
S01102,U024,2025-02-06 14:00:00,2025-02-06 14:48:00,laptop,India,password,False,0
S01103,U024,2025-02-07 08:39:00,2025-02-07 09:32:00,laptop,India,password,True,2
S01104,U024,2025-02-07 10:47:00,2025-02-07 13:22:00,vpn,India,password+token,True,0
S01105,U024,2025-02-09 07:33:00,2025-02-09 09:02:00,laptop,Singapore,password+token,True,2
S01106,U024,2025-02-09 10:15:00,2025-02-09 11:38:00,laptop,India,password+token,False,0
S01107,U024,2025-02-09 13:16:00,2025-02-09 14:20:00,workstation,India,password,True,0
S01108,U024,2025-02-11 06:52:00,2025-02-11 09:50:00,laptop,India,password+token,True,0
S01109,U024,2025-02-11 11:48:00,2025-02-11 13:49:00,workstation,India,password,True,3
S01110,U024,2025-02-14 06:16:00,2025-02-14 07:05:00,laptop,India,password,False,0
S01111,U024,2025-02-14 07:31:00,2025-02-14 07:51:00,vpn,India,password+token,True,0
S01112,U024,2025-02-15 08:39:00,2025-02-15 10:41:00,laptop,India,password,True,2
S01113,U024,2025-02-15 12:39:00,2025-02-15 14:35:00,workstation,India,password+token,False,1
S01114,U025,2025-01-01 12:13:00,2025-01-01 16:59:00,laptop,India,password,False,0
S01115,U025,2025-01-01 18:17:00,2025-01-01 20:25:00,vpn,USA,password+token,True,1
S01116,U025,2025-01-02 12:45:00,2025-01-02 15:25:00,laptop,Singapore,password+token,False,0
S01117,U025,2025-01-02 16:45:00,2025-01-02 18:40:00,workstation,India,password,True,0
S01118,U025,2025-01-06 10:02:00,2025-01-06 13:02:00,workstation,India,password,True,2
S01119,U025,2025-01-06 14:41:00,2025-01-06 16:58:00,laptop,India,password,True,0
S01120,U025,2025-01-06 18:36:00,2025-01-06 19:44:00,laptop,Singapore,password,False,1
S01121,U025,2025-01-07 12:35:00,2025-01-07 15:18:00,laptop,USA,password,False,2
S01122,U025,2025-01-07 16:23:00,2025-01-07 18:03:00,laptop,Germany,password,True,2
S01123,U025,2025-01-07 18:39:00,2025-01-07 22:01:00,vpn,Germany,password+token,True,0
S01124,U025,2025-01-09 13:39:00,2025-01-09 16:00:00,laptop,Singapore,password+token,False,0
S01125,U025,2025-01-10 12:20:00,2025-01-10 15:25:00,workstation,USA,password+token,False,1
S01126,U025,2025-01-14 11:40:00,2025-01-14 13:29:00,workstation,Germany,password+token,True,0
S01127,U025,2025-01-15 12:56:00,2025-01-15 15:18:00,laptop,India,password,True,2
S01128,U025,2025-01-16 06:12:00,2025-01-16 07:48:00,laptop,India,password,True,3
S01129,U025,2025-01-17 13:25:00,2025-01-17 15:18:00,workstation,USA,password,True,0
S01130,U025,2025-01-17 16:20:00,2025-01-17 17:58:00,workstation,Singapore,password,True,1
S01131,U025,2025-01-19 12:20:00,2025-01-19 14:05:00,laptop,Germany,password,True,1
S01132,U025,2025-01-19 14:49:00,2025-01-19 18:17:00,laptop,USA,password,True,0
S01133,U025,2025-01-20 12:28:00,2025-01-20 14:18:00,laptop,India,password,True,0
S01134,U025,2025-01-20 15:15:00,2025-01-20 16:07:00,workstation,Germany,password,False,1
S01135,U025,2025-01-22 10:25:00,2025-01-22 12:19:00,workstation,Singapore,password,True,1
S01136,U025,2025-01-22 12:51:00,2025-01-22 15:10:00,laptop,USA,password+token,True,1
S01137,U025,2025-01-24 13:37:00,2025-01-24 16:08:00,workstation,India,password+token,False,0
S01138,U025,2025-01-24 16:49:00,2025-01-24 18:21:00,laptop,Germany,password,False,1
S01139,U025,2025-01-25 11:03:00,2025-01-25 13:00:00,workstation,Germany,password+token,False,0
S01140,U025,2025-01-25 14:51:00,2025-01-25 16:26:00,workstation,USA,password,True,0
S01141,U025,2025-01-25 17:44:00,2025-01-25 19:15:00,vpn,India,password+token,False,1
S01142,U025,2025-01-27 13:20:00,2025-01-27 15:10:00,laptop,India,password+token,True,0
S01143,U025,2025-01-28 14:08:00,2025-01-28 17:25:00,vpn,India,password+token,True,1
S01144,U025,2025-01-28 18:08:00,2025-01-28 20:27:00,workstation,India,password,True,1
S01145,U025,2025-01-29 11:19:00,2025-01-29 13:04:00,laptop,Singapore,password+token,False,0
S01146,U025,2025-01-29 14:57:00,2025-01-29 17:18:00,laptop,Singapore,password,True,1
S01147,U025,2025-01-29 19:12:00,2025-01-29 22:06:00,vpn,Singapore,password+token,True,0
S01148,U025,2025-01-31 11:05:00,2025-01-31 13:37:00,laptop,India,password+token,True,1
S01149,U025,2025-01-31 14:48:00,2025-01-31 16:34:00,workstation,Germany,password,True,0
S01150,U025,2025-02-01 13:40:00,2025-02-01 17:09:00,vpn,India,password+token,True,0
S01151,U025,2025-02-03 06:27:00,2025-02-03 09:49:00,laptop,Germany,password,True,0
S01152,U025,2025-02-04 14:10:00,2025-02-04 17:11:00,workstation,USA,password+token,True,0
S01153,U025,2025-02-04 19:04:00,2025-02-04 19:32:00,workstation,India,password,True,1
S01154,U025,2025-02-05 12:30:00,2025-02-05 14:59:00,laptop,Singapore,password,True,1
S01155,U025,2025-02-06 14:28:00,2025-02-06 15:58:00,laptop,India,password,False,1
S01156,U025,2025-02-07 13:45:00,2025-02-07 16:52:00,vpn,Singapore,password+token,True,1
S01157,U025,2025-02-10 10:19:00,2025-02-10 12:38:00,workstation,India,password,True,0
S01158,U025,2025-02-11 11:40:00,2025-02-11 14:10:00,laptop,Germany,password,False,1
S01159,U025,2025-02-11 14:58:00,2025-02-11 17:03:00,laptop,Germany,password,False,0
S01160,U025,2025-02-11 18:57:00,2025-02-11 21:32:00,vpn,USA,password+token,True,0
S01161,U025,2025-02-12 10:53:00,2025-02-12 12:41:00,laptop,USA,password+token,True,0
S01162,U025,2025-02-13 13:38:00,2025-02-13 16:40:00,laptop,Singapore,password,True,0
S01163,U025,2025-02-13 17:47:00,2025-02-13 20:24:00,laptop,Singapore,password,True,0
S01164,U025,2025-02-13 21:55:00,2025-02-13 23:59:00,workstation,India,password,True,1
S01165,U026,2025-01-01 12:08:00,2025-01-01 13:36:00,laptop,India,password+token,False,2
S01166,U026,2025-01-02 11:40:00,2025-01-02 13:55:00,laptop,India,password+token,True,1
S01167,U026,2025-01-02 15:38:00,2025-01-02 16:34:00,laptop,India,password,True,0
S01168,U026,2025-01-02 18:06:00,2025-01-02 19:56:00,workstation,India,password,False,1
S01169,U026,2025-01-03 13:35:00,2025-01-03 14:52:00,laptop,India,password+token,True,0
S01170,U026,2025-01-03 16:16:00,2025-01-03 18:27:00,laptop,Singapore,password,True,1
S01171,U026,2025-01-06 10:36:00,2025-01-06 11:51:00,workstation,USA,password+token,False,2
S01172,U026,2025-01-07 13:22:00,2025-01-07 15:37:00,laptop,India,password,True,0
S01173,U026,2025-01-09 09:36:00,2025-01-09 10:23:00,laptop,India,password,False,2
S01174,U026,2025-01-09 10:54:00,2025-01-09 11:17:00,laptop,India,password+token,True,1
S01175,U026,2025-01-09 12:24:00,2025-01-09 13:23:00,laptop,India,password,True,1
S01176,U026,2025-01-10 12:09:00,2025-01-10 13:59:00,laptop,India,password+token,False,0
S01177,U026,2025-01-11 14:20:00,2025-01-11 16:02:00,laptop,India,password+token,True,1
S01178,U026,2025-01-13 10:45:00,2025-01-13 12:16:00,workstation,India,password,True,0
S01179,U026,2025-01-14 10:29:00,2025-01-14 11:08:00,laptop,India,password,True,1
S01180,U026,2025-01-15 11:37:00,2025-01-15 13:19:00,laptop,India,password,True,1
S01181,U026,2025-01-15 13:56:00,2025-01-15 14:59:00,laptop,India,password,False,1
S01182,U026,2025-01-15 16:40:00,2025-01-15 18:21:00,laptop,India,password+token,True,3
S01183,U026,2025-01-16 11:07:00,2025-01-16 12:54:00,laptop,India,password+token,False,3
S01184,U026,2025-01-17 11:29:00,2025-01-17 13:40:00,laptop,India,password,True,1
S01185,U026,2025-01-19 12:35:00,2025-01-19 14:00:00,vpn,India,password+token,True,0
S01186,U026,2025-01-20 13:57:00,2025-01-20 15:57:00,workstation,India,password+token,True,1
S01187,U026,2025-01-21 12:12:00,2025-01-21 12:56:00,vpn,Singapore,password+token,True,1
S01188,U026,2025-01-21 14:54:00,2025-01-21 16:38:00,vpn,India,password+token,False,0
S01189,U026,2025-01-21 17:30:00,2025-01-21 18:44:00,laptop,India,password,False,1
S01190,U026,2025-01-22 13:38:00,2025-01-22 15:16:00,laptop,India,password+token,True,1
S01191,U026,2025-01-22 15:55:00,2025-01-22 16:42:00,laptop,Singapore,password,True,1
S01192,U026,2025-01-22 17:32:00,2025-01-22 18:12:00,laptop,India,password,False,2
S01193,U026,2025-01-24 11:26:00,2025-01-24 13:10:00,workstation,India,password+token,False,0
S01194,U026,2025-01-27 13:20:00,2025-01-27 15:04:00,laptop,India,password,True,0
S01195,U026,2025-01-29 13:39:00,2025-01-29 15:37:00,laptop,India,password+token,True,2
S01196,U026,2025-01-30 11:32:00,2025-01-30 12:51:00,workstation,India,password,True,0
S01197,U026,2025-02-02 09:48:00,2025-02-02 11:50:00,laptop,India,password+token,True,0
S01198,U026,2025-02-04 12:08:00,2025-02-04 13:39:00,laptop,India,password+token,True,1
S01199,U026,2025-02-04 15:38:00,2025-02-04 16:21:00,laptop,USA,password,True,0
S01200,U026,2025-02-04 16:45:00,2025-02-04 17:55:00,workstation,India,password,True,3
S01201,U026,2025-02-05 12:54:00,2025-02-05 15:33:00,laptop,India,password+token,True,0
S01202,U026,2025-02-05 15:55:00,2025-02-05 16:38:00,laptop,India,password,True,2
S01203,U026,2025-02-07 11:22:00,2025-02-07 12:40:00,laptop,India,password+token,False,1
S01204,U026,2025-02-07 14:08:00,2025-02-07 15:12:00,laptop,USA,password+token,True,1
S01205,U026,2025-02-10 09:55:00,2025-02-10 10:42:00,laptop,India,password,True,1
S01206,U026,2025-02-11 10:51:00,2025-02-11 12:47:00,laptop,India,password,True,1
S01207,U026,2025-02-11 13:15:00,2025-02-11 14:22:00,laptop,Singapore,password,True,1
S01208,U026,2025-02-13 12:12:00,2025-02-13 14:07:00,workstation,India,password,True,0
S01209,U026,2025-02-14 09:49:00,2025-02-14 11:40:00,laptop,India,password,False,1
S01210,U026,2025-02-14 12:15:00,2025-02-14 13:47:00,laptop,India,password,True,2
S01211,U026,2025-02-14 14:17:00,2025-02-14 16:56:00,laptop,India,password,True,0
S01212,U027,2025-01-01 10:40:00,2025-01-01 12:17:00,workstation,Germany,password,True,2
S01213,U027,2025-01-02 10:28:00,2025-01-02 11:59:00,workstation,Singapore,password,True,2
S01214,U027,2025-01-02 13:05:00,2025-01-02 16:46:00,vpn,India,password+token,True,1
S01215,U027,2025-01-03 11:13:00,2025-01-03 13:24:00,workstation,India,password,True,0
S01216,U027,2025-01-04 09:47:00,2025-01-04 11:13:00,vpn,India,password+token,True,0
S01217,U027,2025-01-05 06:44:00,2025-01-05 09:27:00,workstation,Germany,password,True,0
S01218,U027,2025-01-05 10:08:00,2025-01-05 13:15:00,vpn,USA,password+token,True,1
S01219,U027,2025-01-06 08:52:00,2025-01-06 12:15:00,workstation,USA,password,True,1
S01220,U027,2025-01-06 13:21:00,2025-01-06 15:18:00,workstation,USA,password,True,0
S01221,U027,2025-01-07 07:14:00,2025-01-07 08:30:00,workstation,Germany,password,True,1
S01222,U027,2025-01-09 10:48:00,2025-01-09 12:36:00,workstation,USA,password+token,True,0
S01223,U027,2025-01-10 06:37:00,2025-01-10 10:09:00,workstation,Singapore,password,True,0
S01224,U027,2025-01-11 07:24:00,2025-01-11 09:24:00,vpn,India,password+token,True,0
S01225,U027,2025-01-12 07:24:00,2025-01-12 09:29:00,workstation,Singapore,password+token,True,0
S01226,U027,2025-01-13 06:55:00,2025-01-13 11:06:00,workstation,India,password,True,1
S01227,U027,2025-01-13 12:20:00,2025-01-13 17:05:00,workstation,India,password+token,True,3
S01228,U027,2025-01-14 06:28:00,2025-01-14 07:28:00,workstation,India,password,True,3
S01229,U027,2025-01-15 07:13:00,2025-01-15 08:34:00,vpn,USA,password+token,True,3
S01230,U027,2025-01-15 10:00:00,2025-01-15 12:31:00,workstation,USA,password,True,1
S01231,U027,2025-01-15 14:23:00,2025-01-15 17:25:00,vpn,India,password+token,True,0
S01232,U027,2025-01-16 07:16:00,2025-01-16 08:51:00,vpn,India,password+token,True,0
S01233,U027,2025-01-17 07:42:00,2025-01-17 11:56:00,workstation,USA,password,True,2
S01234,U027,2025-01-18 08:35:00,2025-01-18 11:57:00,workstation,USA,password+token,True,0
S01235,U027,2025-01-19 06:33:00,2025-01-19 09:30:00,workstation,Singapore,password,True,0
S01236,U027,2025-01-20 07:11:00,2025-01-20 09:45:00,workstation,Germany,password+token,True,1
S01237,U027,2025-01-20 11:07:00,2025-01-20 14:20:00,workstation,India,password,True,1
S01238,U027,2025-01-21 06:58:00,2025-01-21 09:39:00,workstation,India,password+token,True,0
S01239,U027,2025-01-22 06:44:00,2025-01-22 08:26:00,vpn,India,password+token,True,3
S01240,U027,2025-01-23 07:27:00,2025-01-23 11:11:00,workstation,USA,password,True,0
S01241,U027,2025-01-23 11:33:00,2025-01-23 15:25:00,workstation,Germany,password,True,1
S01242,U027,2025-01-23 15:56:00,2025-01-23 20:01:00,workstation,USA,password,True,0
S01243,U027,2025-01-24 06:25:00,2025-01-24 09:36:00,workstation,Singapore,password+token,True,0
S01244,U027,2025-01-27 08:40:00,2025-01-27 12:34:00,laptop,India,password+token,True,0
S01245,U027,2025-01-28 06:52:00,2025-01-28 09:59:00,vpn,India,password+token,True,0
S01246,U027,2025-01-29 10:18:00,2025-01-29 12:36:00,vpn,India,password+token,True,2
S01247,U027,2025-01-29 13:08:00,2025-01-29 17:00:00,workstation,Singapore,password,True,0
S01248,U027,2025-01-30 06:55:00,2025-01-30 10:24:00,laptop,USA,password,True,2
S01249,U027,2025-01-30 11:59:00,2025-01-30 14:29:00,workstation,India,password,True,0
S01250,U027,2025-01-30 16:19:00,2025-01-30 19:29:00,vpn,Singapore,password+token,True,0
S01251,U027,2025-01-31 10:29:00,2025-01-31 14:15:00,vpn,Germany,password+token,True,0
S01252,U027,2025-02-01 06:24:00,2025-02-01 10:01:00,vpn,India,password+token,True,1
S01253,U027,2025-02-03 06:22:00,2025-02-03 08:42:00,workstation,India,password+token,True,0
S01254,U027,2025-02-03 09:19:00,2025-02-03 11:18:00,vpn,Germany,password+token,True,2
S01255,U027,2025-02-03 13:12:00,2025-02-03 15:44:00,workstation,Singapore,password,True,1
S01256,U027,2025-02-04 10:21:00,2025-02-04 13:52:00,workstation,Singapore,password,True,0
S01257,U027,2025-02-05 06:42:00,2025-02-05 10:09:00,vpn,Singapore,password+token,True,1
S01258,U027,2025-02-05 10:29:00,2025-02-05 12:26:00,vpn,India,password+token,True,0
S01259,U027,2025-02-06 07:29:00,2025-02-06 09:27:00,workstation,USA,password,True,0
S01260,U027,2025-02-06 10:30:00,2025-02-06 14:01:00,workstation,Singapore,password,True,0
S01261,U027,2025-02-06 14:36:00,2025-02-06 18:06:00,vpn,Germany,password+token,True,0
S01262,U027,2025-02-07 10:27:00,2025-02-07 14:07:00,workstation,India,password,True,0
S01263,U027,2025-02-07 14:59:00,2025-02-07 15:53:00,vpn,India,password+token,True,0
S01264,U027,2025-02-08 10:15:00,2025-02-08 12:16:00,workstation,Singapore,password+token,True,1
S01265,U027,2025-02-09 06:17:00,2025-02-09 09:06:00,workstation,India,password,True,0
S01266,U027,2025-02-09 10:14:00,2025-02-09 14:06:00,vpn,India,password+token,True,1
S01267,U027,2025-02-09 15:25:00,2025-02-09 18:57:00,workstation,Germany,password,True,2
S01268,U027,2025-02-10 10:43:00,2025-02-10 13:23:00,workstation,India,password+token,False,1
S01269,U027,2025-02-11 11:14:00,2025-02-11 14:21:00,workstation,India,password,True,1
S01270,U027,2025-02-12 09:55:00,2025-02-12 12:39:00,laptop,Singapore,password+token,True,1
S01271,U027,2025-02-13 09:13:00,2025-02-13 10:53:00,vpn,USA,password+token,True,1
S01272,U027,2025-02-13 11:24:00,2025-02-13 14:24:00,workstation,USA,password+token,True,1
S01273,U027,2025-02-14 06:44:00,2025-02-14 10:32:00,workstation,Germany,password,True,0
S01274,U027,2025-02-15 08:13:00,2025-02-15 11:56:00,workstation,India,password,True,1
S01275,U027,2025-02-15 13:55:00,2025-02-15 16:43:00,vpn,India,password+token,True,1
S01276,U027,2025-02-15 18:19:00,2025-02-15 20:23:00,laptop,India,password+token,True,0
S01277,U028,2025-01-05 11:08:00,2025-01-05 12:57:00,laptop,Singapore,password+token,False,1
S01278,U028,2025-01-06 09:38:00,2025-01-06 11:15:00,laptop,India,password,True,3
S01279,U028,2025-01-08 09:24:00,2025-01-08 10:16:00,laptop,India,password+token,False,2
S01280,U028,2025-01-09 10:07:00,2025-01-09 11:36:00,laptop,Singapore,password,True,0
S01281,U028,2025-01-09 13:21:00,2025-01-09 15:22:00,laptop,India,password,True,0
S01282,U028,2025-01-10 10:09:00,2025-01-10 11:22:00,vpn,India,password+token,True,0
S01283,U028,2025-01-12 10:25:00,2025-01-12 12:30:00,vpn,India,password+token,True,0
S01284,U028,2025-01-13 12:40:00,2025-01-13 13:31:00,laptop,India,password,True,1
S01285,U028,2025-01-15 10:26:00,2025-01-15 12:35:00,laptop,India,password,False,0
S01286,U028,2025-01-16 10:37:00,2025-01-16 13:26:00,workstation,India,password+token,True,0
S01287,U028,2025-01-17 10:28:00,2025-01-17 11:33:00,vpn,India,password+token,True,1
S01288,U028,2025-01-20 10:15:00,2025-01-20 11:42:00,vpn,India,password+token,False,2
S01289,U028,2025-01-23 11:16:00,2025-01-23 13:22:00,laptop,India,password,False,1
S01290,U028,2025-01-24 11:03:00,2025-01-24 12:52:00,laptop,India,password+token,True,0
S01291,U028,2025-01-24 13:37:00,2025-01-24 15:12:00,laptop,India,password+token,False,2
S01292,U028,2025-01-25 12:12:00,2025-01-25 13:53:00,laptop,India,password,True,1
S01293,U028,2025-01-25 14:52:00,2025-01-25 17:14:00,laptop,India,password,True,0
S01294,U028,2025-01-25 18:27:00,2025-01-25 20:08:00,laptop,Singapore,password+token,False,1
S01295,U028,2025-01-27 10:19:00,2025-01-27 12:03:00,workstation,India,password,False,0
S01296,U028,2025-01-27 13:02:00,2025-01-27 15:31:00,workstation,India,password+token,False,0
S01297,U028,2025-01-29 10:35:00,2025-01-29 11:14:00,laptop,USA,password,False,1
S01298,U028,2025-01-29 12:00:00,2025-01-29 12:44:00,laptop,India,password,False,3
S01299,U028,2025-01-29 14:19:00,2025-01-29 16:07:00,laptop,Singapore,password+token,False,0
S01300,U028,2025-01-30 13:40:00,2025-01-30 14:48:00,workstation,Singapore,password,True,0
S01301,U028,2025-01-31 12:05:00,2025-01-31 13:22:00,laptop,India,password+token,True,1
S01302,U028,2025-01-31 14:26:00,2025-01-31 16:37:00,laptop,India,password,True,2
S01303,U028,2025-02-02 11:16:00,2025-02-02 13:05:00,laptop,India,password,True,0
S01304,U028,2025-02-03 10:40:00,2025-02-03 12:32:00,laptop,India,password+token,False,0
S01305,U028,2025-02-04 09:58:00,2025-02-04 11:32:00,workstation,India,password+token,True,0
S01306,U028,2025-02-05 12:18:00,2025-02-05 14:29:00,laptop,India,password,True,1
S01307,U028,2025-02-06 10:08:00,2025-02-06 11:23:00,laptop,India,password,False,2
S01308,U028,2025-02-07 10:51:00,2025-02-07 13:07:00,laptop,India,password,True,0
S01309,U028,2025-02-10 10:51:00,2025-02-10 12:16:00,laptop,India,password,True,0
S01310,U028,2025-02-10 13:30:00,2025-02-10 15:22:00,laptop,India,password,False,1
S01311,U028,2025-02-10 16:55:00,2025-02-10 18:45:00,laptop,India,password,True,3
S01312,U028,2025-02-11 11:40:00,2025-02-11 13:20:00,laptop,India,password,True,1
S01313,U028,2025-02-12 10:03:00,2025-02-12 13:26:00,laptop,India,password,True,2
S01314,U028,2025-02-13 11:18:00,2025-02-13 12:19:00,vpn,India,password+token,True,0
S01315,U028,2025-02-14 11:15:00,2025-02-14 12:04:00,laptop,India,password,True,1
S01316,U028,2025-02-14 13:27:00,2025-02-14 15:05:00,workstation,India,password,False,0
S01317,U029,2025-01-01 11:31:00,2025-01-01 13:46:00,laptop,Germany,password,True,1
S01318,U029,2025-01-01 14:19:00,2025-01-01 17:15:00,vpn,Singapore,password+token,False,1
S01319,U029,2025-01-02 10:57:00,2025-01-02 11:45:00,laptop,India,password,False,1
S01320,U029,2025-01-03 06:50:00,2025-01-03 08:30:00,vpn,India,password+token,False,0
S01321,U029,2025-01-06 12:21:00,2025-01-06 14:08:00,laptop,Germany,password,True,2
S01322,U029,2025-01-08 10:45:00,2025-01-08 14:01:00,workstation,India,password+token,True,0
S01323,U029,2025-01-08 14:51:00,2025-01-08 17:35:00,vpn,USA,password+token,False,0
S01324,U029,2025-01-08 19:03:00,2025-01-08 21:01:00,laptop,Singapore,password,False,1
S01325,U029,2025-01-09 09:48:00,2025-01-09 12:13:00,vpn,USA,password+token,False,0
S01326,U029,2025-01-10 12:39:00,2025-01-10 15:15:00,laptop,India,password,True,0
S01327,U029,2025-01-11 15:42:00,2025-01-11 17:09:00,laptop,Germany,password,True,1
S01328,U029,2025-01-13 08:23:00,2025-01-13 11:17:00,laptop,India,password+token,True,0
S01329,U029,2025-01-14 12:11:00,2025-01-14 15:07:00,laptop,Germany,password+token,False,1
S01330,U029,2025-01-15 10:42:00,2025-01-15 13:08:00,workstation,Germany,password,True,1
S01331,U029,2025-01-15 15:07:00,2025-01-15 17:54:00,laptop,Germany,password,True,0
S01332,U029,2025-01-16 09:17:00,2025-01-16 11:32:00,laptop,Singapore,password+token,True,1
S01333,U029,2025-01-17 06:11:00,2025-01-17 08:50:00,workstation,India,password+token,True,0
S01334,U029,2025-01-17 09:35:00,2025-01-17 12:18:00,laptop,USA,password+token,True,1
S01335,U029,2025-01-18 12:49:00,2025-01-18 15:08:00,workstation,India,password+token,False,0
S01336,U029,2025-01-20 07:30:00,2025-01-20 09:34:00,workstation,USA,password,True,1
S01337,U029,2025-01-20 11:12:00,2025-01-20 13:48:00,laptop,Germany,password,True,0
S01338,U029,2025-01-24 09:32:00,2025-01-24 11:59:00,workstation,India,password,True,0
S01339,U029,2025-01-24 13:19:00,2025-01-24 15:42:00,laptop,India,password+token,True,1
S01340,U029,2025-01-24 17:41:00,2025-01-24 20:12:00,vpn,Germany,password+token,True,1
S01341,U029,2025-01-26 06:40:00,2025-01-26 08:42:00,laptop,Germany,password,True,2
S01342,U029,2025-01-27 11:37:00,2025-01-27 13:55:00,laptop,Singapore,password,True,0
S01343,U029,2025-01-28 06:50:00,2025-01-28 08:05:00,vpn,India,password+token,True,0
S01344,U029,2025-01-30 06:00:00,2025-01-30 07:34:00,vpn,Germany,password+token,True,0
S01345,U029,2025-01-31 06:25:00,2025-01-31 09:13:00,workstation,USA,password+token,True,0
S01346,U029,2025-01-31 10:24:00,2025-01-31 13:25:00,vpn,Germany,password+token,True,1
S01347,U029,2025-02-02 13:51:00,2025-02-02 15:28:00,laptop,India,password,True,1
S01348,U029,2025-02-02 16:25:00,2025-02-02 17:31:00,laptop,USA,password+token,True,0
S01349,U029,2025-02-03 06:29:00,2025-02-03 08:34:00,workstation,India,password,True,0
S01350,U029,2025-02-03 09:45:00,2025-02-03 11:27:00,workstation,Singapore,password,False,2
S01351,U029,2025-02-05 08:42:00,2025-02-05 10:28:00,vpn,India,password+token,False,0
S01352,U029,2025-02-10 10:04:00,2025-02-10 11:28:00,laptop,India,password,True,1
S01353,U029,2025-02-11 06:27:00,2025-02-11 09:41:00,laptop,India,password+token,True,0
S01354,U029,2025-02-12 11:23:00,2025-02-12 14:15:00,workstation,India,password+token,True,1
S01355,U029,2025-02-12 15:04:00,2025-02-12 16:38:00,workstation,Singapore,password,True,0
S01356,U029,2025-02-12 17:42:00,2025-02-12 20:31:00,workstation,Singapore,password+token,True,1
S01357,U029,2025-02-13 13:43:00,2025-02-13 16:06:00,laptop,USA,password+token,False,1
S01358,U029,2025-02-14 13:52:00,2025-02-14 17:01:00,workstation,USA,password+token,False,1
S01359,U030,2025-01-01 11:41:00,2025-01-01 13:29:00,workstation,India,password,True,1
S01360,U030,2025-01-03 11:12:00,2025-01-03 13:48:00,laptop,India,password,True,0
S01361,U030,2025-01-03 15:18:00,2025-01-03 16:09:00,laptop,India,password,True,0
S01362,U030,2025-01-03 17:50:00,2025-01-03 19:28:00,workstation,India,password,False,0
S01363,U030,2025-01-07 08:00:00,2025-01-07 10:21:00,workstation,India,password+token,False,0
S01364,U030,2025-01-07 11:43:00,2025-01-07 12:56:00,laptop,India,password,True,2
S01365,U030,2025-01-07 14:04:00,2025-01-07 14:39:00,workstation,India,password,True,0
S01366,U030,2025-01-08 09:31:00,2025-01-08 11:25:00,laptop,India,password+token,True,1
S01367,U030,2025-01-09 09:54:00,2025-01-09 12:24:00,laptop,Germany,password,True,0
S01368,U030,2025-01-09 13:53:00,2025-01-09 15:02:00,laptop,USA,password,False,1
S01369,U030,2025-01-09 15:53:00,2025-01-09 17:27:00,laptop,India,password,True,1
S01370,U030,2025-01-10 10:36:00,2025-01-10 11:20:00,vpn,India,password+token,False,0
S01371,U030,2025-01-13 10:51:00,2025-01-13 13:22:00,laptop,India,password,True,0
S01372,U030,2025-01-13 14:50:00,2025-01-13 16:41:00,workstation,India,password+token,False,1
S01373,U030,2025-01-14 09:24:00,2025-01-14 10:26:00,laptop,India,password,False,1
S01374,U030,2025-01-14 11:48:00,2025-01-14 13:58:00,laptop,Germany,password+token,False,0
S01375,U030,2025-01-16 10:37:00,2025-01-16 12:39:00,workstation,India,password+token,True,0
S01376,U030,2025-01-19 10:11:00,2025-01-19 11:46:00,laptop,India,password+token,True,1
S01377,U030,2025-01-20 08:21:00,2025-01-20 08:59:00,laptop,India,password,True,1
S01378,U030,2025-01-20 09:43:00,2025-01-20 11:06:00,laptop,India,password+token,True,0
S01379,U030,2025-01-21 10:15:00,2025-01-21 11:41:00,laptop,India,password,True,2
S01380,U030,2025-01-22 07:32:00,2025-01-22 09:03:00,laptop,India,password+token,False,1
S01381,U030,2025-01-23 10:06:00,2025-01-23 12:12:00,laptop,India,password+token,True,0
S01382,U030,2025-01-23 13:41:00,2025-01-23 15:06:00,laptop,India,password+token,True,1
S01383,U030,2025-01-27 10:31:00,2025-01-27 12:10:00,laptop,India,password,True,0
S01384,U030,2025-01-27 13:02:00,2025-01-27 14:30:00,laptop,India,password+token,False,1
S01385,U030,2025-01-27 15:43:00,2025-01-27 17:38:00,vpn,India,password+token,False,3
S01386,U030,2025-01-29 10:40:00,2025-01-29 12:28:00,laptop,India,password,False,3
S01387,U030,2025-01-29 13:54:00,2025-01-29 15:45:00,laptop,USA,password,False,1
S01388,U030,2025-01-29 16:20:00,2025-01-29 17:52:00,laptop,India,password,True,3
S01389,U030,2025-01-30 10:01:00,2025-01-30 11:47:00,laptop,India,password,True,1
S01390,U030,2025-01-31 12:21:00,2025-01-31 14:28:00,laptop,India,password,False,2
S01391,U030,2025-01-31 16:03:00,2025-01-31 17:33:00,workstation,India,password+token,True,0
S01392,U030,2025-01-31 19:09:00,2025-01-31 21:15:00,laptop,India,password,True,2
S01393,U030,2025-02-03 09:14:00,2025-02-03 11:28:00,laptop,India,password+token,True,0
S01394,U030,2025-02-04 09:12:00,2025-02-04 10:02:00,workstation,India,password,True,1
S01395,U030,2025-02-04 11:01:00,2025-02-04 11:39:00,laptop,India,password,True,2
S01396,U030,2025-02-07 09:36:00,2025-02-07 11:24:00,laptop,India,password+token,False,0
S01397,U030,2025-02-07 13:03:00,2025-02-07 14:40:00,workstation,India,password+token,False,0
S01398,U030,2025-02-11 11:04:00,2025-02-11 12:24:00,laptop,USA,password+token,True,1
S01399,U030,2025-02-11 12:44:00,2025-02-11 14:27:00,workstation,India,password,True,0
S01400,U030,2025-02-12 11:47:00,2025-02-12 12:07:00,laptop,India,password+token,False,0
S01401,U030,2025-02-12 12:43:00,2025-02-12 14:14:00,laptop,India,password+token,True,0
S01402,U030,2025-02-13 12:54:00,2025-02-13 14:32:00,laptop,India,password,False,3
S01403,U030,2025-02-14 09:21:00,2025-02-14 10:53:00,vpn,India,password+token,True,5
S01404,U030,2025-02-15 10:20:00,2025-02-15 12:14:00,vpn,India,password+token,True,2
S01405,U031,2025-01-01 06:49:00,2025-01-01 08:56:00,vpn,India,password+token,True,1
S01406,U031,2025-01-01 09:40:00,2025-01-01 12:17:00,laptop,India,password,True,0
S01407,U031,2025-01-02 06:28:00,2025-01-02 08:37:00,workstation,India,password,False,2
S01408,U031,2025-01-02 09:12:00,2025-01-02 11:11:00,laptop,Singapore,password+token,True,2
S01409,U031,2025-01-02 12:17:00,2025-01-02 15:12:00,workstation,India,password,True,1
S01410,U031,2025-01-03 08:23:00,2025-01-03 11:54:00,workstation,India,password,True,0
S01411,U031,2025-01-04 06:17:00,2025-01-04 10:13:00,laptop,India,password+token,False,0
S01412,U031,2025-01-06 06:38:00,2025-01-06 08:14:00,workstation,India,password,False,1
S01413,U031,2025-01-07 06:44:00,2025-01-07 09:38:00,vpn,India,password+token,True,0
S01414,U031,2025-01-07 10:58:00,2025-01-07 14:44:00,vpn,India,password+token,False,0
S01415,U031,2025-01-08 06:59:00,2025-01-08 08:50:00,laptop,India,password,False,0
S01416,U031,2025-01-09 06:24:00,2025-01-09 09:09:00,laptop,India,password+token,True,0
S01417,U031,2025-01-09 10:25:00,2025-01-09 12:59:00,workstation,India,password+token,False,0
S01418,U031,2025-01-10 07:33:00,2025-01-10 10:07:00,vpn,India,password+token,True,0
S01419,U031,2025-01-13 06:28:00,2025-01-13 09:02:00,laptop,India,password,True,2
S01420,U031,2025-01-13 09:30:00,2025-01-13 12:18:00,laptop,India,password,False,1
S01421,U031,2025-01-13 14:02:00,2025-01-13 16:00:00,laptop,India,password,True,2
S01422,U031,2025-01-14 06:15:00,2025-01-14 09:53:00,vpn,India,password+token,True,1
S01423,U031,2025-01-16 06:26:00,2025-01-16 08:47:00,workstation,India,password+token,False,1
S01424,U031,2025-01-16 09:08:00,2025-01-16 11:42:00,laptop,India,password,False,0
S01425,U031,2025-01-17 06:22:00,2025-01-17 08:28:00,workstation,India,password,True,1
S01426,U031,2025-01-18 06:45:00,2025-01-18 08:50:00,vpn,India,password+token,True,0
S01427,U031,2025-01-18 10:47:00,2025-01-18 13:29:00,vpn,India,password+token,True,1
S01428,U031,2025-01-20 06:22:00,2025-01-20 08:31:00,laptop,Germany,password,False,1
S01429,U031,2025-01-21 07:53:00,2025-01-21 10:44:00,laptop,India,password+token,False,0
S01430,U031,2025-01-22 06:10:00,2025-01-22 09:01:00,workstation,India,password,True,0
S01431,U031,2025-01-25 06:41:00,2025-01-25 09:38:00,vpn,India,password+token,False,1
S01432,U031,2025-01-27 06:07:00,2025-01-27 08:20:00,laptop,Singapore,password,False,0
S01433,U031,2025-01-28 06:25:00,2025-01-28 08:58:00,vpn,India,password+token,True,1
S01434,U031,2025-01-30 07:13:00,2025-01-30 09:18:00,laptop,USA,password+token,True,0
S01435,U031,2025-01-31 09:50:00,2025-01-31 12:15:00,workstation,USA,password,True,1
S01436,U031,2025-02-01 06:06:00,2025-02-01 08:42:00,workstation,India,password+token,False,1
S01437,U031,2025-02-03 06:50:00,2025-02-03 08:25:00,laptop,Singapore,password+token,True,1
S01438,U031,2025-02-04 07:33:00,2025-02-04 11:58:00,laptop,India,password+token,False,0
S01439,U031,2025-02-05 06:01:00,2025-02-05 08:47:00,laptop,India,password+token,False,1
S01440,U031,2025-02-06 06:58:00,2025-02-06 08:30:00,laptop,India,password+token,True,1
S01441,U031,2025-02-10 06:18:00,2025-02-10 08:58:00,workstation,India,password,False,2
S01442,U031,2025-02-12 06:18:00,2025-02-12 09:18:00,workstation,India,password+token,False,0
S01443,U031,2025-02-13 06:18:00,2025-02-13 09:24:00,laptop,Germany,password+token,True,3
S01444,U031,2025-02-13 10:36:00,2025-02-13 13:06:00,laptop,India,password+token,True,2
S01445,U031,2025-02-14 06:15:00,2025-02-14 09:25:00,vpn,India,password+token,True,1
S01446,U031,2025-02-14 10:24:00,2025-02-14 13:47:00,vpn,India,password+token,True,0
S01447,U032,2025-01-02 06:17:00,2025-01-02 08:16:00,workstation,India,password,True,1
S01448,U032,2025-01-03 06:14:00,2025-01-03 07:12:00,laptop,India,password,True,1
S01449,U032,2025-01-03 09:05:00,2025-01-03 11:50:00,workstation,India,password,False,0
S01450,U032,2025-01-04 07:15:00,2025-01-04 09:27:00,workstation,Germany,password,True,0
S01451,U032,2025-01-04 10:16:00,2025-01-04 12:03:00,vpn,India,password+token,True,1
S01452,U032,2025-01-07 11:33:00,2025-01-07 12:42:00,laptop,India,password,True,0
S01453,U032,2025-01-07 13:31:00,2025-01-07 14:56:00,laptop,Singapore,password,True,0
S01454,U032,2025-01-07 15:50:00,2025-01-07 17:23:00,laptop,Singapore,password+token,True,1
S01455,U032,2025-01-08 12:31:00,2025-01-08 13:42:00,laptop,India,password,True,0
S01456,U032,2025-01-08 14:31:00,2025-01-08 16:45:00,workstation,India,password,True,1
S01457,U032,2025-01-10 06:08:00,2025-01-10 07:53:00,laptop,India,password,False,0
S01458,U032,2025-01-10 09:44:00,2025-01-10 11:21:00,vpn,India,password+token,False,0
S01459,U032,2025-01-14 07:31:00,2025-01-14 09:51:00,workstation,India,password,False,1
S01460,U032,2025-01-16 11:15:00,2025-01-16 12:39:00,laptop,India,password,True,1
S01461,U032,2025-01-17 07:21:00,2025-01-17 10:15:00,workstation,India,password+token,True,0
S01462,U032,2025-01-17 12:00:00,2025-01-17 14:13:00,laptop,India,password,True,0
S01463,U032,2025-01-17 15:31:00,2025-01-17 16:51:00,laptop,USA,password,True,0
S01464,U032,2025-01-19 10:31:00,2025-01-19 12:10:00,laptop,India,password,True,0
S01465,U032,2025-01-19 13:24:00,2025-01-19 15:25:00,workstation,India,password,True,1
S01466,U032,2025-01-19 16:45:00,2025-01-19 17:40:00,workstation,India,password+token,True,1
S01467,U032,2025-01-21 10:08:00,2025-01-21 11:19:00,laptop,India,password+token,True,0
S01468,U032,2025-01-22 06:34:00,2025-01-22 08:23:00,laptop,India,password+token,False,0
S01469,U032,2025-01-23 09:20:00,2025-01-23 10:53:00,laptop,India,password,True,0
S01470,U032,2025-01-24 09:47:00,2025-01-24 10:41:00,laptop,India,password+token,False,0
S01471,U032,2025-01-24 12:19:00,2025-01-24 13:45:00,laptop,India,password+token,True,1
S01472,U032,2025-01-24 15:38:00,2025-01-24 17:01:00,workstation,India,password,False,1
S01473,U032,2025-01-27 11:49:00,2025-01-27 13:04:00,laptop,India,password,False,1
S01474,U032,2025-02-02 07:13:00,2025-02-02 08:53:00,laptop,India,password,False,1
S01475,U032,2025-02-03 07:10:00,2025-02-03 08:56:00,laptop,India,password+token,True,0
S01476,U032,2025-02-03 09:50:00,2025-02-03 11:19:00,laptop,India,password,True,2
S01477,U032,2025-02-04 10:44:00,2025-02-04 12:01:00,laptop,India,password+token,True,0
S01478,U032,2025-02-05 06:09:00,2025-02-05 07:38:00,vpn,USA,password+token,True,0
S01479,U032,2025-02-06 07:10:00,2025-02-06 07:50:00,laptop,Singapore,password,False,0
S01480,U032,2025-02-07 08:01:00,2025-02-07 10:32:00,laptop,India,password,False,0
S01481,U032,2025-02-10 06:29:00,2025-02-10 07:24:00,laptop,India,password+token,True,0
S01482,U032,2025-02-13 08:57:00,2025-02-13 10:12:00,vpn,India,password+token,True,1
S01483,U033,2025-01-01 08:48:00,2025-01-01 09:59:00,workstation,India,password+token,False,0
S01484,U033,2025-01-01 10:29:00,2025-01-01 11:31:00,laptop,India,password,True,0
S01485,U033,2025-01-01 13:24:00,2025-01-01 14:43:00,laptop,India,password,True,0
S01486,U033,2025-01-02 09:02:00,2025-01-02 11:25:00,laptop,India,password,True,1
S01487,U033,2025-01-02 12:06:00,2025-01-02 13:25:00,workstation,India,password,False,1
S01488,U033,2025-01-02 14:21:00,2025-01-02 15:36:00,laptop,India,password+token,True,1
S01489,U033,2025-01-03 06:24:00,2025-01-03 07:51:00,laptop,India,password,True,0
S01490,U033,2025-01-09 08:56:00,2025-01-09 11:19:00,vpn,India,password+token,True,1
S01491,U033,2025-01-10 06:41:00,2025-01-10 09:00:00,vpn,India,password+token,True,1
S01492,U033,2025-01-10 10:51:00,2025-01-10 12:17:00,laptop,India,password,True,2
S01493,U033,2025-01-13 07:21:00,2025-01-13 08:28:00,laptop,USA,password,False,0
S01494,U033,2025-01-14 08:04:00,2025-01-14 09:39:00,workstation,India,password+token,True,0
S01495,U033,2025-01-15 10:34:00,2025-01-15 12:22:00,laptop,Singapore,password,True,0
S01496,U033,2025-01-16 08:33:00,2025-01-16 09:59:00,laptop,India,password,True,1
S01497,U033,2025-01-16 10:57:00,2025-01-16 12:15:00,workstation,India,password+token,True,0
S01498,U033,2025-01-16 13:05:00,2025-01-16 15:56:00,laptop,India,password,False,0
S01499,U033,2025-01-17 07:27:00,2025-01-17 09:16:00,laptop,India,password,True,0
S01500,U033,2025-01-17 09:39:00,2025-01-17 09:59:00,laptop,India,password+token,False,0
S01501,U033,2025-01-20 08:47:00,2025-01-20 09:20:00,laptop,USA,password+token,False,1
S01502,U033,2025-01-20 09:42:00,2025-01-20 11:52:00,laptop,Germany,password,True,1
S01503,U033,2025-01-22 06:02:00,2025-01-22 08:46:00,laptop,Germany,password+token,False,2
S01504,U033,2025-01-22 10:17:00,2025-01-22 11:45:00,workstation,India,password+token,True,3
S01505,U033,2025-01-24 06:23:00,2025-01-24 08:12:00,workstation,India,password,True,2
S01506,U033,2025-01-27 10:35:00,2025-01-27 12:16:00,vpn,Germany,password+token,True,0
S01507,U033,2025-01-29 07:17:00,2025-01-29 07:38:00,laptop,India,password,True,2
S01508,U033,2025-01-30 06:14:00,2025-01-30 08:17:00,laptop,USA,password,True,0
S01509,U033,2025-01-31 07:49:00,2025-01-31 09:21:00,laptop,Singapore,password+token,True,0
S01510,U033,2025-01-31 10:06:00,2025-01-31 11:16:00,laptop,India,password,True,0
S01511,U033,2025-01-31 11:58:00,2025-01-31 13:17:00,laptop,India,password,False,1
S01512,U033,2025-02-03 08:56:00,2025-02-03 10:21:00,laptop,India,password+token,False,1
S01513,U033,2025-02-04 08:23:00,2025-02-04 09:12:00,workstation,India,password,False,0
S01514,U033,2025-02-05 06:51:00,2025-02-05 07:43:00,laptop,India,password+token,True,0
S01515,U033,2025-02-06 09:25:00,2025-02-06 11:17:00,laptop,Germany,password+token,True,1
S01516,U033,2025-02-07 11:16:00,2025-02-07 11:59:00,laptop,India,password,True,0
S01517,U033,2025-02-11 06:31:00,2025-02-11 07:57:00,vpn,India,password+token,True,0
S01518,U033,2025-02-11 09:04:00,2025-02-11 09:57:00,vpn,India,password+token,False,1
S01519,U033,2025-02-14 06:33:00,2025-02-14 07:19:00,vpn,India,password+token,False,1
S01520,U034,2025-01-01 15:25:00,2025-01-01 17:23:00,vpn,India,password+token,True,2
S01521,U034,2025-01-01 18:53:00,2025-01-01 21:55:00,laptop,Germany,password,False,1
S01522,U034,2025-01-02 11:51:00,2025-01-02 14:12:00,workstation,India,password,True,0
S01523,U034,2025-01-02 15:43:00,2025-01-02 17:32:00,laptop,India,password,False,0
S01524,U034,2025-01-02 18:03:00,2025-01-02 20:19:00,vpn,India,password+token,True,0
S01525,U034,2025-01-03 14:19:00,2025-01-03 16:39:00,workstation,Singapore,password,True,0
S01526,U034,2025-01-03 18:30:00,2025-01-03 20:12:00,vpn,India,password+token,True,2
S01527,U034,2025-01-03 22:09:00,2025-01-03 23:59:00,workstation,India,password+token,False,2
S01528,U034,2025-01-04 10:29:00,2025-01-04 12:21:00,workstation,Singapore,password+token,False,4
S01529,U034,2025-01-04 12:56:00,2025-01-04 14:55:00,laptop,India,password+token,False,1
S01530,U034,2025-01-06 12:56:00,2025-01-06 14:50:00,laptop,India,password,True,0
S01531,U034,2025-01-07 10:39:00,2025-01-07 12:38:00,workstation,India,password,True,1
S01532,U034,2025-01-08 09:34:00,2025-01-08 11:27:00,laptop,India,password,True,1
S01533,U034,2025-01-08 12:08:00,2025-01-08 14:43:00,laptop,India,password,True,1
S01534,U034,2025-01-08 16:29:00,2025-01-08 17:39:00,laptop,India,password,True,0
S01535,U034,2025-01-10 13:37:00,2025-01-10 14:47:00,laptop,India,password+token,True,1
S01536,U034,2025-01-11 10:05:00,2025-01-11 12:29:00,laptop,Singapore,password,True,0
S01537,U034,2025-01-11 13:27:00,2025-01-11 15:47:00,laptop,India,password+token,False,1
S01538,U034,2025-01-11 17:37:00,2025-01-11 20:02:00,vpn,India,password+token,False,0
S01539,U034,2025-01-13 09:03:00,2025-01-13 11:13:00,laptop,India,password,True,3
S01540,U034,2025-01-13 11:45:00,2025-01-13 13:14:00,laptop,India,password,True,1
S01541,U034,2025-01-13 13:44:00,2025-01-13 15:50:00,laptop,India,password,True,0
S01542,U034,2025-01-15 12:53:00,2025-01-15 14:51:00,laptop,India,password+token,True,0
S01543,U034,2025-01-16 11:02:00,2025-01-16 13:39:00,laptop,India,password+token,False,2
S01544,U034,2025-01-16 14:46:00,2025-01-16 16:22:00,workstation,India,password+token,True,2
S01545,U034,2025-01-17 10:21:00,2025-01-17 12:02:00,vpn,India,password+token,False,2
S01546,U034,2025-01-22 10:02:00,2025-01-22 11:57:00,laptop,India,password,True,4
S01547,U034,2025-01-22 13:25:00,2025-01-22 15:02:00,workstation,India,password,True,1
S01548,U034,2025-01-22 16:54:00,2025-01-22 18:30:00,laptop,India,password+token,True,1
S01549,U034,2025-01-23 11:39:00,2025-01-23 13:28:00,vpn,India,password+token,True,2
S01550,U034,2025-01-23 14:15:00,2025-01-23 16:14:00,laptop,India,password+token,True,0
S01551,U034,2025-01-24 11:36:00,2025-01-24 13:39:00,laptop,India,password,True,0
S01552,U034,2025-01-24 15:14:00,2025-01-24 17:01:00,laptop,India,password,True,2
S01553,U034,2025-01-27 06:34:00,2025-01-27 08:26:00,laptop,India,password,True,0
S01554,U034,2025-01-27 09:35:00,2025-01-27 11:52:00,workstation,India,password+token,True,2
S01555,U034,2025-01-27 12:46:00,2025-01-27 14:55:00,laptop,India,password+token,False,0
S01556,U034,2025-01-28 13:49:00,2025-01-28 15:18:00,laptop,USA,password,True,0
S01557,U034,2025-01-29 10:51:00,2025-01-29 12:18:00,laptop,India,password,True,2
S01558,U034,2025-01-29 12:59:00,2025-01-29 14:45:00,laptop,India,password,True,0
S01559,U034,2025-01-29 15:25:00,2025-01-29 17:50:00,laptop,India,password,True,1
S01560,U034,2025-01-30 09:59:00,2025-01-30 12:25:00,laptop,India,password,True,0
S01561,U034,2025-01-31 11:08:00,2025-01-31 12:27:00,laptop,Singapore,password+token,True,2
S01562,U034,2025-02-03 10:36:00,2025-02-03 12:41:00,laptop,India,password,True,1
S01563,U034,2025-02-03 14:12:00,2025-02-03 15:54:00,workstation,India,password+token,True,0
S01564,U034,2025-02-05 13:13:00,2025-02-05 15:32:00,laptop,India,password,True,1
S01565,U034,2025-02-05 16:47:00,2025-02-05 18:06:00,laptop,Singapore,password+token,True,1
S01566,U034,2025-02-05 19:28:00,2025-02-05 21:53:00,laptop,India,password,True,0
S01567,U034,2025-02-06 11:39:00,2025-02-06 14:29:00,laptop,India,password+token,False,3
S01568,U034,2025-02-06 15:02:00,2025-02-06 16:47:00,workstation,India,password+token,False,1
S01569,U034,2025-02-06 18:23:00,2025-02-06 20:30:00,workstation,India,password,False,1
S01570,U034,2025-02-07 10:40:00,2025-02-07 12:49:00,laptop,India,password,True,1
S01571,U034,2025-02-07 14:24:00,2025-02-07 14:44:00,laptop,India,password,True,0
S01572,U034,2025-02-08 11:26:00,2025-02-08 12:37:00,laptop,India,password+token,True,1
S01573,U034,2025-02-10 09:49:00,2025-02-10 11:24:00,laptop,India,password,True,0
S01574,U034,2025-02-11 13:44:00,2025-02-11 15:45:00,laptop,USA,password+token,True,2
S01575,U034,2025-02-12 09:06:00,2025-02-12 10:32:00,vpn,India,password+token,True,1
S01576,U034,2025-02-12 10:55:00,2025-02-12 12:31:00,laptop,India,password,True,0
S01577,U034,2025-02-13 11:28:00,2025-02-13 13:09:00,workstation,Germany,password,False,1
S01578,U034,2025-02-13 14:02:00,2025-02-13 14:58:00,workstation,India,password,True,1
S01579,U034,2025-02-14 08:39:00,2025-02-14 09:18:00,laptop,India,password+token,True,0
S01580,U034,2025-02-14 10:13:00,2025-02-14 12:15:00,workstation,India,password+token,True,1
S01581,U034,2025-02-14 13:03:00,2025-02-14 14:11:00,workstation,India,password,True,2
S01582,U035,2025-01-01 10:02:00,2025-01-01 10:32:00,laptop,India,password+token,True,0
S01583,U035,2025-01-02 11:54:00,2025-01-02 13:14:00,laptop,India,password,False,0
S01584,U035,2025-01-02 14:03:00,2025-01-02 16:14:00,laptop,USA,password+token,False,1
S01585,U035,2025-01-02 17:56:00,2025-01-02 18:56:00,workstation,India,password,False,0
S01586,U035,2025-01-03 08:33:00,2025-01-03 10:48:00,vpn,India,password+token,False,0
S01587,U035,2025-01-03 11:49:00,2025-01-03 13:52:00,workstation,India,password,False,0
S01588,U035,2025-01-03 14:27:00,2025-01-03 15:55:00,laptop,India,password,True,0
S01589,U035,2025-01-06 10:12:00,2025-01-06 11:02:00,workstation,India,password+token,True,1
S01590,U035,2025-01-07 11:39:00,2025-01-07 13:26:00,workstation,India,password,False,0
S01591,U035,2025-01-08 09:05:00,2025-01-08 10:37:00,workstation,Germany,password+token,False,0
S01592,U035,2025-01-09 11:09:00,2025-01-09 12:44:00,workstation,India,password+token,True,1
S01593,U035,2025-01-09 13:49:00,2025-01-09 14:39:00,laptop,India,password+token,False,0
S01594,U035,2025-01-10 08:38:00,2025-01-10 09:41:00,laptop,Singapore,password+token,True,0
S01595,U035,2025-01-12 12:56:00,2025-01-12 13:49:00,laptop,Germany,password,False,0
S01596,U035,2025-01-12 14:22:00,2025-01-12 16:17:00,workstation,India,password,True,0
S01597,U035,2025-01-12 18:05:00,2025-01-12 19:58:00,laptop,India,password,True,2
S01598,U035,2025-01-13 10:52:00,2025-01-13 12:16:00,laptop,USA,password+token,False,0
S01599,U035,2025-01-15 09:59:00,2025-01-15 11:19:00,laptop,India,password,True,3
S01600,U035,2025-01-16 09:49:00,2025-01-16 11:52:00,laptop,India,password,True,0
S01601,U035,2025-01-19 11:21:00,2025-01-19 13:37:00,laptop,India,password+token,True,2
S01602,U035,2025-01-20 10:47:00,2025-01-20 12:37:00,laptop,India,password+token,True,0
S01603,U035,2025-01-22 09:17:00,2025-01-22 10:10:00,workstation,India,password+token,True,0
S01604,U035,2025-01-22 12:01:00,2025-01-22 13:40:00,laptop,Singapore,password+token,False,0
S01605,U035,2025-01-22 14:07:00,2025-01-22 15:24:00,laptop,India,password,True,1
S01606,U035,2025-01-23 11:47:00,2025-01-23 13:19:00,laptop,India,password+token,False,0
S01607,U035,2025-01-23 14:01:00,2025-01-23 16:25:00,laptop,India,password,False,1
S01608,U035,2025-01-23 18:03:00,2025-01-23 20:12:00,laptop,India,password,True,0
S01609,U035,2025-01-24 09:20:00,2025-01-24 10:41:00,laptop,India,password,True,0
S01610,U035,2025-01-25 10:19:00,2025-01-25 11:36:00,workstation,USA,password,True,0
S01611,U035,2025-01-26 09:22:00,2025-01-26 10:49:00,workstation,India,password+token,True,0
S01612,U035,2025-01-27 10:20:00,2025-01-27 11:30:00,laptop,India,password+token,True,2
S01613,U035,2025-01-28 09:28:00,2025-01-28 11:37:00,workstation,India,password,True,0
S01614,U035,2025-01-28 12:45:00,2025-01-28 14:29:00,laptop,India,password,True,2
S01615,U035,2025-01-28 15:39:00,2025-01-28 17:08:00,workstation,India,password,True,1
S01616,U035,2025-01-29 11:23:00,2025-01-29 13:37:00,laptop,India,password+token,True,0
S01617,U035,2025-01-31 10:42:00,2025-01-31 12:22:00,laptop,India,password+token,True,1
S01618,U035,2025-02-03 11:19:00,2025-02-03 12:17:00,workstation,Singapore,password+token,True,1
S01619,U035,2025-02-03 13:42:00,2025-02-03 15:03:00,workstation,India,password+token,False,1
S01620,U035,2025-02-04 10:14:00,2025-02-04 11:19:00,laptop,Germany,password+token,True,1
S01621,U035,2025-02-05 09:28:00,2025-02-05 10:27:00,laptop,India,password,False,2
S01622,U035,2025-02-06 10:29:00,2025-02-06 12:04:00,laptop,India,password+token,True,2
S01623,U035,2025-02-06 13:38:00,2025-02-06 14:46:00,workstation,India,password,True,1
S01624,U035,2025-02-08 12:37:00,2025-02-08 13:47:00,laptop,India,password,True,0
S01625,U035,2025-02-08 14:54:00,2025-02-08 16:12:00,laptop,India,password,True,1
S01626,U035,2025-02-08 17:58:00,2025-02-08 20:23:00,laptop,India,password+token,True,0
S01627,U035,2025-02-10 12:25:00,2025-02-10 14:20:00,workstation,USA,password+token,True,0
S01628,U035,2025-02-11 11:54:00,2025-02-11 14:00:00,laptop,Singapore,password,True,0
S01629,U035,2025-02-12 11:46:00,2025-02-12 13:43:00,vpn,India,password+token,True,0
S01630,U035,2025-02-13 12:28:00,2025-02-13 13:48:00,laptop,India,password,True,1
S01631,U035,2025-02-14 09:49:00,2025-02-14 10:41:00,laptop,India,password,False,0
S01632,U035,2025-02-14 11:50:00,2025-02-14 12:33:00,laptop,India,password,True,2
S01633,U036,2025-01-02 11:07:00,2025-01-02 12:41:00,laptop,Germany,password,True,0
S01634,U036,2025-01-02 13:55:00,2025-01-02 16:37:00,laptop,India,password,False,1
S01635,U036,2025-01-03 09:22:00,2025-01-03 11:15:00,laptop,Germany,password+token,False,2
S01636,U036,2025-01-04 06:19:00,2025-01-04 07:37:00,vpn,Germany,password+token,False,0
S01637,U036,2025-01-04 09:10:00,2025-01-04 11:00:00,laptop,USA,password,True,2
S01638,U036,2025-01-04 12:12:00,2025-01-04 14:25:00,laptop,USA,password+token,True,1
S01639,U036,2025-01-06 10:57:00,2025-01-06 13:07:00,laptop,Singapore,password+token,False,0
S01640,U036,2025-01-06 15:00:00,2025-01-06 16:26:00,workstation,India,password+token,True,1
S01641,U036,2025-01-06 16:55:00,2025-01-06 18:47:00,laptop,India,password,True,1
S01642,U036,2025-01-07 11:25:00,2025-01-07 13:22:00,laptop,Germany,password+token,True,0
S01643,U036,2025-01-07 15:20:00,2025-01-07 17:31:00,laptop,Singapore,password,True,1
S01644,U036,2025-01-07 19:26:00,2025-01-07 21:26:00,laptop,India,password+token,True,2
S01645,U036,2025-01-08 08:20:00,2025-01-08 10:00:00,laptop,Germany,password+token,True,0
S01646,U036,2025-01-08 11:46:00,2025-01-08 14:05:00,laptop,Germany,password+token,True,2
S01647,U036,2025-01-09 09:06:00,2025-01-09 11:51:00,laptop,USA,password,False,1
S01648,U036,2025-01-09 12:28:00,2025-01-09 15:28:00,laptop,Singapore,password,True,0
S01649,U036,2025-01-09 17:21:00,2025-01-09 19:10:00,workstation,Germany,password,True,0
S01650,U036,2025-01-13 11:08:00,2025-01-13 13:25:00,laptop,Singapore,password,False,0
S01651,U036,2025-01-14 08:24:00,2025-01-14 10:15:00,laptop,India,password,True,1
S01652,U036,2025-01-15 10:09:00,2025-01-15 12:04:00,laptop,Germany,password,True,1
S01653,U036,2025-01-15 13:13:00,2025-01-15 16:11:00,laptop,USA,password+token,False,0
S01654,U036,2025-01-16 08:00:00,2025-01-16 09:48:00,workstation,Singapore,password+token,True,0
S01655,U036,2025-01-17 10:25:00,2025-01-17 12:34:00,laptop,Singapore,password,True,2
S01656,U036,2025-01-17 14:02:00,2025-01-17 16:52:00,laptop,Germany,password+token,True,1
S01657,U036,2025-01-21 06:40:00,2025-01-21 08:02:00,laptop,India,password,True,1
S01658,U036,2025-01-22 08:57:00,2025-01-22 10:48:00,laptop,India,password+token,False,1
S01659,U036,2025-01-22 11:41:00,2025-01-22 12:54:00,workstation,India,password+token,True,1
S01660,U036,2025-01-22 13:17:00,2025-01-22 16:02:00,workstation,USA,password,True,2
S01661,U036,2025-01-23 06:40:00,2025-01-23 09:19:00,laptop,Germany,password,True,1
S01662,U036,2025-01-23 10:13:00,2025-01-23 12:51:00,vpn,India,password+token,False,0
S01663,U036,2025-01-23 13:35:00,2025-01-23 15:19:00,laptop,Singapore,password+token,True,0
S01664,U036,2025-01-24 10:47:00,2025-01-24 12:21:00,workstation,India,password,True,1
S01665,U036,2025-01-24 13:36:00,2025-01-24 16:20:00,vpn,Singapore,password+token,False,3
S01666,U036,2025-01-27 07:10:00,2025-01-27 08:28:00,laptop,India,password+token,True,0
S01667,U036,2025-01-28 09:05:00,2025-01-28 11:13:00,workstation,India,password+token,True,0
S01668,U036,2025-01-28 13:04:00,2025-01-28 15:06:00,workstation,India,password+token,False,0
S01669,U036,2025-01-28 16:17:00,2025-01-28 18:19:00,workstation,Germany,password+token,True,0
S01670,U036,2025-01-29 06:22:00,2025-01-29 07:34:00,laptop,USA,password+token,True,1
S01671,U036,2025-01-29 07:56:00,2025-01-29 10:13:00,vpn,USA,password+token,True,0
S01672,U036,2025-01-29 11:39:00,2025-01-29 13:20:00,laptop,Singapore,password,True,0
S01673,U036,2025-01-30 08:03:00,2025-01-30 08:47:00,laptop,Germany,password+token,True,2
S01674,U036,2025-01-31 10:26:00,2025-01-31 11:53:00,workstation,India,password+token,True,2
S01675,U036,2025-02-02 09:43:00,2025-02-02 11:58:00,laptop,Singapore,password+token,True,0
S01676,U036,2025-02-02 13:56:00,2025-02-02 15:07:00,vpn,India,password+token,True,0
S01677,U036,2025-02-03 07:39:00,2025-02-03 09:42:00,laptop,Germany,password+token,True,1
S01678,U036,2025-02-04 08:43:00,2025-02-04 10:55:00,laptop,USA,password+token,True,0
S01679,U036,2025-02-05 09:38:00,2025-02-05 10:57:00,vpn,India,password+token,True,0
S01680,U036,2025-02-06 09:21:00,2025-02-06 11:02:00,workstation,Germany,password+token,True,1
S01681,U036,2025-02-07 10:45:00,2025-02-07 13:06:00,laptop,USA,password+token,True,0
S01682,U036,2025-02-08 08:13:00,2025-02-08 10:00:00,vpn,USA,password+token,False,0
S01683,U036,2025-02-08 10:29:00,2025-02-08 12:33:00,workstation,Germany,password+token,True,0
S01684,U036,2025-02-11 07:42:00,2025-02-11 08:55:00,laptop,USA,password,False,3
S01685,U036,2025-02-11 10:13:00,2025-02-11 12:03:00,laptop,Singapore,password+token,False,0
S01686,U036,2025-02-11 13:47:00,2025-02-11 16:04:00,laptop,India,password,True,1
S01687,U036,2025-02-12 09:32:00,2025-02-12 10:53:00,workstation,India,password+token,False,0
S01688,U036,2025-02-13 08:24:00,2025-02-13 10:29:00,vpn,India,password+token,True,1
S01689,U036,2025-02-13 11:07:00,2025-02-13 12:47:00,vpn,India,password+token,True,2
S01690,U036,2025-02-13 13:25:00,2025-02-13 14:46:00,laptop,Germany,password,False,0
S01691,U036,2025-02-14 09:22:00,2025-02-14 11:09:00,laptop,Singapore,password,True,2
S01692,U037,2025-01-01 08:24:00,2025-01-01 11:24:00,vpn,India,password+token,True,0
S01693,U037,2025-01-03 08:04:00,2025-01-03 09:43:00,workstation,India,password+token,True,0
S01694,U037,2025-01-06 11:31:00,2025-01-06 14:00:00,vpn,India,password+token,False,0
S01695,U037,2025-01-08 07:59:00,2025-01-08 11:51:00,workstation,India,password+token,True,0
S01696,U037,2025-01-09 11:22:00,2025-01-09 12:57:00,workstation,Germany,password+token,True,0
S01697,U037,2025-01-09 13:39:00,2025-01-09 15:42:00,workstation,India,password,True,1
S01698,U037,2025-01-10 06:12:00,2025-01-10 07:45:00,vpn,India,password+token,False,0
S01699,U037,2025-01-10 08:29:00,2025-01-10 12:39:00,workstation,India,password+token,True,1
S01700,U037,2025-01-10 13:07:00,2025-01-10 16:48:00,workstation,India,password,True,0
S01701,U037,2025-01-13 09:11:00,2025-01-13 11:43:00,laptop,India,password+token,True,0
S01702,U037,2025-01-13 12:13:00,2025-01-13 15:34:00,workstation,Germany,password,True,2
S01703,U037,2025-01-14 11:34:00,2025-01-14 13:43:00,workstation,India,password+token,True,1
S01704,U037,2025-01-14 15:25:00,2025-01-14 18:41:00,laptop,India,password,False,0
S01705,U037,2025-01-16 07:37:00,2025-01-16 10:18:00,laptop,India,password,True,0
S01706,U037,2025-01-16 11:52:00,2025-01-16 14:06:00,laptop,India,password,True,0
S01707,U037,2025-01-17 07:14:00,2025-01-17 09:29:00,laptop,India,password+token,True,1
S01708,U037,2025-01-17 11:26:00,2025-01-17 12:52:00,laptop,India,password+token,True,0
S01709,U037,2025-01-20 06:22:00,2025-01-20 07:49:00,workstation,India,password,False,0
S01710,U037,2025-01-20 08:11:00,2025-01-20 12:00:00,laptop,India,password,False,1
S01711,U037,2025-01-21 08:57:00,2025-01-21 10:46:00,workstation,India,password,True,0
S01712,U037,2025-01-21 12:07:00,2025-01-21 14:29:00,vpn,USA,password+token,True,0
S01713,U037,2025-01-22 06:20:00,2025-01-22 08:20:00,laptop,India,password+token,True,0
S01714,U037,2025-01-22 09:08:00,2025-01-22 11:12:00,laptop,Germany,password,False,1
S01715,U037,2025-01-23 10:31:00,2025-01-23 13:38:00,vpn,India,password+token,False,1
S01716,U037,2025-01-23 14:08:00,2025-01-23 15:00:00,workstation,India,password,False,0
S01717,U037,2025-01-25 08:34:00,2025-01-25 11:16:00,workstation,India,password,True,1
S01718,U037,2025-01-25 12:21:00,2025-01-25 14:15:00,laptop,Singapore,password,True,0
S01719,U037,2025-01-25 15:51:00,2025-01-25 17:21:00,laptop,India,password+token,True,0
S01720,U037,2025-01-29 08:58:00,2025-01-29 11:03:00,laptop,Singapore,password+token,True,2
S01721,U037,2025-01-30 07:44:00,2025-01-30 09:42:00,workstation,India,password,True,1
S01722,U037,2025-02-03 07:49:00,2025-02-03 09:43:00,workstation,Singapore,password+token,True,1
S01723,U037,2025-02-05 10:57:00,2025-02-05 13:52:00,laptop,India,password,True,1
S01724,U037,2025-02-05 15:28:00,2025-02-05 17:21:00,workstation,India,password+token,False,2
S01725,U037,2025-02-05 19:08:00,2025-02-05 21:30:00,vpn,India,password+token,False,2
S01726,U037,2025-02-07 09:31:00,2025-02-07 12:09:00,vpn,India,password+token,True,1
S01727,U037,2025-02-07 13:47:00,2025-02-07 17:10:00,laptop,India,password+token,True,1
S01728,U037,2025-02-08 06:25:00,2025-02-08 08:19:00,laptop,India,password+token,True,0
S01729,U037,2025-02-10 09:51:00,2025-02-10 11:40:00,laptop,Germany,password+token,True,0
S01730,U037,2025-02-10 12:06:00,2025-02-10 14:47:00,workstation,India,password,False,0
S01731,U037,2025-02-11 06:23:00,2025-02-11 08:37:00,laptop,India,password,False,0
S01732,U037,2025-02-11 09:18:00,2025-02-11 11:38:00,workstation,India,password,False,1
S01733,U037,2025-02-12 12:57:00,2025-02-12 14:08:00,laptop,India,password,False,2
S01734,U037,2025-02-12 15:10:00,2025-02-12 17:31:00,workstation,India,password+token,True,1
S01735,U037,2025-02-12 18:16:00,2025-02-12 20:13:00,workstation,India,password,True,0
S01736,U037,2025-02-13 08:52:00,2025-02-13 09:43:00,vpn,India,password+token,True,1
S01737,U037,2025-02-14 06:29:00,2025-02-14 07:51:00,vpn,India,password+token,True,1
S01738,U038,2025-01-01 11:27:00,2025-01-01 13:31:00,laptop,India,password+token,True,0
S01739,U038,2025-01-01 15:12:00,2025-01-01 18:04:00,laptop,India,password+token,False,0
S01740,U038,2025-01-02 11:01:00,2025-01-02 14:12:00,vpn,India,password+token,True,0
S01741,U038,2025-01-02 15:36:00,2025-01-02 18:37:00,laptop,India,password,False,1
S01742,U038,2025-01-07 12:18:00,2025-01-07 13:37:00,laptop,India,password+token,True,0
S01743,U038,2025-01-08 10:05:00,2025-01-08 12:15:00,vpn,India,password+token,True,0
S01744,U038,2025-01-11 12:57:00,2025-01-11 15:10:00,workstation,India,password,True,0
S01745,U038,2025-01-11 16:54:00,2025-01-11 19:25:00,laptop,India,password+token,True,1
S01746,U038,2025-01-13 11:57:00,2025-01-13 14:18:00,laptop,India,password,True,0
S01747,U038,2025-01-14 10:17:00,2025-01-14 13:22:00,workstation,India,password+token,True,0
S01748,U038,2025-01-14 15:01:00,2025-01-14 16:57:00,workstation,USA,password+token,False,0
S01749,U038,2025-01-15 11:43:00,2025-01-15 14:01:00,workstation,India,password+token,True,0
S01750,U038,2025-01-15 15:27:00,2025-01-15 17:49:00,vpn,India,password+token,True,0
S01751,U038,2025-01-17 11:40:00,2025-01-17 13:44:00,vpn,India,password+token,True,0
S01752,U038,2025-01-20 10:55:00,2025-01-20 12:54:00,vpn,India,password+token,False,1
S01753,U038,2025-01-21 10:52:00,2025-01-21 12:38:00,laptop,India,password+token,True,0
S01754,U038,2025-01-22 10:47:00,2025-01-22 12:01:00,workstation,India,password+token,True,0
S01755,U038,2025-01-23 11:03:00,2025-01-23 13:51:00,workstation,India,password,True,0
S01756,U038,2025-01-24 12:09:00,2025-01-24 14:47:00,laptop,India,password+token,True,1
S01757,U038,2025-01-27 10:11:00,2025-01-27 11:40:00,workstation,Germany,password+token,True,0
S01758,U038,2025-01-27 12:11:00,2025-01-27 14:09:00,workstation,India,password+token,True,0
S01759,U038,2025-01-28 06:30:00,2025-01-28 08:29:00,workstation,India,password+token,True,1
S01760,U038,2025-01-29 10:20:00,2025-01-29 12:04:00,vpn,India,password+token,True,0
S01761,U038,2025-01-30 09:12:00,2025-01-30 12:30:00,laptop,India,password,True,5
S01762,U038,2025-01-31 11:01:00,2025-01-31 13:59:00,workstation,India,password,True,0
S01763,U038,2025-02-03 11:59:00,2025-02-03 14:31:00,vpn,India,password+token,False,1
S01764,U038,2025-02-04 11:47:00,2025-02-04 14:46:00,vpn,India,password+token,True,0
S01765,U038,2025-02-05 10:58:00,2025-02-05 13:11:00,laptop,India,password,True,1
S01766,U038,2025-02-06 11:01:00,2025-02-06 13:10:00,vpn,India,password+token,True,0
S01767,U038,2025-02-07 11:40:00,2025-02-07 14:28:00,workstation,India,password,False,0
S01768,U038,2025-02-07 15:45:00,2025-02-07 19:02:00,laptop,India,password,False,0
S01769,U038,2025-02-07 19:49:00,2025-02-07 21:11:00,laptop,India,password+token,True,1
S01770,U038,2025-02-11 11:44:00,2025-02-11 13:33:00,workstation,India,password,False,0
S01771,U038,2025-02-11 14:07:00,2025-02-11 15:35:00,laptop,India,password,False,1
S01772,U038,2025-02-12 11:31:00,2025-02-12 13:57:00,laptop,India,password+token,True,0
S01773,U038,2025-02-13 11:46:00,2025-02-13 14:01:00,laptop,USA,password+token,True,1
S01774,U039,2025-01-01 09:53:00,2025-01-01 11:46:00,laptop,Germany,password,False,1
S01775,U039,2025-01-02 10:26:00,2025-01-02 11:53:00,laptop,India,password+token,True,2
S01776,U039,2025-01-03 11:58:00,2025-01-03 12:50:00,workstation,India,password,True,0
S01777,U039,2025-01-04 07:18:00,2025-01-04 08:25:00,vpn,Singapore,password+token,True,1
S01778,U039,2025-01-06 12:27:00,2025-01-06 13:49:00,laptop,India,password+token,False,2
S01779,U039,2025-01-07 09:55:00,2025-01-07 12:19:00,laptop,India,password+token,True,0
S01780,U039,2025-01-08 09:26:00,2025-01-08 11:12:00,vpn,Singapore,password+token,False,0
S01781,U039,2025-01-08 12:58:00,2025-01-08 14:43:00,laptop,India,password+token,True,1
S01782,U039,2025-01-09 08:48:00,2025-01-09 11:28:00,laptop,Germany,password,False,0
S01783,U039,2025-01-09 12:34:00,2025-01-09 14:22:00,laptop,Germany,password+token,True,1
S01784,U039,2025-01-10 07:00:00,2025-01-10 09:24:00,laptop,Germany,password+token,True,1
S01785,U039,2025-01-10 09:53:00,2025-01-10 11:03:00,laptop,Germany,password,True,2
S01786,U039,2025-01-12 10:37:00,2025-01-12 12:05:00,laptop,Germany,password+token,False,1
S01787,U039,2025-01-13 08:23:00,2025-01-13 10:07:00,workstation,India,password,True,1
S01788,U039,2025-01-15 10:17:00,2025-01-15 11:48:00,laptop,India,password,False,1
S01789,U039,2025-01-16 06:07:00,2025-01-16 07:41:00,workstation,Germany,password,False,1
S01790,U039,2025-01-17 11:14:00,2025-01-17 14:18:00,workstation,India,password,True,1
S01791,U039,2025-01-20 11:47:00,2025-01-20 12:49:00,laptop,India,password,False,1
S01792,U039,2025-01-21 08:10:00,2025-01-21 10:47:00,laptop,India,password+token,False,0
S01793,U039,2025-01-21 12:29:00,2025-01-21 14:32:00,laptop,Germany,password,True,2
S01794,U039,2025-01-21 16:20:00,2025-01-21 19:16:00,laptop,USA,password+token,False,0
S01795,U039,2025-01-22 09:46:00,2025-01-22 11:16:00,laptop,India,password,True,3
S01796,U039,2025-01-23 09:59:00,2025-01-23 12:12:00,laptop,Germany,password+token,True,1
S01797,U039,2025-01-27 09:34:00,2025-01-27 10:56:00,workstation,India,password,True,2
S01798,U039,2025-01-27 12:25:00,2025-01-27 14:37:00,workstation,Singapore,password,False,1
S01799,U039,2025-01-27 15:06:00,2025-01-27 16:59:00,laptop,India,password,False,0
S01800,U039,2025-01-28 09:21:00,2025-01-28 11:55:00,laptop,India,password,True,0
S01801,U039,2025-01-28 13:45:00,2025-01-28 15:26:00,laptop,Singapore,password,False,1
S01802,U039,2025-01-30 09:39:00,2025-01-30 11:42:00,laptop,India,password,True,2
S01803,U039,2025-01-30 12:55:00,2025-01-30 14:48:00,laptop,India,password+token,True,0
S01804,U039,2025-01-30 15:47:00,2025-01-30 17:35:00,laptop,USA,password+token,True,1
S01805,U039,2025-01-31 09:15:00,2025-01-31 11:48:00,laptop,India,password,True,0
S01806,U039,2025-02-02 09:15:00,2025-02-02 11:13:00,workstation,Germany,password+token,True,1
S01807,U039,2025-02-03 11:13:00,2025-02-03 12:15:00,laptop,USA,password,False,1
S01808,U039,2025-02-03 13:20:00,2025-02-03 15:20:00,workstation,Singapore,password,True,0
S01809,U039,2025-02-04 10:32:00,2025-02-04 13:02:00,laptop,USA,password,False,0
S01810,U039,2025-02-05 10:44:00,2025-02-05 12:08:00,workstation,Germany,password,True,0
S01811,U039,2025-02-05 13:17:00,2025-02-05 14:49:00,laptop,India,password+token,True,3
S01812,U039,2025-02-06 10:25:00,2025-02-06 10:46:00,laptop,Singapore,password,True,0
S01813,U039,2025-02-06 11:59:00,2025-02-06 12:57:00,workstation,Germany,password,False,0
S01814,U039,2025-02-06 13:24:00,2025-02-06 14:39:00,workstation,USA,password+token,True,1
S01815,U039,2025-02-07 08:15:00,2025-02-07 09:56:00,workstation,India,password+token,True,0
S01816,U039,2025-02-07 11:21:00,2025-02-07 13:01:00,workstation,Singapore,password+token,True,1
S01817,U039,2025-02-07 14:55:00,2025-02-07 16:01:00,laptop,USA,password,True,3
S01818,U039,2025-02-11 07:26:00,2025-02-11 09:01:00,workstation,Germany,password,True,1
S01819,U039,2025-02-12 09:17:00,2025-02-12 10:39:00,laptop,India,password,True,2
S01820,U039,2025-02-15 08:43:00,2025-02-15 10:32:00,laptop,Singapore,password+token,True,0
S01821,U040,2025-01-01 11:27:00,2025-01-01 14:04:00,laptop,India,password,True,2
S01822,U040,2025-01-02 06:22:00,2025-01-02 07:34:00,laptop,India,password,True,0
S01823,U040,2025-01-03 12:59:00,2025-01-03 13:49:00,workstation,Singapore,password+token,False,0
S01824,U040,2025-01-03 14:55:00,2025-01-03 16:46:00,laptop,India,password+token,False,0
S01825,U040,2025-01-03 17:14:00,2025-01-03 19:22:00,laptop,India,password+token,True,2
S01826,U040,2025-01-06 11:26:00,2025-01-06 12:25:00,laptop,India,password,True,0
S01827,U040,2025-01-06 13:45:00,2025-01-06 14:21:00,laptop,Germany,password,True,0
S01828,U040,2025-01-07 13:30:00,2025-01-07 13:50:00,laptop,India,password,False,0
S01829,U040,2025-01-08 12:51:00,2025-01-08 13:47:00,laptop,India,password,False,1
S01830,U040,2025-01-09 12:57:00,2025-01-09 14:04:00,workstation,India,password+token,True,2
S01831,U040,2025-01-10 13:08:00,2025-01-10 14:51:00,laptop,India,password,True,0
S01832,U040,2025-01-10 15:55:00,2025-01-10 17:21:00,vpn,India,password+token,True,0
S01833,U040,2025-01-12 14:47:00,2025-01-12 16:13:00,laptop,USA,password,False,0
S01834,U040,2025-01-12 17:48:00,2025-01-12 19:04:00,laptop,India,password+token,True,2
S01835,U040,2025-01-12 20:46:00,2025-01-12 22:41:00,laptop,India,password,True,2
S01836,U040,2025-01-13 12:48:00,2025-01-13 13:44:00,workstation,India,password,True,0
S01837,U040,2025-01-15 13:14:00,2025-01-15 15:06:00,laptop,India,password,True,0
S01838,U040,2025-01-15 16:30:00,2025-01-15 18:53:00,laptop,India,password,True,1
S01839,U040,2025-01-15 19:20:00,2025-01-15 22:07:00,laptop,USA,password+token,True,0
S01840,U040,2025-01-17 13:43:00,2025-01-17 15:46:00,workstation,India,password,False,2
S01841,U040,2025-01-18 12:20:00,2025-01-18 13:43:00,vpn,India,password+token,False,1
S01842,U040,2025-01-21 13:45:00,2025-01-21 15:36:00,laptop,Singapore,password,True,1
S01843,U040,2025-01-31 13:36:00,2025-01-31 15:40:00,laptop,India,password,True,0
S01844,U040,2025-02-03 10:31:00,2025-02-03 11:41:00,laptop,Germany,password,False,1
S01845,U040,2025-02-04 10:03:00,2025-02-04 10:49:00,laptop,India,password,True,0
S01846,U040,2025-02-05 11:33:00,2025-02-05 12:41:00,laptop,India,password,False,0
S01847,U040,2025-02-07 10:38:00,2025-02-07 12:53:00,laptop,India,password+token,True,1
S01848,U040,2025-02-09 10:19:00,2025-02-09 12:55:00,laptop,India,password,True,0
S01849,U040,2025-02-09 13:17:00,2025-02-09 15:27:00,laptop,USA,password+token,False,1
S01850,U040,2025-02-10 11:22:00,2025-02-10 12:52:00,laptop,Germany,password,False,2
S01851,U040,2025-02-10 14:15:00,2025-02-10 15:35:00,laptop,India,password+token,False,0
S01852,U040,2025-02-11 11:18:00,2025-02-11 12:10:00,laptop,India,password,True,3
S01853,U040,2025-02-12 12:19:00,2025-02-12 13:29:00,laptop,India,password+token,True,0
S01854,U040,2025-02-12 14:52:00,2025-02-12 16:08:00,laptop,India,password,True,0
S01855,U040,2025-02-14 12:18:00,2025-02-14 13:41:00,workstation,India,password+token,True,1
S01856,U041,2025-01-01 08:26:00,2025-01-01 10:08:00,laptop,India,password+token,True,0
S01857,U041,2025-01-01 11:19:00,2025-01-01 12:17:00,laptop,USA,password+token,False,2
S01858,U041,2025-01-03 06:48:00,2025-01-03 08:24:00,laptop,India,password+token,True,0
S01859,U041,2025-01-03 08:59:00,2025-01-03 10:17:00,workstation,Germany,password,True,1
S01860,U041,2025-01-03 12:14:00,2025-01-03 15:06:00,vpn,India,password+token,True,0
S01861,U041,2025-01-04 11:53:00,2025-01-04 12:56:00,laptop,India,password,True,0
S01862,U041,2025-01-04 14:16:00,2025-01-04 15:18:00,workstation,India,password+token,True,0
S01863,U041,2025-01-05 11:47:00,2025-01-05 12:48:00,laptop,India,password,False,3
S01864,U041,2025-01-05 14:29:00,2025-01-05 16:36:00,laptop,India,password+token,False,0
S01865,U041,2025-01-05 18:31:00,2025-01-05 19:36:00,laptop,India,password+token,True,1
S01866,U041,2025-01-06 10:02:00,2025-01-06 11:53:00,laptop,India,password,False,1
S01867,U041,2025-01-07 09:58:00,2025-01-07 11:58:00,laptop,India,password+token,True,0
S01868,U041,2025-01-07 13:35:00,2025-01-07 14:42:00,laptop,India,password,True,1
S01869,U041,2025-01-07 16:24:00,2025-01-07 18:04:00,laptop,Singapore,password+token,True,0
S01870,U041,2025-01-08 10:59:00,2025-01-08 11:56:00,laptop,India,password,True,2
S01871,U041,2025-01-09 09:19:00,2025-01-09 10:52:00,vpn,India,password+token,True,0
S01872,U041,2025-01-10 10:03:00,2025-01-10 11:34:00,laptop,India,password,True,1
S01873,U041,2025-01-13 08:08:00,2025-01-13 10:07:00,laptop,India,password,True,1
S01874,U041,2025-01-13 12:05:00,2025-01-13 13:25:00,laptop,India,password+token,False,2
S01875,U041,2025-01-13 14:18:00,2025-01-13 15:07:00,laptop,India,password,True,1
S01876,U041,2025-01-14 07:13:00,2025-01-14 08:54:00,laptop,India,password,True,0
S01877,U041,2025-01-14 10:31:00,2025-01-14 11:50:00,laptop,India,password,True,2
S01878,U041,2025-01-15 13:44:00,2025-01-15 14:52:00,laptop,India,password+token,False,0
S01879,U041,2025-01-15 16:32:00,2025-01-15 17:55:00,workstation,India,password+token,True,2
S01880,U041,2025-01-16 09:43:00,2025-01-16 10:38:00,laptop,Singapore,password,True,2
S01881,U041,2025-01-16 12:19:00,2025-01-16 14:12:00,laptop,India,password+token,False,2
S01882,U041,2025-01-16 14:43:00,2025-01-16 15:52:00,laptop,India,password+token,True,1
S01883,U041,2025-01-17 10:18:00,2025-01-17 10:55:00,workstation,India,password,True,0
S01884,U041,2025-01-20 08:27:00,2025-01-20 09:58:00,laptop,India,password+token,True,0
S01885,U041,2025-01-24 11:05:00,2025-01-24 11:55:00,laptop,India,password+token,True,0
S01886,U041,2025-01-26 11:28:00,2025-01-26 11:48:00,laptop,USA,password,False,0
S01887,U041,2025-01-27 11:52:00,2025-01-27 13:27:00,laptop,Germany,password+token,False,0
S01888,U041,2025-01-27 14:53:00,2025-01-27 16:25:00,laptop,India,password+token,False,0
S01889,U041,2025-01-27 17:00:00,2025-01-27 18:39:00,laptop,Singapore,password,True,2
S01890,U041,2025-01-28 10:58:00,2025-01-28 12:50:00,laptop,India,password+token,False,1
S01891,U041,2025-01-30 09:33:00,2025-01-30 11:19:00,workstation,India,password,True,0
S01892,U041,2025-01-30 12:16:00,2025-01-30 13:15:00,laptop,India,password,True,2
S01893,U041,2025-01-31 11:17:00,2025-01-31 13:03:00,laptop,India,password+token,True,2
S01894,U041,2025-01-31 14:36:00,2025-01-31 16:43:00,laptop,India,password,True,0
S01895,U041,2025-01-31 18:19:00,2025-01-31 19:53:00,laptop,India,password,True,0
S01896,U041,2025-02-04 07:52:00,2025-02-04 09:09:00,workstation,India,password,False,3
S01897,U041,2025-02-05 12:44:00,2025-02-05 13:35:00,laptop,India,password+token,True,1
S01898,U041,2025-02-06 08:33:00,2025-02-06 10:00:00,laptop,India,password,True,0
S01899,U041,2025-02-07 11:18:00,2025-02-07 12:21:00,workstation,India,password,True,1
S01900,U041,2025-02-07 13:48:00,2025-02-07 14:54:00,laptop,Germany,password,True,0
S01901,U041,2025-02-08 07:55:00,2025-02-08 08:15:00,laptop,India,password+token,True,0
S01902,U041,2025-02-08 09:11:00,2025-02-08 11:02:00,workstation,India,password+token,True,2
S01903,U041,2025-02-08 11:58:00,2025-02-08 13:44:00,workstation,Germany,password,True,1
S01904,U041,2025-02-10 08:57:00,2025-02-10 10:39:00,laptop,Singapore,password,False,0
S01905,U041,2025-02-12 09:38:00,2025-02-12 11:49:00,laptop,Germany,password,True,0
S01906,U041,2025-02-13 06:53:00,2025-02-13 09:05:00,laptop,India,password,True,0
S01907,U041,2025-02-14 08:06:00,2025-02-14 09:07:00,laptop,India,password,True,0
S01908,U042,2025-01-01 06:35:00,2025-01-01 08:20:00,workstation,India,password,True,3
S01909,U042,2025-01-02 06:33:00,2025-01-02 08:53:00,workstation,India,password,True,1
S01910,U042,2025-01-02 09:17:00,2025-01-02 12:41:00,workstation,Singapore,password,False,1
S01911,U042,2025-01-02 14:09:00,2025-01-02 16:07:00,laptop,India,password+token,False,1
S01912,U042,2025-01-03 06:19:00,2025-01-03 08:36:00,laptop,India,password+token,False,2
S01913,U042,2025-01-04 06:03:00,2025-01-04 08:20:00,vpn,India,password+token,False,0
S01914,U042,2025-01-05 06:32:00,2025-01-05 07:50:00,vpn,India,password+token,False,4
S01915,U042,2025-01-05 08:29:00,2025-01-05 10:26:00,laptop,India,password,True,1
S01916,U042,2025-01-05 11:04:00,2025-01-05 12:31:00,workstation,India,password+token,True,1
S01917,U042,2025-01-06 08:39:00,2025-01-06 11:23:00,workstation,India,password+token,True,1
S01918,U042,2025-01-08 06:15:00,2025-01-08 07:23:00,laptop,India,password,True,2
S01919,U042,2025-01-09 06:51:00,2025-01-09 09:27:00,laptop,India,password,True,2
S01920,U042,2025-01-10 06:25:00,2025-01-10 08:03:00,workstation,India,password,True,0
S01921,U042,2025-01-10 09:47:00,2025-01-10 11:54:00,laptop,India,password,False,0
S01922,U042,2025-01-13 06:21:00,2025-01-13 09:22:00,laptop,Singapore,password+token,False,0
S01923,U042,2025-01-13 11:00:00,2025-01-13 13:27:00,laptop,Singapore,password+token,False,0
S01924,U042,2025-01-13 14:27:00,2025-01-13 16:42:00,laptop,India,password,False,1
S01925,U042,2025-01-14 06:30:00,2025-01-14 08:48:00,laptop,India,password,True,3
S01926,U042,2025-01-16 06:30:00,2025-01-16 08:37:00,workstation,India,password,False,0
S01927,U042,2025-01-20 07:42:00,2025-01-20 10:12:00,workstation,India,password+token,True,0
S01928,U042,2025-01-21 06:22:00,2025-01-21 10:27:00,laptop,India,password,True,0
S01929,U042,2025-01-22 06:29:00,2025-01-22 08:20:00,laptop,India,password,False,1
S01930,U042,2025-01-23 06:55:00,2025-01-23 07:42:00,workstation,India,password,True,0
S01931,U042,2025-01-24 06:17:00,2025-01-24 09:14:00,vpn,India,password+token,True,0
S01932,U042,2025-01-24 09:45:00,2025-01-24 10:20:00,vpn,India,password+token,False,2
S01933,U042,2025-01-27 06:06:00,2025-01-27 08:06:00,workstation,India,password+token,True,0
S01934,U042,2025-01-27 09:41:00,2025-01-27 12:31:00,laptop,India,password,True,1
S01935,U042,2025-01-28 06:43:00,2025-01-28 07:30:00,laptop,India,password+token,True,0
S01936,U042,2025-01-30 06:10:00,2025-01-30 07:22:00,vpn,India,password+token,True,1
S01937,U042,2025-02-01 07:57:00,2025-02-01 09:03:00,vpn,India,password+token,True,1
S01938,U042,2025-02-04 07:53:00,2025-02-04 10:25:00,workstation,India,password,True,3
S01939,U042,2025-02-06 07:19:00,2025-02-06 08:38:00,workstation,India,password,True,0
S01940,U042,2025-02-09 06:19:00,2025-02-09 06:55:00,vpn,India,password+token,True,1
S01941,U042,2025-02-09 08:15:00,2025-02-09 09:26:00,vpn,India,password+token,True,1
S01942,U042,2025-02-09 11:05:00,2025-02-09 13:00:00,workstation,India,password+token,False,0
S01943,U042,2025-02-14 06:00:00,2025-02-14 07:30:00,vpn,India,password+token,False,1
S01944,U043,2025-01-01 10:32:00,2025-01-01 11:23:00,laptop,India,password,True,2
S01945,U043,2025-01-01 11:44:00,2025-01-01 12:20:00,workstation,India,password,True,0
S01946,U043,2025-01-01 13:58:00,2025-01-01 15:08:00,workstation,India,password+token,True,3
S01947,U043,2025-01-02 07:12:00,2025-01-02 08:56:00,laptop,India,password,True,0
S01948,U043,2025-01-04 09:23:00,2025-01-04 10:24:00,laptop,India,password,True,0
S01949,U043,2025-01-05 09:29:00,2025-01-05 11:34:00,workstation,India,password,True,1
S01950,U043,2025-01-05 11:59:00,2025-01-05 13:01:00,laptop,India,password,True,1
S01951,U043,2025-01-06 09:02:00,2025-01-06 10:55:00,laptop,India,password,True,1
S01952,U043,2025-01-06 12:12:00,2025-01-06 12:56:00,workstation,India,password+token,True,0
S01953,U043,2025-01-06 14:46:00,2025-01-06 15:30:00,laptop,India,password,True,0
S01954,U043,2025-01-07 09:18:00,2025-01-07 11:12:00,laptop,India,password,True,0
S01955,U043,2025-01-07 11:53:00,2025-01-07 13:35:00,laptop,USA,password,True,2
S01956,U043,2025-01-07 14:35:00,2025-01-07 16:15:00,workstation,India,password,True,1
S01957,U043,2025-01-09 07:06:00,2025-01-09 09:25:00,laptop,India,password,True,0
S01958,U043,2025-01-09 10:09:00,2025-01-09 11:57:00,laptop,USA,password+token,True,2
S01959,U043,2025-01-14 08:18:00,2025-01-14 09:37:00,laptop,India,password+token,True,1
S01960,U043,2025-01-14 10:59:00,2025-01-14 11:47:00,laptop,India,password+token,False,1
S01961,U043,2025-01-14 12:41:00,2025-01-14 14:32:00,laptop,Germany,password+token,True,0
S01962,U043,2025-01-15 07:56:00,2025-01-15 08:50:00,workstation,India,password,True,2
S01963,U043,2025-01-15 09:55:00,2025-01-15 11:49:00,laptop,India,password,False,1
S01964,U043,2025-01-16 07:37:00,2025-01-16 08:52:00,laptop,India,password,False,0
S01965,U043,2025-01-16 09:55:00,2025-01-16 12:12:00,workstation,India,password,True,0
S01966,U043,2025-01-17 09:56:00,2025-01-17 12:15:00,laptop,India,password,True,2
S01967,U043,2025-01-20 08:58:00,2025-01-20 10:33:00,laptop,India,password+token,True,0
S01968,U043,2025-01-20 12:06:00,2025-01-20 12:28:00,laptop,India,password,True,1
S01969,U043,2025-01-21 06:03:00,2025-01-21 07:39:00,vpn,India,password+token,False,0
S01970,U043,2025-01-22 07:55:00,2025-01-22 10:03:00,laptop,India,password,True,0
S01971,U043,2025-01-22 10:39:00,2025-01-22 11:38:00,laptop,India,password+token,True,0
S01972,U043,2025-01-23 10:24:00,2025-01-23 12:00:00,laptop,India,password,False,0
S01973,U043,2025-01-25 08:22:00,2025-01-25 09:56:00,laptop,USA,password+token,False,1
S01974,U043,2025-01-27 11:56:00,2025-01-27 13:42:00,laptop,India,password+token,True,1
S01975,U043,2025-01-27 15:08:00,2025-01-27 16:40:00,laptop,India,password+token,True,1
S01976,U043,2025-01-27 18:39:00,2025-01-27 20:54:00,vpn,India,password+token,True,0
S01977,U043,2025-01-28 09:27:00,2025-01-28 11:38:00,workstation,India,password,True,0
S01978,U043,2025-01-28 12:04:00,2025-01-28 14:35:00,laptop,India,password,True,2
S01979,U043,2025-01-28 16:10:00,2025-01-28 17:42:00,laptop,India,password+token,True,0
S01980,U043,2025-01-29 09:37:00,2025-01-29 11:03:00,laptop,India,password+token,True,1
S01981,U043,2025-01-31 10:23:00,2025-01-31 12:34:00,laptop,India,password,True,1
S01982,U043,2025-01-31 13:43:00,2025-01-31 15:02:00,laptop,India,password,True,2
S01983,U043,2025-01-31 16:55:00,2025-01-31 17:21:00,laptop,Germany,password+token,True,1
S01984,U043,2025-02-03 10:58:00,2025-02-03 12:09:00,vpn,India,password+token,True,1
S01985,U043,2025-02-03 12:59:00,2025-02-03 15:01:00,laptop,India,password,False,0
S01986,U043,2025-02-04 07:34:00,2025-02-04 09:57:00,laptop,India,password,True,0
S01987,U043,2025-02-05 08:19:00,2025-02-05 09:09:00,laptop,India,password+token,True,0
S01988,U043,2025-02-10 08:46:00,2025-02-10 09:50:00,workstation,India,password+token,True,3
S01989,U043,2025-02-11 07:27:00,2025-02-11 08:00:00,laptop,India,password,True,0
S01990,U043,2025-02-12 09:27:00,2025-02-12 11:16:00,workstation,India,password+token,False,1
S01991,U043,2025-02-12 11:50:00,2025-02-12 13:01:00,vpn,India,password+token,False,0
S01992,U043,2025-02-12 14:37:00,2025-02-12 15:17:00,laptop,India,password+token,True,0
S01993,U043,2025-02-13 08:34:00,2025-02-13 10:37:00,workstation,India,password,True,1
S01994,U043,2025-02-14 06:16:00,2025-02-14 08:30:00,vpn,India,password+token,False,0
S01995,U044,2025-01-03 06:21:00,2025-01-03 08:02:00,vpn,India,password+token,False,0
S01996,U044,2025-01-06 07:01:00,2025-01-06 08:38:00,vpn,India,password+token,True,0
S01997,U044,2025-01-07 07:18:00,2025-01-07 09:25:00,laptop,India,password,True,1
S01998,U044,2025-01-08 08:47:00,2025-01-08 11:01:00,laptop,India,password,True,1
S01999,U044,2025-01-08 11:49:00,2025-01-08 13:10:00,workstation,India,password+token,True,0
S02000,U044,2025-01-09 08:39:00,2025-01-09 09:36:00,laptop,Germany,password,False,0
S02001,U044,2025-01-09 10:33:00,2025-01-09 11:44:00,laptop,India,password,False,0
S02002,U044,2025-01-10 07:44:00,2025-01-10 09:21:00,vpn,India,password+token,True,0
S02003,U044,2025-01-13 08:45:00,2025-01-13 10:38:00,laptop,India,password,True,1
S02004,U044,2025-01-13 11:27:00,2025-01-13 12:31:00,laptop,India,password,True,1
S02005,U044,2025-01-14 07:04:00,2025-01-14 07:29:00,laptop,India,password,True,0
S02006,U044,2025-01-14 08:20:00,2025-01-14 09:35:00,laptop,India,password,True,1
S02007,U044,2025-01-15 07:23:00,2025-01-15 08:43:00,workstation,India,password+token,False,0
S02008,U044,2025-01-15 09:03:00,2025-01-15 10:42:00,laptop,India,password,False,1
S02009,U044,2025-01-15 12:26:00,2025-01-15 13:25:00,workstation,India,password,False,1
S02010,U044,2025-01-16 07:09:00,2025-01-16 08:50:00,laptop,India,password,True,1
S02011,U044,2025-01-16 10:41:00,2025-01-16 11:56:00,laptop,Singapore,password,True,3
S02012,U044,2025-01-17 06:26:00,2025-01-17 08:07:00,laptop,India,password,True,2
S02013,U044,2025-01-17 09:23:00,2025-01-17 10:27:00,workstation,Germany,password,True,1
S02014,U044,2025-01-18 08:22:00,2025-01-18 10:24:00,workstation,India,password,True,1
S02015,U044,2025-01-20 07:43:00,2025-01-20 08:33:00,vpn,India,password+token,True,1
S02016,U044,2025-01-21 07:00:00,2025-01-21 09:09:00,laptop,India,password,True,0
S02017,U044,2025-01-22 07:39:00,2025-01-22 09:42:00,workstation,USA,password,True,1
S02018,U044,2025-01-23 09:35:00,2025-01-23 10:56:00,laptop,India,password+token,True,0
S02019,U044,2025-01-23 12:26:00,2025-01-23 13:12:00,vpn,India,password+token,True,1
S02020,U044,2025-01-25 09:31:00,2025-01-25 11:39:00,laptop,India,password+token,False,0
S02021,U044,2025-01-28 06:02:00,2025-01-28 07:15:00,laptop,India,password,True,0
S02022,U044,2025-01-29 07:04:00,2025-01-29 08:39:00,vpn,Germany,password+token,False,2
S02023,U044,2025-01-30 09:44:00,2025-01-30 10:54:00,workstation,India,password+token,True,0
S02024,U044,2025-01-30 12:44:00,2025-01-30 13:42:00,laptop,India,password,True,0
S02025,U044,2025-01-30 14:06:00,2025-01-30 16:19:00,laptop,India,password,True,0
S02026,U044,2025-01-31 09:15:00,2025-01-31 10:13:00,laptop,India,password,True,1
S02027,U044,2025-02-03 08:52:00,2025-02-03 10:52:00,laptop,India,password,True,4
S02028,U044,2025-02-04 09:34:00,2025-02-04 10:05:00,laptop,Singapore,password,False,1
S02029,U044,2025-02-04 11:23:00,2025-02-04 12:58:00,workstation,India,password,True,0
S02030,U044,2025-02-07 08:34:00,2025-02-07 09:45:00,laptop,India,password+token,True,1
S02031,U044,2025-02-10 07:14:00,2025-02-10 09:19:00,laptop,India,password,False,0
S02032,U044,2025-02-10 10:01:00,2025-02-10 11:50:00,workstation,USA,password,True,3
S02033,U044,2025-02-12 08:36:00,2025-02-12 10:32:00,laptop,India,password+token,False,2
S02034,U044,2025-02-12 11:42:00,2025-02-12 13:47:00,laptop,India,password,True,0
S02035,U044,2025-02-13 08:22:00,2025-02-13 09:26:00,laptop,India,password+token,True,0
S02036,U044,2025-02-13 09:55:00,2025-02-13 11:00:00,laptop,India,password+token,True,0
S02037,U044,2025-02-13 11:31:00,2025-02-13 12:18:00,laptop,India,password,True,0
S02038,U044,2025-02-14 08:30:00,2025-02-14 09:16:00,laptop,Singapore,password,True,0
S02039,U044,2025-02-14 10:47:00,2025-02-14 12:10:00,laptop,India,password+token,True,0
S02040,U045,2025-01-01 09:56:00,2025-01-01 11:42:00,laptop,India,password,True,1
S02041,U045,2025-01-02 08:34:00,2025-01-02 10:31:00,workstation,India,password,True,3
S02042,U045,2025-01-02 11:22:00,2025-01-02 12:23:00,laptop,Singapore,password,False,1
S02043,U045,2025-01-06 12:56:00,2025-01-06 14:11:00,laptop,India,password+token,False,1
S02044,U045,2025-01-06 16:02:00,2025-01-06 17:49:00,laptop,India,password+token,False,0
S02045,U045,2025-01-06 19:43:00,2025-01-06 21:37:00,workstation,India,password,True,1
S02046,U045,2025-01-08 11:56:00,2025-01-08 13:00:00,workstation,India,password,True,2
S02047,U045,2025-01-08 13:30:00,2025-01-08 15:59:00,laptop,India,password,False,1
S02048,U045,2025-01-08 17:20:00,2025-01-08 18:43:00,laptop,Singapore,password,True,2
S02049,U045,2025-01-09 10:37:00,2025-01-09 11:20:00,laptop,India,password,True,3
S02050,U045,2025-01-09 12:57:00,2025-01-09 13:17:00,laptop,India,password+token,True,0
S02051,U045,2025-01-10 12:58:00,2025-01-10 15:10:00,laptop,India,password,True,1
S02052,U045,2025-01-11 09:13:00,2025-01-11 10:31:00,workstation,USA,password+token,False,2
S02053,U045,2025-01-11 11:17:00,2025-01-11 13:06:00,vpn,India,password+token,True,0
S02054,U045,2025-01-11 14:49:00,2025-01-11 16:48:00,vpn,India,password+token,False,0
S02055,U045,2025-01-13 09:48:00,2025-01-13 10:35:00,laptop,India,password,False,1
S02056,U045,2025-01-13 11:04:00,2025-01-13 11:40:00,laptop,India,password+token,True,1
S02057,U045,2025-01-14 09:42:00,2025-01-14 11:39:00,vpn,India,password+token,True,0
S02058,U045,2025-01-14 12:02:00,2025-01-14 13:56:00,laptop,India,password+token,False,0
S02059,U045,2025-01-14 15:19:00,2025-01-14 16:49:00,workstation,India,password+token,False,2
S02060,U045,2025-01-15 10:37:00,2025-01-15 12:56:00,laptop,India,password+token,True,0
S02061,U045,2025-01-15 14:30:00,2025-01-15 16:11:00,workstation,India,password+token,True,3
S02062,U045,2025-01-15 17:03:00,2025-01-15 18:44:00,laptop,Singapore,password+token,True,1
S02063,U045,2025-01-16 11:05:00,2025-01-16 12:12:00,laptop,India,password+token,False,3
S02064,U045,2025-01-16 13:35:00,2025-01-16 14:51:00,laptop,India,password,True,1
S02065,U045,2025-01-16 15:37:00,2025-01-16 16:39:00,laptop,India,password+token,True,1
S02066,U045,2025-01-19 12:08:00,2025-01-19 14:04:00,laptop,India,password+token,False,0
S02067,U045,2025-01-19 15:13:00,2025-01-19 16:04:00,laptop,India,password,False,0
S02068,U045,2025-01-20 10:06:00,2025-01-20 11:07:00,laptop,India,password+token,True,1
S02069,U045,2025-01-20 11:50:00,2025-01-20 12:16:00,laptop,USA,password,False,0
S02070,U045,2025-01-20 13:06:00,2025-01-20 14:25:00,workstation,India,password+token,False,1
S02071,U045,2025-01-21 09:33:00,2025-01-21 11:34:00,laptop,India,password+token,True,0
S02072,U045,2025-01-21 12:53:00,2025-01-21 14:38:00,laptop,India,password,True,1
S02073,U045,2025-01-23 11:12:00,2025-01-23 12:03:00,laptop,India,password,True,0
S02074,U045,2025-01-24 11:09:00,2025-01-24 12:22:00,laptop,India,password,True,2
S02075,U045,2025-01-27 11:21:00,2025-01-27 13:35:00,workstation,India,password,True,1
S02076,U045,2025-01-28 10:12:00,2025-01-28 11:13:00,laptop,India,password+token,False,0
S02077,U045,2025-01-28 12:44:00,2025-01-28 13:50:00,laptop,India,password,True,2
S02078,U045,2025-01-29 09:36:00,2025-01-29 11:21:00,laptop,India,password+token,True,1
S02079,U045,2025-01-29 12:11:00,2025-01-29 12:37:00,laptop,India,password,True,1
S02080,U045,2025-01-29 14:17:00,2025-01-29 16:27:00,laptop,India,password,True,0
S02081,U045,2025-01-30 10:27:00,2025-01-30 11:51:00,laptop,India,password,False,0
S02082,U045,2025-01-30 13:50:00,2025-01-30 14:56:00,laptop,India,password,True,0
S02083,U045,2025-01-30 16:19:00,2025-01-30 18:00:00,laptop,India,password+token,False,1
S02084,U045,2025-01-31 09:06:00,2025-01-31 09:58:00,laptop,India,password,False,0
S02085,U045,2025-01-31 11:02:00,2025-01-31 12:31:00,laptop,India,password+token,True,3
S02086,U045,2025-01-31 13:44:00,2025-01-31 14:04:00,laptop,India,password,False,0
S02087,U045,2025-02-01 11:44:00,2025-02-01 14:27:00,workstation,India,password+token,True,0
S02088,U045,2025-02-01 15:02:00,2025-02-01 17:21:00,laptop,India,password+token,True,0
S02089,U045,2025-02-03 08:43:00,2025-02-03 10:02:00,laptop,India,password+token,True,0
S02090,U045,2025-02-04 13:11:00,2025-02-04 13:31:00,laptop,India,password,True,0
S02091,U045,2025-02-04 14:13:00,2025-02-04 15:47:00,vpn,India,password+token,True,2
S02092,U045,2025-02-05 11:49:00,2025-02-05 12:37:00,laptop,India,password,False,0
S02093,U045,2025-02-05 13:00:00,2025-02-05 15:36:00,vpn,India,password+token,True,0
S02094,U045,2025-02-07 10:00:00,2025-02-07 11:42:00,laptop,USA,password,True,1
S02095,U045,2025-02-08 10:23:00,2025-02-08 12:26:00,laptop,India,password+token,False,1
S02096,U045,2025-02-08 13:30:00,2025-02-08 13:50:00,laptop,India,password+token,True,1
S02097,U045,2025-02-10 07:14:00,2025-02-10 07:46:00,workstation,India,password,False,0
S02098,U045,2025-02-10 09:17:00,2025-02-10 11:18:00,laptop,India,password,False,0
S02099,U045,2025-02-10 12:30:00,2025-02-10 13:17:00,laptop,India,password+token,False,3
S02100,U045,2025-02-11 11:33:00,2025-02-11 12:54:00,workstation,Germany,password+token,False,0
S02101,U045,2025-02-14 12:25:00,2025-02-14 12:56:00,laptop,India,password,True,2
S02102,U045,2025-02-14 13:34:00,2025-02-14 15:26:00,laptop,India,password+token,True,1
S02103,U046,2025-01-03 08:56:00,2025-01-03 11:00:00,laptop,India,password+token,False,0
S02104,U046,2025-01-03 11:26:00,2025-01-03 13:10:00,laptop,Singapore,password,True,1
S02105,U046,2025-01-03 14:27:00,2025-01-03 15:51:00,workstation,India,password+token,True,0
S02106,U046,2025-01-06 10:19:00,2025-01-06 10:49:00,laptop,India,password,True,3
S02107,U046,2025-01-07 07:49:00,2025-01-07 08:33:00,laptop,India,password+token,True,1
S02108,U046,2025-01-08 09:52:00,2025-01-08 11:57:00,workstation,India,password,True,1
S02109,U046,2025-01-08 13:33:00,2025-01-08 14:57:00,laptop,Germany,password,True,1
S02110,U046,2025-01-09 09:19:00,2025-01-09 11:03:00,workstation,USA,password,True,0
S02111,U046,2025-01-10 12:51:00,2025-01-10 13:34:00,laptop,India,password,True,0
S02112,U046,2025-01-10 14:06:00,2025-01-10 15:06:00,laptop,India,password,True,1
S02113,U046,2025-01-10 15:34:00,2025-01-10 15:54:00,workstation,India,password,True,2
S02114,U046,2025-01-11 08:29:00,2025-01-11 10:31:00,workstation,India,password,False,1
S02115,U046,2025-01-13 11:47:00,2025-01-13 12:07:00,laptop,USA,password+token,True,0
S02116,U046,2025-01-13 13:05:00,2025-01-13 14:38:00,laptop,India,password,True,1
S02117,U046,2025-01-14 12:43:00,2025-01-14 14:36:00,laptop,India,password+token,True,1
S02118,U046,2025-01-14 15:16:00,2025-01-14 16:51:00,laptop,India,password+token,True,0
S02119,U046,2025-01-14 18:00:00,2025-01-14 19:13:00,laptop,India,password,False,0
S02120,U046,2025-01-16 14:14:00,2025-01-16 14:36:00,laptop,India,password,True,0
S02121,U046,2025-01-20 11:04:00,2025-01-20 13:27:00,laptop,India,password+token,True,1
S02122,U046,2025-01-22 07:05:00,2025-01-22 08:59:00,laptop,India,password,False,0
S02123,U046,2025-01-23 10:27:00,2025-01-23 11:56:00,laptop,India,password+token,True,0
S02124,U046,2025-01-24 06:17:00,2025-01-24 08:15:00,workstation,India,password,True,4
S02125,U046,2025-01-24 08:58:00,2025-01-24 10:53:00,workstation,India,password,False,1
S02126,U046,2025-01-27 13:19:00,2025-01-27 14:57:00,vpn,India,password+token,True,0
S02127,U046,2025-01-27 16:14:00,2025-01-27 17:26:00,laptop,India,password,True,1
S02128,U046,2025-02-03 10:43:00,2025-02-03 12:36:00,laptop,India,password+token,True,0
S02129,U046,2025-02-03 14:34:00,2025-02-03 16:02:00,laptop,India,password+token,True,1
S02130,U046,2025-02-05 10:08:00,2025-02-05 11:35:00,laptop,India,password+token,False,0
S02131,U046,2025-02-05 13:33:00,2025-02-05 14:40:00,laptop,India,password+token,True,0
S02132,U046,2025-02-06 09:38:00,2025-02-06 11:31:00,laptop,India,password,False,0
S02133,U046,2025-02-07 08:42:00,2025-02-07 10:08:00,laptop,India,password,True,1
S02134,U046,2025-02-11 12:45:00,2025-02-11 14:39:00,laptop,India,password+token,True,1
S02135,U046,2025-02-11 14:59:00,2025-02-11 16:20:00,laptop,India,password,True,0
S02136,U046,2025-02-11 17:31:00,2025-02-11 19:20:00,laptop,India,password+token,False,2
S02137,U046,2025-02-13 11:37:00,2025-02-13 12:46:00,laptop,India,password+token,True,1
S02138,U046,2025-02-13 14:28:00,2025-02-13 16:00:00,laptop,India,password+token,True,2
S02139,U047,2025-01-01 12:07:00,2025-01-01 13:58:00,laptop,India,password,False,2
S02140,U047,2025-01-01 15:42:00,2025-01-01 18:19:00,laptop,India,password,False,1
S02141,U047,2025-01-02 14:54:00,2025-01-02 15:55:00,laptop,Germany,password+token,True,1
S02142,U047,2025-01-03 11:07:00,2025-01-03 12:28:00,laptop,India,password+token,True,1
S02143,U047,2025-01-03 13:46:00,2025-01-03 15:24:00,laptop,India,password,True,0
S02144,U047,2025-01-05 10:27:00,2025-01-05 12:41:00,workstation,India,password,True,1
S02145,U047,2025-01-05 13:35:00,2025-01-05 15:15:00,laptop,India,password+token,False,0
S02146,U047,2025-01-06 09:30:00,2025-01-06 10:55:00,laptop,India,password+token,True,0
S02147,U047,2025-01-07 06:29:00,2025-01-07 08:21:00,laptop,India,password,True,2
S02148,U047,2025-01-07 09:47:00,2025-01-07 11:07:00,laptop,India,password,False,0
S02149,U047,2025-01-08 12:24:00,2025-01-08 13:39:00,vpn,India,password+token,True,1
S02150,U047,2025-01-09 10:28:00,2025-01-09 12:01:00,workstation,Singapore,password+token,False,1
S02151,U047,2025-01-12 11:23:00,2025-01-12 12:47:00,laptop,USA,password+token,True,0
S02152,U047,2025-01-13 10:59:00,2025-01-13 12:43:00,laptop,India,password+token,True,1
S02153,U047,2025-01-13 14:28:00,2025-01-13 16:26:00,laptop,India,password+token,False,0
S02154,U047,2025-01-14 08:44:00,2025-01-14 10:30:00,laptop,India,password+token,True,1
S02155,U047,2025-01-15 12:03:00,2025-01-15 13:18:00,laptop,Singapore,password+token,False,1
S02156,U047,2025-01-16 09:41:00,2025-01-16 10:50:00,laptop,India,password+token,True,0
S02157,U047,2025-01-16 12:42:00,2025-01-16 14:57:00,laptop,India,password+token,True,1
S02158,U047,2025-01-16 16:29:00,2025-01-16 17:52:00,workstation,India,password+token,False,0
S02159,U047,2025-01-17 11:23:00,2025-01-17 13:55:00,laptop,India,password,False,0
S02160,U047,2025-01-20 11:54:00,2025-01-20 13:05:00,laptop,India,password+token,False,0
S02161,U047,2025-01-22 09:37:00,2025-01-22 10:43:00,vpn,India,password+token,False,2
S02162,U047,2025-01-23 11:18:00,2025-01-23 13:23:00,laptop,India,password,True,1
S02163,U047,2025-01-24 09:02:00,2025-01-24 10:46:00,laptop,India,password,True,0
S02164,U047,2025-01-27 10:56:00,2025-01-27 12:47:00,laptop,Singapore,password+token,False,0
S02165,U047,2025-01-28 10:09:00,2025-01-28 12:22:00,laptop,India,password+token,True,1
S02166,U047,2025-01-29 12:15:00,2025-01-29 13:26:00,laptop,USA,password+token,True,0
S02167,U047,2025-01-30 12:16:00,2025-01-30 14:22:00,laptop,India,password,True,1
S02168,U047,2025-01-30 16:08:00,2025-01-30 17:22:00,vpn,India,password+token,False,2
S02169,U047,2025-01-30 18:38:00,2025-01-30 20:00:00,laptop,India,password,True,0
S02170,U047,2025-02-03 09:28:00,2025-02-03 11:16:00,workstation,India,password,True,1
S02171,U047,2025-02-03 12:28:00,2025-02-03 14:40:00,workstation,India,password+token,False,1
S02172,U047,2025-02-03 15:14:00,2025-02-03 16:35:00,laptop,India,password+token,True,0
S02173,U047,2025-02-04 12:50:00,2025-02-04 13:51:00,laptop,India,password,True,0
S02174,U047,2025-02-04 15:43:00,2025-02-04 16:49:00,laptop,USA,password+token,True,1
S02175,U047,2025-02-05 09:21:00,2025-02-05 11:18:00,laptop,India,password+token,True,1
S02176,U047,2025-02-05 12:01:00,2025-02-05 13:42:00,laptop,India,password,True,0
S02177,U047,2025-02-06 09:42:00,2025-02-06 11:15:00,laptop,India,password,False,1
S02178,U047,2025-02-06 11:43:00,2025-02-06 13:52:00,laptop,Germany,password,False,1
S02179,U047,2025-02-06 14:49:00,2025-02-06 16:10:00,laptop,India,password+token,False,0
S02180,U047,2025-02-07 09:47:00,2025-02-07 11:42:00,vpn,India,password+token,True,1
S02181,U047,2025-02-07 12:55:00,2025-02-07 14:40:00,laptop,India,password+token,False,3
S02182,U047,2025-02-07 16:08:00,2025-02-07 17:40:00,laptop,India,password+token,True,0
S02183,U047,2025-02-08 09:05:00,2025-02-08 09:45:00,workstation,USA,password+token,True,0
S02184,U047,2025-02-10 10:43:00,2025-02-10 13:07:00,vpn,Germany,password+token,False,1
S02185,U047,2025-02-10 13:43:00,2025-02-10 15:17:00,laptop,India,password+token,True,1
S02186,U047,2025-02-11 10:24:00,2025-02-11 11:12:00,vpn,India,password+token,True,1
S02187,U047,2025-02-11 12:19:00,2025-02-11 13:25:00,laptop,India,password,False,0
S02188,U047,2025-02-12 08:53:00,2025-02-12 10:24:00,laptop,India,password,True,1
S02189,U047,2025-02-12 10:48:00,2025-02-12 12:51:00,laptop,India,password,False,0
S02190,U047,2025-02-13 11:30:00,2025-02-13 12:46:00,laptop,India,password,False,1
S02191,U047,2025-02-14 10:05:00,2025-02-14 12:13:00,laptop,India,password+token,False,0
S02192,U047,2025-02-14 13:20:00,2025-02-14 15:43:00,laptop,India,password,False,0
S02193,U048,2025-01-01 11:48:00,2025-01-01 13:27:00,laptop,India,password+token,True,1
S02194,U048,2025-01-02 11:47:00,2025-01-02 13:02:00,laptop,India,password,True,2
S02195,U048,2025-01-03 12:42:00,2025-01-03 13:12:00,workstation,India,password,True,0
S02196,U048,2025-01-06 10:07:00,2025-01-06 12:14:00,laptop,India,password+token,True,0
S02197,U048,2025-01-06 13:32:00,2025-01-06 14:52:00,laptop,India,password,True,1
S02198,U048,2025-01-07 10:48:00,2025-01-07 11:08:00,laptop,India,password,False,0
S02199,U048,2025-01-08 11:35:00,2025-01-08 11:55:00,laptop,India,password+token,False,1
S02200,U048,2025-01-09 08:00:00,2025-01-09 09:27:00,laptop,India,password,True,1
S02201,U048,2025-01-10 12:22:00,2025-01-10 13:49:00,laptop,India,password,False,2
S02202,U048,2025-01-10 14:32:00,2025-01-10 16:39:00,vpn,India,password+token,True,0
S02203,U048,2025-01-12 13:52:00,2025-01-12 15:31:00,laptop,India,password,True,2
S02204,U048,2025-01-12 15:58:00,2025-01-12 17:09:00,workstation,India,password,False,1
S02205,U048,2025-01-12 18:44:00,2025-01-12 19:23:00,vpn,India,password+token,True,0
S02206,U048,2025-01-13 10:45:00,2025-01-13 11:48:00,laptop,India,password,True,0
S02207,U048,2025-01-13 13:09:00,2025-01-13 14:44:00,laptop,India,password+token,True,1
S02208,U048,2025-01-14 13:44:00,2025-01-14 14:57:00,laptop,India,password,False,2
S02209,U048,2025-01-14 15:56:00,2025-01-14 17:06:00,laptop,India,password+token,True,0
S02210,U048,2025-01-15 12:20:00,2025-01-15 13:51:00,laptop,India,password,True,1
S02211,U048,2025-01-16 08:08:00,2025-01-16 08:56:00,vpn,Singapore,password+token,False,2
S02212,U048,2025-01-19 11:32:00,2025-01-19 13:22:00,laptop,India,password,True,1
S02213,U048,2025-01-22 12:52:00,2025-01-22 14:09:00,laptop,Singapore,password,True,0
S02214,U048,2025-01-22 14:30:00,2025-01-22 16:13:00,laptop,Singapore,password+token,False,3
S02215,U048,2025-01-23 10:15:00,2025-01-23 11:04:00,laptop,India,password,False,0
S02216,U048,2025-01-23 11:57:00,2025-01-23 13:25:00,workstation,India,password,False,0
S02217,U048,2025-01-24 11:16:00,2025-01-24 11:39:00,vpn,India,password+token,True,1
S02218,U048,2025-01-27 10:45:00,2025-01-27 11:30:00,laptop,India,password,False,2
S02219,U048,2025-01-27 13:29:00,2025-01-27 15:13:00,laptop,India,password,True,0
S02220,U048,2025-01-27 16:15:00,2025-01-27 17:29:00,laptop,India,password+token,True,0
S02221,U048,2025-01-28 10:14:00,2025-01-28 11:57:00,laptop,India,password,True,0
S02222,U048,2025-01-30 10:43:00,2025-01-30 11:53:00,laptop,India,password+token,True,1
S02223,U048,2025-01-30 13:42:00,2025-01-30 15:08:00,laptop,India,password,False,1
S02224,U048,2025-02-02 12:38:00,2025-02-02 12:59:00,laptop,India,password,True,1
S02225,U048,2025-02-02 13:25:00,2025-02-02 14:23:00,laptop,India,password,True,0
S02226,U048,2025-02-03 10:21:00,2025-02-03 10:43:00,laptop,Germany,password+token,False,0
S02227,U048,2025-02-03 12:22:00,2025-02-03 14:30:00,laptop,India,password,True,1
S02228,U048,2025-02-03 16:19:00,2025-02-03 18:20:00,laptop,India,password,False,1
S02229,U048,2025-02-05 09:59:00,2025-02-05 11:13:00,laptop,Germany,password,True,1
S02230,U048,2025-02-06 10:50:00,2025-02-06 11:42:00,laptop,USA,password,False,1
S02231,U048,2025-02-07 11:27:00,2025-02-07 12:06:00,laptop,India,password,True,0
S02232,U048,2025-02-07 13:32:00,2025-02-07 15:22:00,laptop,India,password,False,1
S02233,U048,2025-02-07 16:41:00,2025-02-07 18:13:00,laptop,USA,password+token,True,1
S02234,U048,2025-02-11 11:21:00,2025-02-11 13:40:00,laptop,India,password,True,4
S02235,U048,2025-02-13 12:19:00,2025-02-13 14:13:00,laptop,Germany,password+token,True,1
S02236,U048,2025-02-13 15:40:00,2025-02-13 17:35:00,laptop,India,password,True,1
S02237,U048,2025-02-13 18:28:00,2025-02-13 19:19:00,vpn,India,password+token,True,1
S02238,U048,2025-02-14 09:56:00,2025-02-14 11:04:00,vpn,Germany,password+token,False,0
S02239,U049,2025-01-01 11:56:00,2025-01-01 13:55:00,vpn,Germany,password+token,False,0
S02240,U049,2025-01-01 14:36:00,2025-01-01 16:29:00,laptop,India,password,False,0
S02241,U049,2025-01-02 11:02:00,2025-01-02 11:48:00,laptop,India,password,False,1
S02242,U049,2025-01-03 10:57:00,2025-01-03 13:09:00,workstation,USA,password,True,1
S02243,U049,2025-01-03 14:00:00,2025-01-03 15:38:00,laptop,USA,password,False,0
S02244,U049,2025-01-03 17:20:00,2025-01-03 19:59:00,laptop,Singapore,password,True,1
S02245,U049,2025-01-04 10:42:00,2025-01-04 12:04:00,laptop,India,password,False,0
S02246,U049,2025-01-07 13:27:00,2025-01-07 15:24:00,laptop,India,password+token,True,3
S02247,U049,2025-01-07 16:23:00,2025-01-07 18:40:00,laptop,India,password,True,2
S02248,U049,2025-01-07 19:14:00,2025-01-07 20:11:00,laptop,India,password,True,1
S02249,U049,2025-01-09 13:44:00,2025-01-09 16:12:00,laptop,Germany,password+token,True,1
S02250,U049,2025-01-09 16:53:00,2025-01-09 17:55:00,laptop,India,password,True,1
S02251,U049,2025-01-10 12:20:00,2025-01-10 14:25:00,vpn,India,password+token,True,0
S02252,U049,2025-01-12 11:04:00,2025-01-12 12:27:00,laptop,Germany,password+token,False,0
S02253,U049,2025-01-12 13:58:00,2025-01-12 15:45:00,vpn,Singapore,password+token,True,0
S02254,U049,2025-01-12 16:59:00,2025-01-12 18:33:00,laptop,Germany,password,True,0
S02255,U049,2025-01-13 12:56:00,2025-01-13 14:42:00,vpn,USA,password+token,False,0
S02256,U049,2025-01-15 11:47:00,2025-01-15 12:39:00,workstation,India,password,True,1
S02257,U049,2025-01-17 13:27:00,2025-01-17 15:09:00,laptop,Singapore,password+token,True,0
S02258,U049,2025-01-17 17:07:00,2025-01-17 19:46:00,laptop,Germany,password,True,1
S02259,U049,2025-01-17 21:40:00,2025-01-17 23:59:00,workstation,India,password+token,True,0
S02260,U049,2025-01-18 13:09:00,2025-01-18 14:20:00,laptop,India,password,False,1
S02261,U049,2025-01-18 14:46:00,2025-01-18 16:08:00,laptop,India,password,True,0
S02262,U049,2025-01-18 17:39:00,2025-01-18 18:50:00,workstation,Germany,password,True,0
S02263,U049,2025-01-20 10:42:00,2025-01-20 12:32:00,laptop,Germany,password,True,1
S02264,U049,2025-01-21 10:07:00,2025-01-21 12:13:00,laptop,Germany,password,True,0
S02265,U049,2025-01-22 10:13:00,2025-01-22 12:12:00,laptop,Germany,password,True,1
S02266,U049,2025-01-22 13:36:00,2025-01-22 15:52:00,laptop,India,password,False,1
S02267,U049,2025-01-22 17:12:00,2025-01-22 18:34:00,laptop,Germany,password+token,False,0
S02268,U049,2025-01-23 10:19:00,2025-01-23 12:10:00,workstation,India,password,True,0
S02269,U049,2025-01-24 06:38:00,2025-01-24 08:35:00,laptop,Germany,password,True,0
S02270,U049,2025-01-24 10:24:00,2025-01-24 11:40:00,laptop,Singapore,password+token,False,0
S02271,U049,2025-01-25 11:36:00,2025-01-25 13:45:00,vpn,Germany,password+token,False,0
S02272,U049,2025-01-27 11:21:00,2025-01-27 13:02:00,laptop,India,password+token,True,1
S02273,U049,2025-01-29 12:17:00,2025-01-29 13:46:00,vpn,India,password+token,False,0
S02274,U049,2025-01-29 14:44:00,2025-01-29 16:43:00,workstation,Germany,password,False,0
S02275,U049,2025-01-31 12:45:00,2025-01-31 14:09:00,laptop,Singapore,password,True,0
S02276,U049,2025-02-01 12:01:00,2025-02-01 13:55:00,workstation,India,password,True,0
S02277,U049,2025-02-03 12:10:00,2025-02-03 13:31:00,laptop,India,password+token,False,1
S02278,U049,2025-02-04 12:04:00,2025-02-04 12:58:00,laptop,USA,password+token,False,1
S02279,U049,2025-02-05 11:07:00,2025-02-05 13:08:00,laptop,India,password,True,0
S02280,U049,2025-02-05 13:45:00,2025-02-05 15:00:00,laptop,India,password+token,True,1
S02281,U049,2025-02-06 12:33:00,2025-02-06 14:05:00,laptop,India,password+token,True,1
S02282,U049,2025-02-07 11:21:00,2025-02-07 13:02:00,workstation,India,password,True,0
S02283,U049,2025-02-08 12:31:00,2025-02-08 13:35:00,workstation,Singapore,password+token,False,0
S02284,U049,2025-02-08 13:58:00,2025-02-08 16:42:00,workstation,India,password+token,False,3
S02285,U049,2025-02-08 18:02:00,2025-02-08 19:50:00,laptop,Singapore,password,False,0
S02286,U049,2025-02-10 12:22:00,2025-02-10 14:07:00,laptop,USA,password,False,2
S02287,U049,2025-02-10 14:41:00,2025-02-10 15:57:00,laptop,India,password+token,True,1
S02288,U049,2025-02-10 17:34:00,2025-02-10 19:31:00,laptop,India,password,True,1
S02289,U049,2025-02-12 09:49:00,2025-02-12 11:58:00,workstation,USA,password,True,4
S02290,U049,2025-02-13 13:27:00,2025-02-13 16:32:00,laptop,India,password,False,1
S02291,U049,2025-02-14 11:03:00,2025-02-14 13:03:00,workstation,India,password,True,1
S02292,U050,2025-01-01 06:21:00,2025-01-01 08:18:00,laptop,India,password,True,1
S02293,U050,2025-01-02 06:54:00,2025-01-02 07:28:00,laptop,India,password,True,0
S02294,U050,2025-01-02 08:44:00,2025-01-02 09:52:00,workstation,India,password,False,1
S02295,U050,2025-01-06 06:29:00,2025-01-06 06:49:00,vpn,India,password+token,True,1
S02296,U050,2025-01-07 06:20:00,2025-01-07 07:42:00,laptop,India,password+token,False,2
S02297,U050,2025-01-11 06:31:00,2025-01-11 08:22:00,laptop,Germany,password,True,3
S02298,U050,2025-01-11 09:05:00,2025-01-11 10:10:00,workstation,India,password+token,True,1
S02299,U050,2025-01-12 10:35:00,2025-01-12 11:01:00,vpn,India,password+token,True,1
S02300,U050,2025-01-12 12:00:00,2025-01-12 12:52:00,laptop,India,password,True,2
S02301,U050,2025-01-12 13:35:00,2025-01-12 15:04:00,laptop,India,password+token,False,1
S02302,U050,2025-01-14 10:15:00,2025-01-14 11:02:00,workstation,USA,password+token,True,1
S02303,U050,2025-01-15 06:53:00,2025-01-15 07:33:00,laptop,India,password,False,0
S02304,U050,2025-01-15 08:01:00,2025-01-15 09:27:00,laptop,India,password+token,True,1
S02305,U050,2025-01-16 06:20:00,2025-01-16 07:07:00,vpn,Singapore,password+token,True,0
S02306,U050,2025-01-20 06:54:00,2025-01-20 08:38:00,laptop,India,password,True,2
S02307,U050,2025-01-20 10:34:00,2025-01-20 11:36:00,laptop,India,password,False,2
S02308,U050,2025-01-22 08:07:00,2025-01-22 09:08:00,vpn,Singapore,password+token,False,2
S02309,U050,2025-01-22 09:31:00,2025-01-22 12:08:00,laptop,India,password+token,True,0
S02310,U050,2025-01-22 12:40:00,2025-01-22 14:03:00,laptop,India,password+token,True,1
S02311,U050,2025-01-23 06:36:00,2025-01-23 07:11:00,laptop,USA,password,True,0
S02312,U050,2025-01-25 06:18:00,2025-01-25 07:29:00,workstation,India,password,True,1
S02313,U050,2025-01-25 08:39:00,2025-01-25 10:53:00,laptop,India,password+token,True,1
S02314,U050,2025-01-25 11:19:00,2025-01-25 12:11:00,laptop,India,password+token,True,3
S02315,U050,2025-01-27 06:59:00,2025-01-27 08:24:00,laptop,India,password+token,False,0
S02316,U050,2025-01-28 06:31:00,2025-01-28 07:07:00,laptop,Singapore,password,False,0
S02317,U050,2025-01-28 08:09:00,2025-01-28 10:06:00,laptop,India,password,False,3
S02318,U050,2025-01-28 11:46:00,2025-01-28 12:45:00,workstation,India,password,True,1
S02319,U050,2025-01-29 06:22:00,2025-01-29 08:12:00,laptop,India,password+token,True,1
S02320,U050,2025-01-29 09:38:00,2025-01-29 11:26:00,laptop,India,password+token,True,0
S02321,U050,2025-01-30 06:45:00,2025-01-30 08:17:00,laptop,Germany,password+token,True,2
S02322,U050,2025-01-31 06:12:00,2025-01-31 07:48:00,laptop,India,password+token,True,0
S02323,U050,2025-01-31 08:41:00,2025-01-31 11:46:00,laptop,India,password+token,True,1
S02324,U050,2025-02-01 06:40:00,2025-02-01 08:37:00,laptop,India,password+token,False,0
S02325,U050,2025-02-01 10:24:00,2025-02-01 12:15:00,workstation,India,password+token,True,1
S02326,U050,2025-02-03 06:43:00,2025-02-03 07:45:00,laptop,India,password+token,True,1
S02327,U050,2025-02-05 06:39:00,2025-02-05 08:42:00,workstation,India,password,True,0
S02328,U050,2025-02-05 09:34:00,2025-02-05 11:15:00,laptop,USA,password+token,False,0
S02329,U050,2025-02-06 08:08:00,2025-02-06 09:29:00,laptop,India,password,False,2
S02330,U050,2025-02-07 06:19:00,2025-02-07 07:48:00,laptop,India,password,True,2
S02331,U050,2025-02-10 06:35:00,2025-02-10 07:04:00,laptop,Germany,password,False,1
S02332,U050,2025-02-11 06:49:00,2025-02-11 07:09:00,laptop,India,password,True,3
S02333,U050,2025-02-11 08:16:00,2025-02-11 09:41:00,laptop,India,password,True,2
S02334,U050,2025-02-11 10:26:00,2025-02-11 13:21:00,vpn,India,password+token,True,1
S02335,U050,2025-02-12 06:34:00,2025-02-12 08:42:00,laptop,India,password,False,0
S02336,U050,2025-02-13 06:17:00,2025-02-13 07:31:00,workstation,India,password+token,True,0
S02337,U050,2025-02-14 06:13:00,2025-02-14 06:55:00,laptop,India,password,True,0
S02338,U050,2025-02-15 10:03:00,2025-02-15 11:11:00,laptop,India,password,True,2
S02339,U051,2025-01-01 10:52:00,2025-01-01 13:30:00,laptop,India,password,True,0
S02340,U051,2025-01-02 09:37:00,2025-01-02 10:53:00,vpn,India,password+token,True,1
S02341,U051,2025-01-03 06:42:00,2025-01-03 09:21:00,laptop,India,password,False,1
S02342,U051,2025-01-05 11:03:00,2025-01-05 12:31:00,laptop,India,password,False,2
S02343,U051,2025-01-05 13:03:00,2025-01-05 14:27:00,laptop,USA,password+token,False,1
S02344,U051,2025-01-05 15:38:00,2025-01-05 17:30:00,laptop,India,password,True,1
S02345,U051,2025-01-06 10:08:00,2025-01-06 11:36:00,laptop,India,password,True,1
S02346,U051,2025-01-07 12:40:00,2025-01-07 14:56:00,laptop,India,password,True,3
S02347,U051,2025-01-08 10:43:00,2025-01-08 13:15:00,laptop,India,password,True,0
S02348,U051,2025-01-09 06:58:00,2025-01-09 08:18:00,laptop,India,password,True,0
S02349,U051,2025-01-10 11:57:00,2025-01-10 14:02:00,laptop,India,password,False,3
S02350,U051,2025-01-13 08:06:00,2025-01-13 09:53:00,workstation,USA,password,True,1
S02351,U051,2025-01-14 11:54:00,2025-01-14 14:18:00,workstation,Germany,password,False,0
S02352,U051,2025-01-14 15:39:00,2025-01-14 16:21:00,vpn,India,password+token,False,1
S02353,U051,2025-01-14 17:13:00,2025-01-14 20:03:00,laptop,India,password+token,True,0
S02354,U051,2025-01-15 12:45:00,2025-01-15 14:29:00,laptop,India,password,True,0
S02355,U051,2025-01-16 09:19:00,2025-01-16 10:03:00,laptop,India,password+token,False,0
S02356,U051,2025-01-16 12:02:00,2025-01-16 13:31:00,laptop,India,password,True,0
S02357,U051,2025-01-16 14:25:00,2025-01-16 16:22:00,laptop,India,password,True,1
S02358,U051,2025-01-20 09:22:00,2025-01-20 10:39:00,laptop,India,password,False,1
S02359,U051,2025-01-20 12:29:00,2025-01-20 14:15:00,laptop,India,password+token,False,1
S02360,U051,2025-01-21 09:57:00,2025-01-21 12:50:00,laptop,India,password,True,1
S02361,U051,2025-01-21 14:17:00,2025-01-21 15:21:00,workstation,India,password,True,0
S02362,U051,2025-01-23 12:24:00,2025-01-23 14:54:00,laptop,India,password+token,True,1
S02363,U051,2025-01-24 10:32:00,2025-01-24 11:36:00,laptop,India,password,True,0
S02364,U051,2025-01-24 12:00:00,2025-01-24 13:35:00,laptop,India,password+token,True,1
S02365,U051,2025-01-25 11:29:00,2025-01-25 13:53:00,laptop,India,password,True,3
S02366,U051,2025-01-25 14:32:00,2025-01-25 16:55:00,workstation,India,password+token,True,0
S02367,U051,2025-01-25 18:53:00,2025-01-25 21:05:00,laptop,Singapore,password,True,1
S02368,U051,2025-01-26 11:02:00,2025-01-26 13:24:00,laptop,India,password,True,3
S02369,U051,2025-01-26 15:08:00,2025-01-26 16:02:00,workstation,India,password+token,True,3
S02370,U051,2025-01-26 16:37:00,2025-01-26 18:51:00,workstation,India,password,True,2
S02371,U051,2025-01-27 12:56:00,2025-01-27 14:18:00,workstation,India,password+token,True,0
S02372,U051,2025-01-28 11:17:00,2025-01-28 13:27:00,laptop,India,password,False,1
S02373,U051,2025-01-29 10:27:00,2025-01-29 12:10:00,laptop,India,password,False,1
S02374,U051,2025-01-30 09:28:00,2025-01-30 12:24:00,laptop,India,password,True,0
S02375,U051,2025-01-30 13:00:00,2025-01-30 15:03:00,laptop,Singapore,password,True,1
S02376,U051,2025-01-30 15:23:00,2025-01-30 16:23:00,laptop,India,password,True,2
S02377,U051,2025-01-31 11:39:00,2025-01-31 13:02:00,laptop,India,password,True,2
S02378,U051,2025-02-02 08:24:00,2025-02-02 10:36:00,laptop,India,password,False,0
S02379,U051,2025-02-02 12:18:00,2025-02-02 14:08:00,laptop,India,password+token,True,2
S02380,U051,2025-02-02 15:44:00,2025-02-02 18:11:00,laptop,India,password,True,1
S02381,U051,2025-02-03 10:16:00,2025-02-03 12:55:00,laptop,India,password+token,True,1
S02382,U051,2025-02-04 11:36:00,2025-02-04 12:24:00,vpn,India,password+token,False,1
S02383,U051,2025-02-06 11:23:00,2025-02-06 12:33:00,laptop,India,password,True,3
S02384,U051,2025-02-06 13:58:00,2025-02-06 15:38:00,laptop,India,password,True,2
S02385,U051,2025-02-06 17:24:00,2025-02-06 18:58:00,laptop,India,password,True,0
S02386,U051,2025-02-07 06:44:00,2025-02-07 08:32:00,laptop,India,password+token,True,1
S02387,U051,2025-02-07 09:53:00,2025-02-07 12:24:00,vpn,India,password+token,True,2
S02388,U051,2025-02-09 13:16:00,2025-02-09 15:26:00,laptop,India,password+token,False,0
S02389,U051,2025-02-09 16:35:00,2025-02-09 18:58:00,workstation,India,password+token,False,3
S02390,U051,2025-02-09 20:34:00,2025-02-09 22:45:00,workstation,Singapore,password,True,2
S02391,U051,2025-02-10 11:28:00,2025-02-10 14:20:00,laptop,India,password,True,0
S02392,U051,2025-02-11 09:16:00,2025-02-11 11:54:00,laptop,India,password,True,1
S02393,U051,2025-02-11 13:24:00,2025-02-11 14:58:00,laptop,India,password+token,True,1
S02394,U051,2025-02-11 16:54:00,2025-02-11 19:22:00,laptop,Singapore,password,True,0
S02395,U051,2025-02-13 12:25:00,2025-02-13 14:33:00,laptop,India,password+token,True,0
S02396,U051,2025-02-13 14:54:00,2025-02-13 16:42:00,laptop,USA,password+token,True,1
S02397,U051,2025-02-14 13:15:00,2025-02-14 15:20:00,laptop,India,password,True,0
S02398,U051,2025-02-14 16:00:00,2025-02-14 17:54:00,laptop,India,password+token,True,0
S02399,U052,2025-01-01 11:55:00,2025-01-01 13:17:00,laptop,India,password+token,False,0
S02400,U052,2025-01-03 11:09:00,2025-01-03 11:29:00,laptop,USA,password,False,0
S02401,U052,2025-01-03 12:57:00,2025-01-03 15:29:00,laptop,India,password,False,0
S02402,U052,2025-01-06 11:37:00,2025-01-06 14:17:00,vpn,Germany,password+token,True,1
S02403,U052,2025-01-07 06:09:00,2025-01-07 08:24:00,laptop,Singapore,password+token,True,1
S02404,U052,2025-01-07 09:52:00,2025-01-07 11:26:00,laptop,USA,password,True,1
S02405,U052,2025-01-07 12:06:00,2025-01-07 13:37:00,workstation,India,password+token,False,0
S02406,U052,2025-01-10 10:40:00,2025-01-10 12:26:00,laptop,USA,password,False,2
S02407,U052,2025-01-10 14:17:00,2025-01-10 16:02:00,laptop,India,password+token,True,0
S02408,U052,2025-01-10 16:50:00,2025-01-10 18:49:00,laptop,Singapore,password+token,True,1
S02409,U052,2025-01-14 11:25:00,2025-01-14 13:26:00,laptop,Germany,password,False,0
S02410,U052,2025-01-17 13:01:00,2025-01-17 15:09:00,laptop,Singapore,password,True,0
S02411,U052,2025-01-18 12:08:00,2025-01-18 14:50:00,laptop,India,password,True,0
S02412,U052,2025-01-20 11:59:00,2025-01-20 14:24:00,laptop,India,password,True,0
S02413,U052,2025-01-22 10:25:00,2025-01-22 12:37:00,laptop,India,password+token,False,1
S02414,U052,2025-01-22 13:40:00,2025-01-22 14:56:00,workstation,USA,password,False,1
S02415,U052,2025-01-22 15:25:00,2025-01-22 17:16:00,laptop,Germany,password+token,True,0
S02416,U052,2025-01-24 10:14:00,2025-01-24 13:01:00,laptop,India,password+token,True,0
S02417,U052,2025-01-24 14:21:00,2025-01-24 16:59:00,laptop,Germany,password,True,1
S02418,U052,2025-01-24 18:14:00,2025-01-24 20:46:00,laptop,India,password,True,0
S02419,U052,2025-01-29 10:50:00,2025-01-29 12:23:00,laptop,Germany,password,True,2
S02420,U052,2025-01-31 12:50:00,2025-01-31 14:42:00,workstation,Germany,password,False,0
S02421,U052,2025-02-01 10:50:00,2025-02-01 11:49:00,laptop,India,password,True,0
S02422,U052,2025-02-01 12:15:00,2025-02-01 12:44:00,laptop,USA,password+token,False,2
S02423,U052,2025-02-04 11:57:00,2025-02-04 14:28:00,laptop,India,password+token,True,2
S02424,U052,2025-02-06 10:54:00,2025-02-06 13:39:00,laptop,India,password,True,0
S02425,U052,2025-02-10 09:57:00,2025-02-10 11:20:00,workstation,Germany,password+token,True,2
S02426,U052,2025-02-10 12:24:00,2025-02-10 13:17:00,vpn,Germany,password+token,True,0
S02427,U052,2025-02-10 14:42:00,2025-02-10 17:37:00,vpn,USA,password+token,True,0
S02428,U052,2025-02-11 06:34:00,2025-02-11 07:49:00,laptop,Germany,password,True,0
S02429,U052,2025-02-12 12:19:00,2025-02-12 13:36:00,laptop,USA,password,True,0
S02430,U052,2025-02-14 11:33:00,2025-02-14 14:04:00,laptop,India,password+token,True,1
S02431,U052,2025-02-14 14:32:00,2025-02-14 16:49:00,workstation,India,password,False,1
S02432,U052,2025-02-14 17:19:00,2025-02-14 19:04:00,workstation,India,password,True,0
S02433,U053,2025-01-01 06:39:00,2025-01-01 09:08:00,vpn,India,password+token,True,1
S02434,U053,2025-01-02 06:53:00,2025-01-02 10:06:00,vpn,India,password+token,True,1
S02435,U053,2025-01-06 09:41:00,2025-01-06 12:45:00,vpn,India,password+token,False,1
S02436,U053,2025-01-07 06:20:00,2025-01-07 08:14:00,workstation,India,password,True,1
S02437,U053,2025-01-07 09:42:00,2025-01-07 10:36:00,workstation,India,password,True,0
S02438,U053,2025-01-07 11:28:00,2025-01-07 13:34:00,vpn,India,password+token,False,0
S02439,U053,2025-01-08 06:17:00,2025-01-08 08:27:00,laptop,India,password+token,True,0
S02440,U053,2025-01-09 06:20:00,2025-01-09 08:25:00,workstation,India,password,True,0
S02441,U053,2025-01-13 06:29:00,2025-01-13 08:47:00,laptop,India,password+token,True,1
S02442,U053,2025-01-13 10:45:00,2025-01-13 12:54:00,workstation,India,password,True,0
S02443,U053,2025-01-15 06:14:00,2025-01-15 09:48:00,vpn,India,password+token,True,0
S02444,U053,2025-01-16 06:46:00,2025-01-16 09:38:00,laptop,USA,password,True,1
S02445,U053,2025-01-17 06:57:00,2025-01-17 08:35:00,vpn,India,password+token,True,2
S02446,U053,2025-01-20 07:28:00,2025-01-20 10:17:00,laptop,India,password+token,False,0
S02447,U053,2025-01-20 11:36:00,2025-01-20 13:11:00,workstation,India,password,False,0
S02448,U053,2025-01-21 06:41:00,2025-01-21 08:34:00,laptop,India,password+token,False,1
S02449,U053,2025-01-21 09:42:00,2025-01-21 10:16:00,workstation,India,password+token,True,0
S02450,U053,2025-01-22 07:34:00,2025-01-22 09:43:00,laptop,India,password,True,0
S02451,U053,2025-01-22 10:50:00,2025-01-22 12:56:00,workstation,India,password+token,True,0
S02452,U053,2025-01-23 06:14:00,2025-01-23 07:49:00,workstation,India,password+token,False,1
S02453,U053,2025-01-24 08:30:00,2025-01-24 10:46:00,laptop,India,password,False,0
S02454,U053,2025-01-24 11:11:00,2025-01-24 12:44:00,laptop,India,password,True,1
S02455,U053,2025-01-24 14:05:00,2025-01-24 16:55:00,vpn,India,password+token,False,2
S02456,U053,2025-01-27 06:50:00,2025-01-27 08:23:00,workstation,India,password+token,True,0
S02457,U053,2025-01-27 09:18:00,2025-01-27 12:18:00,workstation,Germany,password,True,3
S02458,U053,2025-01-29 06:05:00,2025-01-29 08:18:00,laptop,India,password,True,0
S02459,U053,2025-01-31 06:48:00,2025-01-31 09:01:00,laptop,India,password+token,False,0
S02460,U053,2025-01-31 10:57:00,2025-01-31 13:39:00,workstation,USA,password+token,True,1
S02461,U053,2025-01-31 15:26:00,2025-01-31 17:28:00,vpn,India,password+token,True,0
S02462,U053,2025-02-04 07:15:00,2025-02-04 08:41:00,workstation,Singapore,password,True,1
S02463,U053,2025-02-04 09:39:00,2025-02-04 11:46:00,workstation,India,password,True,1
S02464,U053,2025-02-05 07:41:00,2025-02-05 09:53:00,laptop,India,password,True,1
S02465,U053,2025-02-05 11:10:00,2025-02-05 14:49:00,laptop,India,password,True,1
S02466,U053,2025-02-06 06:05:00,2025-02-06 08:02:00,laptop,Germany,password,False,1
S02467,U053,2025-02-07 06:36:00,2025-02-07 09:13:00,laptop,India,password+token,True,0
S02468,U053,2025-02-09 06:46:00,2025-02-09 09:15:00,workstation,India,password,True,0
S02469,U053,2025-02-09 10:08:00,2025-02-09 11:39:00,laptop,India,password+token,True,0
S02470,U053,2025-02-10 06:18:00,2025-02-10 09:28:00,vpn,USA,password+token,True,1
S02471,U053,2025-02-11 06:50:00,2025-02-11 08:06:00,laptop,India,password+token,False,0
S02472,U053,2025-02-11 09:57:00,2025-02-11 12:03:00,vpn,Germany,password+token,True,1
S02473,U053,2025-02-11 13:19:00,2025-02-11 15:54:00,laptop,India,password,True,0
S02474,U053,2025-02-14 06:13:00,2025-02-14 09:01:00,vpn,Singapore,password+token,True,0
S02475,U053,2025-02-14 09:24:00,2025-02-14 10:55:00,laptop,USA,password,True,1
S02476,U054,2025-01-01 09:40:00,2025-01-01 11:27:00,laptop,Germany,password+token,True,0
S02477,U054,2025-01-01 13:01:00,2025-01-01 14:16:00,workstation,India,password,True,0
S02478,U054,2025-01-01 16:06:00,2025-01-01 18:25:00,laptop,India,password,False,1
S02479,U054,2025-01-06 06:31:00,2025-01-06 08:04:00,laptop,India,password,True,0
S02480,U054,2025-01-06 09:00:00,2025-01-06 10:31:00,laptop,India,password+token,False,0
S02481,U054,2025-01-06 11:08:00,2025-01-06 13:28:00,laptop,India,password,True,0
S02482,U054,2025-01-07 11:23:00,2025-01-07 13:11:00,laptop,India,password+token,False,0
S02483,U054,2025-01-07 13:36:00,2025-01-07 15:21:00,laptop,India,password+token,True,2
S02484,U054,2025-01-08 10:57:00,2025-01-08 13:06:00,laptop,India,password+token,True,5
S02485,U054,2025-01-08 14:10:00,2025-01-08 16:59:00,laptop,India,password,False,2
S02486,U054,2025-01-13 09:46:00,2025-01-13 10:47:00,vpn,India,password+token,False,1
S02487,U054,2025-01-13 11:18:00,2025-01-13 13:28:00,laptop,India,password,True,1
S02488,U054,2025-01-13 14:13:00,2025-01-13 15:36:00,laptop,India,password,True,1
S02489,U054,2025-01-14 09:08:00,2025-01-14 10:03:00,workstation,India,password,True,0
S02490,U054,2025-01-15 10:04:00,2025-01-15 12:21:00,laptop,India,password,True,3
S02491,U054,2025-01-17 06:44:00,2025-01-17 08:40:00,laptop,India,password,False,0
S02492,U054,2025-01-20 09:40:00,2025-01-20 10:51:00,laptop,India,password,True,0
S02493,U054,2025-01-22 10:17:00,2025-01-22 12:55:00,vpn,India,password+token,True,1
S02494,U054,2025-01-22 13:59:00,2025-01-22 15:54:00,vpn,India,password+token,True,1
S02495,U054,2025-01-27 06:59:00,2025-01-27 08:44:00,laptop,India,password+token,True,0
S02496,U054,2025-01-27 09:43:00,2025-01-27 11:34:00,laptop,India,password,False,1
S02497,U054,2025-01-27 12:21:00,2025-01-27 15:14:00,laptop,India,password+token,False,0
S02498,U054,2025-01-28 08:46:00,2025-01-28 09:55:00,laptop,India,password,True,0
S02499,U054,2025-01-28 10:20:00,2025-01-28 11:54:00,laptop,India,password,True,0
S02500,U054,2025-01-28 12:40:00,2025-01-28 14:32:00,workstation,India,password,True,0
S02501,U054,2025-01-29 09:16:00,2025-01-29 11:25:00,laptop,India,password+token,True,0
S02502,U054,2025-01-30 06:58:00,2025-01-30 09:17:00,laptop,India,password,True,0
S02503,U054,2025-01-30 10:57:00,2025-01-30 11:48:00,laptop,India,password,True,1
S02504,U054,2025-01-31 10:33:00,2025-01-31 12:15:00,workstation,India,password,True,0
S02505,U054,2025-01-31 13:57:00,2025-01-31 15:28:00,workstation,Singapore,password,True,0
S02506,U054,2025-01-31 16:45:00,2025-01-31 18:12:00,laptop,India,password,False,0
S02507,U054,2025-02-02 09:19:00,2025-02-02 11:37:00,laptop,Singapore,password,True,0
S02508,U054,2025-02-02 13:17:00,2025-02-02 14:48:00,workstation,India,password,True,1
S02509,U054,2025-02-04 09:45:00,2025-02-04 11:22:00,laptop,India,password,False,2
S02510,U054,2025-02-06 06:28:00,2025-02-06 08:48:00,laptop,India,password,False,1
S02511,U054,2025-02-06 09:34:00,2025-02-06 11:10:00,workstation,USA,password,True,2
S02512,U054,2025-02-07 08:51:00,2025-02-07 10:10:00,workstation,India,password,True,0
S02513,U054,2025-02-09 08:04:00,2025-02-09 08:59:00,laptop,India,password+token,False,1
S02514,U054,2025-02-09 10:25:00,2025-02-09 12:44:00,laptop,India,password,True,1
S02515,U054,2025-02-09 14:31:00,2025-02-09 16:06:00,laptop,India,password+token,True,0
S02516,U054,2025-02-10 07:50:00,2025-02-10 08:10:00,laptop,India,password,True,1
S02517,U054,2025-02-11 11:18:00,2025-02-11 13:39:00,laptop,India,password+token,True,1
S02518,U054,2025-02-11 14:39:00,2025-02-11 16:19:00,laptop,India,password,True,0
S02519,U054,2025-02-12 09:14:00,2025-02-12 11:07:00,workstation,India,password+token,True,0
S02520,U054,2025-02-13 10:58:00,2025-02-13 13:48:00,laptop,India,password,True,1
S02521,U054,2025-02-14 06:29:00,2025-02-14 07:45:00,laptop,India,password+token,False,0
S02522,U054,2025-02-14 08:52:00,2025-02-14 10:53:00,laptop,India,password,True,1
S02523,U055,2025-01-01 06:51:00,2025-01-01 08:05:00,vpn,India,password+token,True,1
S02524,U055,2025-01-01 09:16:00,2025-01-01 11:12:00,vpn,Singapore,password+token,True,0
S02525,U055,2025-01-01 12:12:00,2025-01-01 14:18:00,workstation,India,password+token,True,0
S02526,U055,2025-01-02 06:06:00,2025-01-02 08:16:00,workstation,India,password+token,True,0
S02527,U055,2025-01-03 06:22:00,2025-01-03 09:30:00,vpn,India,password+token,True,2
S02528,U055,2025-01-05 08:23:00,2025-01-05 11:26:00,vpn,India,password+token,True,0
S02529,U055,2025-01-05 11:51:00,2025-01-05 16:20:00,workstation,India,password+token,True,3
S02530,U055,2025-01-06 08:46:00,2025-01-06 10:07:00,workstation,India,password+token,True,1
S02531,U055,2025-01-07 06:20:00,2025-01-07 07:53:00,vpn,Singapore,password+token,True,1
S02532,U055,2025-01-08 06:48:00,2025-01-08 10:08:00,laptop,India,password+token,True,0
S02533,U055,2025-01-09 06:09:00,2025-01-09 08:31:00,workstation,USA,password,True,0
S02534,U055,2025-01-09 08:58:00,2025-01-09 12:49:00,vpn,India,password+token,True,1
S02535,U055,2025-01-10 07:39:00,2025-01-10 10:52:00,laptop,India,password+token,True,1
S02536,U055,2025-01-10 12:18:00,2025-01-10 14:38:00,workstation,India,password,True,2
S02537,U055,2025-01-10 16:08:00,2025-01-10 20:55:00,workstation,India,password,True,0
S02538,U055,2025-01-11 07:01:00,2025-01-11 10:40:00,workstation,India,password,True,0
S02539,U055,2025-01-11 12:15:00,2025-01-11 15:06:00,laptop,India,password+token,True,0
S02540,U055,2025-01-12 06:48:00,2025-01-12 10:16:00,vpn,India,password+token,True,1
S02541,U055,2025-01-12 11:46:00,2025-01-12 15:53:00,vpn,India,password+token,False,1
S02542,U055,2025-01-13 06:05:00,2025-01-13 10:22:00,vpn,India,password+token,True,0
S02543,U055,2025-01-14 08:17:00,2025-01-14 10:43:00,vpn,India,password+token,True,1
S02544,U055,2025-01-14 11:46:00,2025-01-14 15:09:00,vpn,India,password+token,True,0
S02545,U055,2025-01-15 06:32:00,2025-01-15 09:45:00,workstation,India,password+token,False,1
S02546,U055,2025-01-15 10:30:00,2025-01-15 14:36:00,vpn,India,password+token,True,2
S02547,U055,2025-01-16 09:22:00,2025-01-16 13:27:00,workstation,India,password,True,2
S02548,U055,2025-01-17 06:39:00,2025-01-17 09:32:00,workstation,India,password,True,0
S02549,U055,2025-01-17 10:43:00,2025-01-17 13:35:00,workstation,India,password,True,5
S02550,U055,2025-01-18 08:11:00,2025-01-18 10:16:00,workstation,Singapore,password,True,0
S02551,U055,2025-01-18 12:01:00,2025-01-18 14:56:00,workstation,India,password,False,1
S02552,U055,2025-01-18 16:13:00,2025-01-18 19:30:00,laptop,India,password,True,1
S02553,U055,2025-01-19 06:59:00,2025-01-19 10:33:00,workstation,USA,password,True,2
S02554,U055,2025-01-20 06:06:00,2025-01-20 08:58:00,vpn,India,password+token,True,1
S02555,U055,2025-01-21 06:41:00,2025-01-21 11:14:00,vpn,India,password+token,True,3
S02556,U055,2025-01-21 13:02:00,2025-01-21 15:40:00,workstation,USA,password+token,False,1
S02557,U055,2025-01-22 06:12:00,2025-01-22 09:31:00,workstation,India,password,True,1
S02558,U055,2025-01-22 10:42:00,2025-01-22 13:28:00,workstation,India,password+token,True,0
S02559,U055,2025-01-22 14:46:00,2025-01-22 17:48:00,workstation,India,password,True,1
S02560,U055,2025-01-23 06:43:00,2025-01-23 09:21:00,workstation,India,password+token,True,0
S02561,U055,2025-01-23 09:44:00,2025-01-23 12:55:00,workstation,India,password,True,0
S02562,U055,2025-01-24 07:27:00,2025-01-24 10:18:00,vpn,Germany,password+token,True,2
S02563,U055,2025-01-27 08:12:00,2025-01-27 11:25:00,workstation,India,password+token,True,0
S02564,U055,2025-01-28 09:54:00,2025-01-28 12:27:00,vpn,Singapore,password+token,True,2
S02565,U055,2025-01-29 09:41:00,2025-01-29 13:37:00,vpn,India,password+token,False,1
S02566,U055,2025-01-29 14:02:00,2025-01-29 17:33:00,workstation,India,password,True,2
S02567,U055,2025-01-29 19:23:00,2025-01-29 20:43:00,vpn,India,password+token,True,0
S02568,U055,2025-01-31 08:09:00,2025-01-31 11:53:00,vpn,India,password+token,True,0
S02569,U055,2025-02-01 06:47:00,2025-02-01 10:08:00,workstation,India,password+token,True,1
S02570,U055,2025-02-03 07:56:00,2025-02-03 10:42:00,workstation,India,password,True,2
S02571,U055,2025-02-04 06:33:00,2025-02-04 10:03:00,vpn,India,password+token,True,0
S02572,U055,2025-02-05 08:33:00,2025-02-05 10:51:00,workstation,USA,password+token,True,0
S02573,U055,2025-02-06 06:27:00,2025-02-06 08:40:00,laptop,India,password,True,2
S02574,U055,2025-02-07 06:16:00,2025-02-07 08:55:00,laptop,India,password,True,0
S02575,U055,2025-02-09 06:28:00,2025-02-09 09:16:00,vpn,India,password+token,True,2
S02576,U055,2025-02-10 07:12:00,2025-02-10 08:56:00,laptop,India,password,True,4
S02577,U055,2025-02-10 10:23:00,2025-02-10 13:44:00,vpn,USA,password+token,True,1
S02578,U055,2025-02-11 07:16:00,2025-02-11 10:30:00,workstation,Germany,password,True,0
S02579,U055,2025-02-12 09:31:00,2025-02-12 13:20:00,workstation,India,password+token,True,0
S02580,U055,2025-02-12 14:42:00,2025-02-12 18:51:00,vpn,USA,password+token,True,0
S02581,U055,2025-02-13 09:50:00,2025-02-13 14:36:00,vpn,India,password+token,True,1
S02582,U055,2025-02-13 15:39:00,2025-02-13 17:48:00,workstation,India,password,True,0
S02583,U055,2025-02-13 18:22:00,2025-02-13 21:37:00,workstation,India,password+token,False,2
S02584,U055,2025-02-14 06:23:00,2025-02-14 09:27:00,workstation,India,password+token,True,0
S02585,U055,2025-02-14 10:10:00,2025-02-14 12:09:00,workstation,India,password,True,1
S02586,U056,2025-01-01 11:53:00,2025-01-01 14:35:00,laptop,India,password,True,0
S02587,U056,2025-01-02 12:29:00,2025-01-02 15:27:00,laptop,India,password,True,0
S02588,U056,2025-01-06 12:14:00,2025-01-06 13:20:00,laptop,India,password+token,True,0
S02589,U056,2025-01-07 11:39:00,2025-01-07 12:59:00,laptop,India,password,True,1
S02590,U056,2025-01-07 14:45:00,2025-01-07 16:16:00,laptop,India,password+token,True,0
S02591,U056,2025-01-08 12:28:00,2025-01-08 14:44:00,vpn,India,password+token,True,0
S02592,U056,2025-01-08 15:24:00,2025-01-08 16:56:00,laptop,India,password,True,1
S02593,U056,2025-01-09 06:45:00,2025-01-09 09:34:00,laptop,India,password+token,True,4
S02594,U056,2025-01-09 10:56:00,2025-01-09 12:45:00,workstation,India,password,True,1
S02595,U056,2025-01-09 13:32:00,2025-01-09 14:56:00,laptop,USA,password,True,1
S02596,U056,2025-01-10 11:39:00,2025-01-10 13:20:00,laptop,Singapore,password+token,False,3
S02597,U056,2025-01-12 12:38:00,2025-01-12 15:34:00,laptop,India,password,True,3
S02598,U056,2025-01-12 16:42:00,2025-01-12 19:11:00,workstation,India,password,True,1
S02599,U056,2025-01-12 19:49:00,2025-01-12 21:30:00,vpn,India,password+token,False,1
S02600,U056,2025-01-13 12:46:00,2025-01-13 15:23:00,vpn,India,password+token,True,0
S02601,U056,2025-01-13 16:10:00,2025-01-13 17:40:00,workstation,India,password+token,True,0
S02602,U056,2025-01-13 18:50:00,2025-01-13 20:28:00,laptop,India,password+token,False,0
S02603,U056,2025-01-14 06:46:00,2025-01-14 07:53:00,vpn,India,password+token,True,0
S02604,U056,2025-01-14 09:34:00,2025-01-14 11:13:00,laptop,India,password,True,1
S02605,U056,2025-01-15 13:50:00,2025-01-15 15:39:00,laptop,India,password+token,True,1
S02606,U056,2025-01-17 10:11:00,2025-01-17 12:50:00,laptop,India,password+token,True,0
S02607,U056,2025-01-21 12:55:00,2025-01-21 14:45:00,laptop,India,password+token,True,0
S02608,U056,2025-01-22 12:48:00,2025-01-22 14:54:00,workstation,India,password+token,True,0
S02609,U056,2025-01-23 12:56:00,2025-01-23 14:29:00,workstation,India,password+token,True,1
S02610,U056,2025-01-23 15:02:00,2025-01-23 17:17:00,laptop,India,password+token,True,0
S02611,U056,2025-01-24 12:27:00,2025-01-24 14:42:00,laptop,India,password+token,False,1
S02612,U056,2025-01-25 11:23:00,2025-01-25 12:17:00,laptop,USA,password+token,True,0
S02613,U056,2025-01-25 13:33:00,2025-01-25 14:29:00,laptop,India,password+token,True,1
S02614,U056,2025-01-27 10:43:00,2025-01-27 12:52:00,laptop,Germany,password,True,2
S02615,U056,2025-01-27 13:49:00,2025-01-27 16:24:00,workstation,India,password+token,False,0
S02616,U056,2025-01-29 12:44:00,2025-01-29 14:49:00,workstation,India,password,True,1
S02617,U056,2025-01-30 11:04:00,2025-01-30 12:34:00,laptop,India,password,True,1
S02618,U056,2025-01-30 13:57:00,2025-01-30 15:17:00,laptop,India,password,True,1
S02619,U056,2025-01-30 16:40:00,2025-01-30 18:13:00,laptop,India,password,True,2
S02620,U056,2025-01-31 11:48:00,2025-01-31 13:23:00,vpn,India,password+token,True,0
S02621,U056,2025-01-31 14:56:00,2025-01-31 16:31:00,laptop,India,password+token,False,0
S02622,U056,2025-01-31 17:22:00,2025-01-31 18:56:00,vpn,India,password+token,True,1
S02623,U056,2025-02-03 11:49:00,2025-02-03 13:25:00,workstation,India,password+token,True,0
S02624,U056,2025-02-03 14:37:00,2025-02-03 16:33:00,laptop,India,password,True,0
S02625,U056,2025-02-03 17:01:00,2025-02-03 19:19:00,laptop,India,password,False,3
S02626,U056,2025-02-04 13:26:00,2025-02-04 14:36:00,laptop,India,password,True,1
S02627,U056,2025-02-04 15:41:00,2025-02-04 17:25:00,laptop,India,password+token,False,1
S02628,U056,2025-02-04 18:19:00,2025-02-04 20:49:00,laptop,Germany,password,True,0
S02629,U056,2025-02-05 12:43:00,2025-02-05 14:36:00,laptop,India,password,True,0
S02630,U056,2025-02-07 12:01:00,2025-02-07 14:03:00,laptop,India,password,True,0
S02631,U056,2025-02-07 15:16:00,2025-02-07 15:55:00,laptop,India,password,False,0
S02632,U056,2025-02-10 12:14:00,2025-02-10 12:34:00,laptop,Singapore,password+token,True,0
S02633,U056,2025-02-11 11:48:00,2025-02-11 13:12:00,laptop,India,password,False,3
S02634,U056,2025-02-12 12:50:00,2025-02-12 15:13:00,workstation,India,password,True,0
S02635,U057,2025-01-01 10:02:00,2025-01-01 11:49:00,workstation,India,password+token,True,3
S02636,U057,2025-01-02 10:25:00,2025-01-02 12:22:00,laptop,India,password+token,True,2
S02637,U057,2025-01-02 12:47:00,2025-01-02 14:28:00,laptop,Singapore,password,True,2
S02638,U057,2025-01-02 15:51:00,2025-01-02 16:54:00,laptop,India,password,False,0
S02639,U057,2025-01-03 11:44:00,2025-01-03 12:48:00,laptop,India,password,False,1
S02640,U057,2025-01-04 11:57:00,2025-01-04 13:19:00,laptop,India,password+token,True,2
S02641,U057,2025-01-05 11:55:00,2025-01-05 13:57:00,workstation,USA,password+token,False,0
S02642,U057,2025-01-06 12:54:00,2025-01-06 14:44:00,laptop,India,password,True,0
S02643,U057,2025-01-06 16:00:00,2025-01-06 18:50:00,laptop,India,password+token,True,1
S02644,U057,2025-01-06 20:38:00,2025-01-06 21:33:00,vpn,India,password+token,True,0
S02645,U057,2025-01-07 12:50:00,2025-01-07 13:53:00,laptop,Germany,password,True,0
S02646,U057,2025-01-08 12:09:00,2025-01-08 13:19:00,laptop,India,password,True,0
S02647,U057,2025-01-08 14:38:00,2025-01-08 16:30:00,laptop,India,password,True,3
S02648,U057,2025-01-08 18:23:00,2025-01-08 20:43:00,laptop,India,password,False,2
S02649,U057,2025-01-09 11:32:00,2025-01-09 13:01:00,laptop,India,password,True,0
S02650,U057,2025-01-14 11:54:00,2025-01-14 14:05:00,laptop,India,password+token,True,2
S02651,U057,2025-01-14 14:26:00,2025-01-14 15:05:00,workstation,India,password+token,False,0
S02652,U057,2025-01-14 15:55:00,2025-01-14 17:47:00,laptop,India,password,True,1
S02653,U057,2025-01-15 11:18:00,2025-01-15 12:53:00,laptop,Singapore,password,True,1
S02654,U057,2025-01-16 12:41:00,2025-01-16 13:47:00,laptop,India,password,True,3
S02655,U057,2025-01-16 15:39:00,2025-01-16 17:34:00,laptop,India,password+token,False,1
S02656,U057,2025-01-16 18:10:00,2025-01-16 20:18:00,laptop,Germany,password+token,False,1
S02657,U057,2025-01-17 11:52:00,2025-01-17 12:27:00,vpn,USA,password+token,True,1
S02658,U057,2025-01-17 13:20:00,2025-01-17 15:41:00,vpn,Germany,password+token,False,0
S02659,U057,2025-01-19 10:19:00,2025-01-19 10:48:00,laptop,Germany,password,True,1
S02660,U057,2025-01-19 11:19:00,2025-01-19 12:20:00,laptop,India,password,False,3
S02661,U057,2025-01-19 12:44:00,2025-01-19 13:40:00,vpn,India,password+token,True,0
S02662,U057,2025-01-20 10:26:00,2025-01-20 11:45:00,laptop,India,password+token,True,3
S02663,U057,2025-01-21 11:47:00,2025-01-21 14:14:00,workstation,India,password+token,False,0
S02664,U057,2025-01-21 15:06:00,2025-01-21 16:21:00,laptop,Singapore,password,True,2
S02665,U057,2025-01-21 17:05:00,2025-01-21 17:47:00,workstation,India,password+token,False,1
S02666,U057,2025-01-22 06:38:00,2025-01-22 08:03:00,workstation,India,password,True,1
S02667,U057,2025-01-22 09:55:00,2025-01-22 10:15:00,laptop,India,password+token,True,1
S02668,U057,2025-01-22 12:12:00,2025-01-22 12:52:00,laptop,India,password+token,True,2
S02669,U057,2025-01-23 11:25:00,2025-01-23 13:19:00,laptop,India,password,False,0
S02670,U057,2025-01-24 12:53:00,2025-01-24 14:24:00,laptop,India,password,True,1
S02671,U057,2025-01-27 06:29:00,2025-01-27 08:52:00,workstation,India,password+token,True,2
S02672,U057,2025-01-31 10:47:00,2025-01-31 11:48:00,laptop,India,password,True,0
S02673,U057,2025-01-31 13:44:00,2025-01-31 15:08:00,laptop,India,password+token,True,1
S02674,U057,2025-02-04 12:54:00,2025-02-04 13:34:00,laptop,India,password+token,True,0
S02675,U057,2025-02-04 15:25:00,2025-02-04 15:45:00,workstation,India,password+token,True,1
S02676,U057,2025-02-04 16:41:00,2025-02-04 17:46:00,workstation,India,password+token,True,1
S02677,U057,2025-02-10 10:37:00,2025-02-10 10:57:00,workstation,India,password,True,0
S02678,U057,2025-02-10 11:57:00,2025-02-10 13:59:00,laptop,India,password,False,0
S02679,U057,2025-02-10 15:11:00,2025-02-10 16:03:00,laptop,Germany,password,True,2
S02680,U057,2025-02-11 11:32:00,2025-02-11 12:28:00,laptop,India,password,False,1
S02681,U057,2025-02-11 14:13:00,2025-02-11 14:40:00,laptop,India,password,True,1
S02682,U057,2025-02-12 10:09:00,2025-02-12 11:24:00,workstation,India,password,False,1
S02683,U057,2025-02-12 12:29:00,2025-02-12 14:19:00,laptop,India,password,True,2
S02684,U057,2025-02-14 11:57:00,2025-02-14 13:10:00,laptop,India,password,True,1
S02685,U057,2025-02-15 10:42:00,2025-02-15 12:20:00,laptop,India,password,False,0
S02686,U057,2025-02-15 14:10:00,2025-02-15 14:30:00,laptop,India,password+token,True,2
S02687,U057,2025-02-15 16:16:00,2025-02-15 17:13:00,workstation,India,password,False,0
S02688,U058,2025-01-03 08:40:00,2025-01-03 09:58:00,laptop,India,password,True,0
S02689,U058,2025-01-06 06:43:00,2025-01-06 09:03:00,vpn,Germany,password+token,False,0
S02690,U058,2025-01-06 10:56:00,2025-01-06 12:53:00,laptop,India,password,True,1
S02691,U058,2025-01-07 06:26:00,2025-01-07 09:04:00,laptop,Germany,password,False,1
S02692,U058,2025-01-07 09:57:00,2025-01-07 10:29:00,workstation,India,password,True,0
S02693,U058,2025-01-08 08:55:00,2025-01-08 10:49:00,vpn,India,password+token,True,1
S02694,U058,2025-01-09 07:17:00,2025-01-09 09:20:00,laptop,India,password+token,True,0
S02695,U058,2025-01-09 09:48:00,2025-01-09 11:26:00,workstation,Germany,password,False,1
S02696,U058,2025-01-09 13:23:00,2025-01-09 15:33:00,vpn,India,password+token,True,0
S02697,U058,2025-01-10 06:26:00,2025-01-10 08:56:00,laptop,Germany,password+token,True,1
S02698,U058,2025-01-12 07:34:00,2025-01-12 09:07:00,vpn,Singapore,password+token,True,0
S02699,U058,2025-01-12 10:43:00,2025-01-12 12:19:00,workstation,USA,password,True,1
S02700,U058,2025-01-13 07:09:00,2025-01-13 08:53:00,laptop,India,password,True,0
S02701,U058,2025-01-14 09:11:00,2025-01-14 11:31:00,workstation,USA,password+token,False,1
S02702,U058,2025-01-15 08:29:00,2025-01-15 10:13:00,laptop,USA,password,True,1
S02703,U058,2025-01-16 06:31:00,2025-01-16 08:18:00,workstation,Germany,password,True,2
S02704,U058,2025-01-17 11:06:00,2025-01-17 12:48:00,vpn,India,password+token,True,0
S02705,U058,2025-01-17 14:33:00,2025-01-17 16:12:00,laptop,India,password,True,1
S02706,U058,2025-01-20 08:20:00,2025-01-20 10:41:00,vpn,India,password+token,False,2
S02707,U058,2025-01-22 07:30:00,2025-01-22 09:16:00,laptop,India,password,False,1
S02708,U058,2025-01-24 08:29:00,2025-01-24 11:08:00,workstation,India,password,True,0
S02709,U058,2025-01-27 08:01:00,2025-01-27 10:26:00,workstation,Singapore,password,True,1
S02710,U058,2025-01-27 11:20:00,2025-01-27 13:46:00,vpn,Germany,password+token,True,1
S02711,U058,2025-01-28 07:06:00,2025-01-28 09:48:00,laptop,Germany,password+token,False,0
S02712,U058,2025-01-29 06:04:00,2025-01-29 07:54:00,workstation,Germany,password,False,2
S02713,U058,2025-01-30 07:28:00,2025-01-30 09:13:00,laptop,USA,password,True,0
S02714,U058,2025-01-31 07:40:00,2025-01-31 09:44:00,laptop,India,password,True,1
S02715,U058,2025-01-31 11:10:00,2025-01-31 12:11:00,laptop,India,password,True,0
S02716,U058,2025-02-03 07:55:00,2025-02-03 09:49:00,vpn,USA,password+token,True,0
S02717,U058,2025-02-03 11:21:00,2025-02-03 13:53:00,laptop,Singapore,password,True,1
S02718,U058,2025-02-04 09:13:00,2025-02-04 11:20:00,vpn,India,password+token,True,1
S02719,U058,2025-02-04 11:43:00,2025-02-04 14:32:00,laptop,India,password,True,1
S02720,U058,2025-02-04 16:27:00,2025-02-04 17:50:00,laptop,India,password,True,0
S02721,U058,2025-02-05 09:16:00,2025-02-05 10:53:00,laptop,Singapore,password+token,True,2
S02722,U058,2025-02-05 11:43:00,2025-02-05 12:20:00,workstation,India,password+token,False,0
S02723,U058,2025-02-05 13:18:00,2025-02-05 15:02:00,workstation,India,password,True,0
S02724,U058,2025-02-07 06:09:00,2025-02-07 08:11:00,laptop,India,password+token,False,1
S02725,U058,2025-02-10 10:34:00,2025-02-10 11:23:00,laptop,Singapore,password+token,True,1
S02726,U058,2025-02-10 13:14:00,2025-02-10 15:49:00,laptop,India,password+token,True,3
S02727,U058,2025-02-11 07:39:00,2025-02-11 10:27:00,laptop,India,password,False,0
S02728,U058,2025-02-11 11:57:00,2025-02-11 13:46:00,workstation,Germany,password,True,1
S02729,U058,2025-02-11 14:25:00,2025-02-11 17:18:00,laptop,Singapore,password+token,False,0
S02730,U058,2025-02-12 06:20:00,2025-02-12 07:25:00,workstation,Germany,password+token,True,0
S02731,U058,2025-02-13 10:45:00,2025-02-13 12:37:00,workstation,India,password,True,0
S02732,U058,2025-02-13 12:57:00,2025-02-13 14:18:00,vpn,Singapore,password+token,True,0
S02733,U058,2025-02-13 15:23:00,2025-02-13 17:00:00,laptop,Germany,password,False,0
S02734,U058,2025-02-14 08:41:00,2025-02-14 10:51:00,workstation,Germany,password+token,True,1
S02735,U058,2025-02-14 11:11:00,2025-02-14 14:05:00,laptop,India,password,True,0
S02736,U059,2025-01-01 07:11:00,2025-01-01 09:14:00,laptop,Germany,password,True,1
S02737,U059,2025-01-01 10:08:00,2025-01-01 12:37:00,workstation,India,password+token,False,0
S02738,U059,2025-01-01 14:08:00,2025-01-01 15:29:00,workstation,Germany,password,False,0
S02739,U059,2025-01-03 07:54:00,2025-01-03 10:23:00,workstation,India,password+token,True,0
S02740,U059,2025-01-06 06:48:00,2025-01-06 09:44:00,vpn,USA,password+token,True,0
S02741,U059,2025-01-06 10:57:00,2025-01-06 13:16:00,workstation,USA,password,False,2
S02742,U059,2025-01-06 14:48:00,2025-01-06 16:27:00,laptop,Singapore,password+token,False,0
S02743,U059,2025-01-07 06:50:00,2025-01-07 09:46:00,laptop,Germany,password,False,0
S02744,U059,2025-01-07 10:34:00,2025-01-07 12:28:00,workstation,India,password,True,0
S02745,U059,2025-01-07 13:54:00,2025-01-07 15:30:00,laptop,India,password,True,0
S02746,U059,2025-01-09 06:49:00,2025-01-09 10:08:00,laptop,USA,password+token,True,0
S02747,U059,2025-01-10 07:27:00,2025-01-10 10:03:00,workstation,Germany,password+token,False,1
S02748,U059,2025-01-14 06:02:00,2025-01-14 08:09:00,vpn,India,password+token,True,0
S02749,U059,2025-01-16 06:17:00,2025-01-16 09:50:00,laptop,India,password+token,False,2
S02750,U059,2025-01-16 11:39:00,2025-01-16 13:38:00,laptop,Singapore,password,True,0
S02751,U059,2025-01-17 06:22:00,2025-01-17 09:59:00,workstation,USA,password+token,False,3
S02752,U059,2025-01-17 10:23:00,2025-01-17 13:11:00,laptop,India,password,True,2
S02753,U059,2025-01-18 06:12:00,2025-01-18 08:49:00,workstation,India,password+token,False,1
S02754,U059,2025-01-19 07:20:00,2025-01-19 10:05:00,workstation,Singapore,password+token,True,1
S02755,U059,2025-01-19 10:51:00,2025-01-19 13:19:00,laptop,India,password+token,True,1
S02756,U059,2025-01-20 06:48:00,2025-01-20 08:51:00,laptop,Singapore,password+token,False,1
S02757,U059,2025-01-20 09:26:00,2025-01-20 11:14:00,laptop,India,password,False,0
S02758,U059,2025-01-21 06:20:00,2025-01-21 08:58:00,laptop,Germany,password,True,1
S02759,U059,2025-01-21 10:30:00,2025-01-21 12:54:00,laptop,Singapore,password+token,True,1
S02760,U059,2025-01-22 06:37:00,2025-01-22 08:08:00,vpn,India,password+token,True,0
S02761,U059,2025-01-22 08:28:00,2025-01-22 10:01:00,laptop,USA,password,True,1
S02762,U059,2025-01-23 07:15:00,2025-01-23 09:06:00,laptop,Singapore,password+token,True,0
S02763,U059,2025-01-23 09:28:00,2025-01-23 12:01:00,vpn,Germany,password+token,True,0
S02764,U059,2025-01-23 13:35:00,2025-01-23 15:52:00,laptop,Germany,password,True,1
S02765,U059,2025-01-28 09:59:00,2025-01-28 11:33:00,laptop,Germany,password,False,2
S02766,U059,2025-01-30 06:13:00,2025-01-30 08:35:00,vpn,India,password+token,False,0
S02767,U059,2025-01-31 06:57:00,2025-01-31 10:04:00,vpn,India,password+token,True,0
S02768,U059,2025-01-31 11:03:00,2025-01-31 13:15:00,laptop,India,password,True,1
S02769,U059,2025-02-03 06:50:00,2025-02-03 08:35:00,laptop,India,password,True,0
S02770,U059,2025-02-04 06:20:00,2025-02-04 08:56:00,workstation,USA,password,True,0
S02771,U059,2025-02-05 06:36:00,2025-02-05 09:10:00,laptop,Germany,password,True,1
S02772,U059,2025-02-10 06:23:00,2025-02-10 08:54:00,laptop,Singapore,password+token,True,0
S02773,U059,2025-02-11 06:07:00,2025-02-11 08:32:00,laptop,Singapore,password+token,True,0
S02774,U059,2025-02-11 09:12:00,2025-02-11 12:06:00,vpn,Germany,password+token,True,1
S02775,U059,2025-02-12 08:57:00,2025-02-12 10:45:00,laptop,Singapore,password+token,False,0
S02776,U059,2025-02-13 06:17:00,2025-02-13 08:47:00,laptop,India,password,True,2
S02777,U059,2025-02-13 09:12:00,2025-02-13 10:19:00,laptop,Singapore,password+token,False,1
S02778,U059,2025-02-14 06:54:00,2025-02-14 09:47:00,laptop,India,password,True,0
S02779,U059,2025-02-14 11:08:00,2025-02-14 13:35:00,vpn,India,password+token,True,0
S02780,U060,2025-01-01 06:17:00,2025-01-01 08:06:00,laptop,India,password,False,0
S02781,U060,2025-01-01 09:54:00,2025-01-01 12:04:00,vpn,India,password+token,False,1
S02782,U060,2025-01-01 14:03:00,2025-01-01 15:04:00,laptop,India,password,False,1
S02783,U060,2025-01-02 10:27:00,2025-01-02 10:58:00,laptop,Germany,password,False,1
S02784,U060,2025-01-02 12:30:00,2025-01-02 14:27:00,laptop,Singapore,password+token,True,0
S02785,U060,2025-01-03 06:53:00,2025-01-03 08:19:00,laptop,Singapore,password,False,1
S02786,U060,2025-01-03 08:48:00,2025-01-03 09:51:00,laptop,Singapore,password,True,2
S02787,U060,2025-01-03 10:26:00,2025-01-03 12:04:00,laptop,India,password,True,2
S02788,U060,2025-01-06 12:55:00,2025-01-06 15:34:00,laptop,Germany,password,True,0
S02789,U060,2025-01-08 10:55:00,2025-01-08 11:59:00,laptop,Germany,password,True,1
S02790,U060,2025-01-08 13:01:00,2025-01-08 14:34:00,laptop,Germany,password,False,2
S02791,U060,2025-01-09 06:54:00,2025-01-09 08:50:00,laptop,Germany,password+token,True,0
S02792,U060,2025-01-09 10:45:00,2025-01-09 12:38:00,workstation,India,password,False,1
S02793,U060,2025-01-09 14:24:00,2025-01-09 15:56:00,laptop,Singapore,password+token,False,2
S02794,U060,2025-01-10 08:35:00,2025-01-10 09:07:00,laptop,USA,password+token,True,0
S02795,U060,2025-01-10 11:06:00,2025-01-10 13:12:00,workstation,India,password,True,1
S02796,U060,2025-01-11 09:19:00,2025-01-11 11:24:00,laptop,Singapore,password+token,True,0
S02797,U060,2025-01-11 12:52:00,2025-01-11 14:20:00,laptop,India,password,True,0
S02798,U060,2025-01-14 11:20:00,2025-01-14 13:23:00,laptop,USA,password,False,0
S02799,U060,2025-01-14 15:16:00,2025-01-14 17:32:00,laptop,India,password+token,True,2
S02800,U060,2025-01-14 18:29:00,2025-01-14 19:47:00,workstation,Singapore,password,True,1
S02801,U060,2025-01-15 09:47:00,2025-01-15 11:12:00,workstation,USA,password,True,2
S02802,U060,2025-01-16 09:04:00,2025-01-16 09:37:00,vpn,India,password+token,True,1
S02803,U060,2025-01-16 11:03:00,2025-01-16 12:46:00,laptop,Germany,password,True,0
S02804,U060,2025-01-19 07:42:00,2025-01-19 09:49:00,laptop,Germany,password+token,True,1
S02805,U060,2025-01-21 09:08:00,2025-01-21 11:07:00,workstation,Germany,password+token,True,0
S02806,U060,2025-01-21 11:32:00,2025-01-21 11:52:00,laptop,Germany,password,True,0
S02807,U060,2025-01-24 07:22:00,2025-01-24 09:42:00,laptop,India,password,False,0
S02808,U060,2025-01-27 08:18:00,2025-01-27 09:43:00,laptop,Germany,password,True,1
S02809,U060,2025-01-30 09:40:00,2025-01-30 10:46:00,laptop,Singapore,password,True,1
S02810,U060,2025-01-30 12:01:00,2025-01-30 13:36:00,laptop,India,password+token,True,1
S02811,U060,2025-01-30 15:31:00,2025-01-30 16:21:00,workstation,India,password+token,False,2
S02812,U060,2025-01-31 08:39:00,2025-01-31 10:41:00,laptop,USA,password,False,0
S02813,U060,2025-01-31 11:41:00,2025-01-31 13:41:00,vpn,India,password+token,True,2
S02814,U060,2025-02-03 09:51:00,2025-02-03 12:21:00,laptop,Singapore,password,True,0
S02815,U060,2025-02-03 13:12:00,2025-02-03 15:39:00,laptop,Singapore,password,True,1
S02816,U060,2025-02-05 10:01:00,2025-02-05 10:37:00,laptop,Singapore,password+token,False,1
S02817,U060,2025-02-05 12:06:00,2025-02-05 13:59:00,laptop,USA,password+token,True,2
S02818,U060,2025-02-05 14:56:00,2025-02-05 16:18:00,laptop,USA,password,True,1
S02819,U060,2025-02-06 06:04:00,2025-02-06 07:05:00,laptop,Germany,password+token,True,1
S02820,U060,2025-02-06 08:21:00,2025-02-06 10:07:00,laptop,India,password+token,False,2
S02821,U060,2025-02-07 11:29:00,2025-02-07 13:13:00,workstation,Singapore,password,False,0
S02822,U060,2025-02-07 14:15:00,2025-02-07 15:50:00,laptop,USA,password+token,True,1
S02823,U060,2025-02-07 16:17:00,2025-02-07 18:23:00,vpn,USA,password+token,True,2
S02824,U060,2025-02-10 09:17:00,2025-02-10 10:43:00,vpn,Singapore,password+token,True,0
S02825,U060,2025-02-11 09:05:00,2025-02-11 09:52:00,laptop,India,password,False,0
S02826,U060,2025-02-11 10:24:00,2025-02-11 12:00:00,laptop,USA,password,False,0
S02827,U060,2025-02-12 06:33:00,2025-02-12 07:28:00,laptop,India,password,True,0
S02828,U060,2025-02-13 06:07:00,2025-02-13 08:05:00,laptop,India,password,False,0
S02829,U060,2025-02-14 09:50:00,2025-02-14 10:46:00,laptop,USA,password+token,False,1
S02830,U060,2025-02-14 11:34:00,2025-02-14 13:59:00,laptop,India,password+token,True,1
S02831,U060,2025-02-14 14:31:00,2025-02-14 15:53:00,laptop,India,password,True,2
S02832,U060,2025-02-15 08:24:00,2025-02-15 10:29:00,workstation,India,password,False,3
S02833,U061,2025-01-01 06:58:00,2025-01-01 11:17:00,workstation,India,password,True,1
S02834,U061,2025-01-02 06:35:00,2025-01-02 08:04:00,workstation,India,password,True,1
S02835,U061,2025-01-02 09:02:00,2025-01-02 11:37:00,workstation,India,password+token,True,0
S02836,U061,2025-01-03 06:33:00,2025-01-03 10:26:00,vpn,India,password+token,True,0
S02837,U061,2025-01-03 11:42:00,2025-01-03 14:36:00,vpn,Germany,password+token,True,2
S02838,U061,2025-01-03 16:29:00,2025-01-03 18:27:00,workstation,Singapore,password,True,1
S02839,U061,2025-01-06 08:01:00,2025-01-06 10:46:00,vpn,USA,password+token,True,2
S02840,U061,2025-01-06 12:23:00,2025-01-06 15:45:00,vpn,India,password+token,True,0
S02841,U061,2025-01-07 06:32:00,2025-01-07 06:52:00,vpn,India,password+token,True,0
S02842,U061,2025-01-07 07:52:00,2025-01-07 09:39:00,laptop,India,password,True,1
S02843,U061,2025-01-08 07:35:00,2025-01-08 10:48:00,workstation,India,password,True,1
S02844,U061,2025-01-08 12:37:00,2025-01-08 14:56:00,workstation,India,password+token,True,1
S02845,U061,2025-01-08 15:22:00,2025-01-08 19:27:00,workstation,Singapore,password,True,0
S02846,U061,2025-01-09 06:17:00,2025-01-09 09:40:00,workstation,Singapore,password,False,1
S02847,U061,2025-01-09 11:03:00,2025-01-09 15:24:00,workstation,India,password,True,2
S02848,U061,2025-01-10 06:39:00,2025-01-10 10:35:00,workstation,India,password,False,0
S02849,U061,2025-01-10 12:33:00,2025-01-10 15:20:00,laptop,India,password,True,1
S02850,U061,2025-01-11 06:48:00,2025-01-11 09:26:00,workstation,Singapore,password,True,1
S02851,U061,2025-01-11 11:21:00,2025-01-11 14:18:00,workstation,Singapore,password+token,True,0
S02852,U061,2025-01-11 15:04:00,2025-01-11 19:43:00,workstation,India,password+token,False,0
S02853,U061,2025-01-13 08:19:00,2025-01-13 10:23:00,workstation,India,password+token,True,0
S02854,U061,2025-01-13 11:21:00,2025-01-13 16:54:00,vpn,India,password+token,True,0
S02855,U061,2025-01-14 08:49:00,2025-01-14 11:26:00,workstation,India,password,True,0
S02856,U061,2025-01-15 06:27:00,2025-01-15 09:25:00,vpn,India,password+token,True,0
S02857,U061,2025-01-17 07:25:00,2025-01-17 10:22:00,vpn,India,password+token,True,2
S02858,U061,2025-01-17 10:44:00,2025-01-17 12:48:00,laptop,India,password,True,1
S02859,U061,2025-01-17 13:09:00,2025-01-17 16:30:00,workstation,USA,password+token,True,1
S02860,U061,2025-01-18 06:45:00,2025-01-18 10:26:00,workstation,India,password+token,True,0
S02861,U061,2025-01-20 06:27:00,2025-01-20 07:38:00,workstation,India,password,True,2
S02862,U061,2025-01-21 06:03:00,2025-01-21 09:46:00,workstation,India,password,True,1
S02863,U061,2025-01-22 06:47:00,2025-01-22 08:36:00,vpn,India,password+token,True,1
S02864,U061,2025-01-23 06:56:00,2025-01-23 08:21:00,laptop,USA,password,True,0
S02865,U061,2025-01-23 09:00:00,2025-01-23 12:27:00,workstation,India,password,True,0
S02866,U061,2025-01-23 14:20:00,2025-01-23 17:45:00,workstation,India,password,False,0
S02867,U061,2025-01-24 07:44:00,2025-01-24 09:42:00,vpn,India,password+token,True,0
S02868,U061,2025-01-25 07:44:00,2025-01-25 10:45:00,vpn,India,password+token,True,0
S02869,U061,2025-01-27 06:45:00,2025-01-27 09:45:00,laptop,USA,password+token,True,0
S02870,U061,2025-01-28 08:53:00,2025-01-28 11:22:00,workstation,India,password,True,0
S02871,U061,2025-01-29 07:52:00,2025-01-29 10:20:00,vpn,USA,password+token,True,0
S02872,U061,2025-01-29 12:18:00,2025-01-29 14:13:00,workstation,India,password,True,0
S02873,U061,2025-01-29 16:06:00,2025-01-29 18:53:00,workstation,Germany,password,True,2
S02874,U061,2025-01-30 06:43:00,2025-01-30 09:21:00,workstation,India,password,True,1
S02875,U061,2025-01-31 06:06:00,2025-01-31 11:10:00,vpn,India,password+token,True,1
S02876,U061,2025-02-01 06:00:00,2025-02-01 09:34:00,vpn,India,password+token,True,1
S02877,U061,2025-02-01 11:14:00,2025-02-01 13:27:00,laptop,India,password+token,True,2
S02878,U061,2025-02-02 07:23:00,2025-02-02 09:41:00,workstation,India,password,True,1
S02879,U061,2025-02-02 11:13:00,2025-02-02 14:13:00,workstation,India,password,True,0
S02880,U061,2025-02-04 09:10:00,2025-02-04 10:40:00,workstation,India,password+token,True,1
S02881,U061,2025-02-04 11:57:00,2025-02-04 16:02:00,vpn,India,password+token,True,0
S02882,U061,2025-02-05 06:04:00,2025-02-05 09:57:00,workstation,India,password,True,0
S02883,U061,2025-02-05 10:37:00,2025-02-05 13:05:00,workstation,USA,password,True,3
S02884,U061,2025-02-05 14:26:00,2025-02-05 16:51:00,workstation,India,password+token,True,1
S02885,U061,2025-02-06 06:19:00,2025-02-06 08:38:00,vpn,India,password+token,True,2
S02886,U061,2025-02-07 06:00:00,2025-02-07 09:09:00,laptop,India,password+token,True,0
S02887,U061,2025-02-09 06:11:00,2025-02-09 09:07:00,workstation,Singapore,password+token,True,1
S02888,U061,2025-02-10 06:48:00,2025-02-10 09:05:00,laptop,India,password,True,3
S02889,U061,2025-02-10 10:18:00,2025-02-10 13:23:00,laptop,India,password,True,1
S02890,U061,2025-02-10 15:10:00,2025-02-10 19:25:00,vpn,India,password+token,True,1
S02891,U061,2025-02-12 06:46:00,2025-02-12 08:55:00,vpn,India,password+token,True,1
S02892,U061,2025-02-13 08:22:00,2025-02-13 10:37:00,workstation,India,password,True,0
S02893,U061,2025-02-13 11:15:00,2025-02-13 14:07:00,workstation,India,password+token,True,1
S02894,U061,2025-02-13 14:42:00,2025-02-13 16:50:00,workstation,India,password,True,0
S02895,U061,2025-02-14 06:47:00,2025-02-14 09:36:00,vpn,India,password+token,True,0
S02896,U061,2025-02-15 06:52:00,2025-02-15 11:16:00,vpn,India,password+token,True,1
S02897,U062,2025-01-01 11:50:00,2025-01-01 12:29:00,laptop,India,password,True,1
S02898,U062,2025-01-02 13:35:00,2025-01-02 16:22:00,laptop,India,password,False,3
S02899,U062,2025-01-02 17:49:00,2025-01-02 19:17:00,laptop,Germany,password+token,False,1
S02900,U062,2025-01-06 12:38:00,2025-01-06 15:01:00,workstation,Germany,password,True,0
S02901,U062,2025-01-06 16:47:00,2025-01-06 18:01:00,laptop,India,password+token,False,1
S02902,U062,2025-01-07 11:23:00,2025-01-07 13:23:00,laptop,Germany,password,True,0
S02903,U062,2025-01-07 14:11:00,2025-01-07 16:28:00,laptop,USA,password,False,3
S02904,U062,2025-01-07 17:31:00,2025-01-07 18:48:00,laptop,India,password+token,True,1
S02905,U062,2025-01-08 13:52:00,2025-01-08 16:02:00,workstation,India,password,True,0
S02906,U062,2025-01-12 11:46:00,2025-01-12 13:45:00,laptop,India,password+token,True,1
S02907,U062,2025-01-12 14:39:00,2025-01-12 15:35:00,laptop,India,password+token,True,0
S02908,U062,2025-01-13 12:30:00,2025-01-13 15:03:00,laptop,India,password,True,2
S02909,U062,2025-01-14 12:08:00,2025-01-14 14:18:00,laptop,India,password+token,True,0
S02910,U062,2025-01-14 16:12:00,2025-01-14 18:35:00,laptop,India,password+token,True,2
S02911,U062,2025-01-14 20:16:00,2025-01-14 21:46:00,laptop,India,password,False,0
S02912,U062,2025-01-15 06:22:00,2025-01-15 08:23:00,laptop,India,password,False,1
S02913,U062,2025-01-16 13:06:00,2025-01-16 14:32:00,laptop,India,password,False,0
S02914,U062,2025-01-16 16:25:00,2025-01-16 18:05:00,laptop,India,password,True,0
S02915,U062,2025-01-16 19:46:00,2025-01-16 22:19:00,workstation,India,password,True,1
S02916,U062,2025-01-17 10:29:00,2025-01-17 13:00:00,laptop,Germany,password,True,0
S02917,U062,2025-01-18 10:59:00,2025-01-18 12:37:00,workstation,India,password,True,1
S02918,U062,2025-01-20 11:47:00,2025-01-20 13:08:00,vpn,India,password+token,True,1
S02919,U062,2025-01-21 13:02:00,2025-01-21 15:18:00,vpn,India,password+token,False,0
S02920,U062,2025-01-22 09:17:00,2025-01-22 11:20:00,laptop,India,password+token,True,0
S02921,U062,2025-01-23 12:49:00,2025-01-23 14:31:00,laptop,India,password+token,False,2
S02922,U062,2025-01-24 11:14:00,2025-01-24 13:05:00,laptop,India,password+token,True,0
S02923,U062,2025-01-24 14:18:00,2025-01-24 16:07:00,laptop,India,password+token,True,0
S02924,U062,2025-01-24 17:00:00,2025-01-24 18:34:00,laptop,India,password+token,True,1
S02925,U062,2025-01-28 11:35:00,2025-01-28 12:50:00,laptop,India,password,True,3
S02926,U062,2025-01-29 13:51:00,2025-01-29 15:54:00,laptop,India,password,True,2
S02927,U062,2025-01-30 11:13:00,2025-01-30 12:47:00,workstation,India,password,False,0
S02928,U062,2025-01-31 09:55:00,2025-01-31 11:41:00,laptop,India,password,True,2
S02929,U062,2025-02-02 10:18:00,2025-02-02 12:16:00,laptop,India,password,False,0
S02930,U062,2025-02-03 11:55:00,2025-02-03 13:43:00,laptop,India,password,True,1
S02931,U062,2025-02-05 11:24:00,2025-02-05 12:51:00,laptop,India,password+token,False,1
S02932,U062,2025-02-06 10:52:00,2025-02-06 12:32:00,laptop,India,password+token,True,1
S02933,U062,2025-02-07 12:08:00,2025-02-07 13:57:00,laptop,Germany,password+token,False,0
S02934,U062,2025-02-07 15:18:00,2025-02-07 16:47:00,workstation,India,password,True,1
S02935,U062,2025-02-07 17:57:00,2025-02-07 19:47:00,laptop,India,password+token,False,0
S02936,U062,2025-02-09 06:10:00,2025-02-09 06:54:00,vpn,India,password+token,True,1
S02937,U062,2025-02-10 10:31:00,2025-02-10 12:56:00,laptop,Singapore,password+token,True,0
S02938,U062,2025-02-11 16:37:00,2025-02-11 17:59:00,workstation,India,password,True,0
S02939,U062,2025-02-11 18:25:00,2025-02-11 19:51:00,vpn,India,password+token,True,0
S02940,U062,2025-02-11 20:11:00,2025-02-11 22:27:00,laptop,India,password+token,True,0
S02941,U062,2025-02-12 13:35:00,2025-02-12 15:33:00,laptop,India,password+token,True,0
S02942,U062,2025-02-12 16:55:00,2025-02-12 18:31:00,workstation,India,password,True,2
S02943,U062,2025-02-13 12:24:00,2025-02-13 14:30:00,laptop,India,password,True,1
S02944,U062,2025-02-13 15:10:00,2025-02-13 17:14:00,laptop,USA,password,True,1
S02945,U062,2025-02-14 08:50:00,2025-02-14 10:36:00,laptop,India,password,True,1
S02946,U063,2025-01-01 10:27:00,2025-01-01 11:41:00,laptop,India,password,True,0
S02947,U063,2025-01-01 13:29:00,2025-01-01 13:53:00,laptop,India,password+token,True,4
S02948,U063,2025-01-01 15:15:00,2025-01-01 16:41:00,workstation,USA,password+token,True,2
S02949,U063,2025-01-03 08:51:00,2025-01-03 10:43:00,laptop,India,password,True,1
S02950,U063,2025-01-03 11:10:00,2025-01-03 12:51:00,laptop,India,password,True,5
S02951,U063,2025-01-07 13:31:00,2025-01-07 14:45:00,vpn,India,password+token,True,0
S02952,U063,2025-01-10 06:34:00,2025-01-10 09:18:00,laptop,Germany,password,False,1
S02953,U063,2025-01-11 11:35:00,2025-01-11 14:01:00,laptop,India,password,True,3
S02954,U063,2025-01-11 14:24:00,2025-01-11 16:53:00,laptop,India,password,True,2
S02955,U063,2025-01-14 09:20:00,2025-01-14 10:37:00,laptop,India,password+token,True,1
S02956,U063,2025-01-14 10:57:00,2025-01-14 12:20:00,workstation,Germany,password,True,0
S02957,U063,2025-01-16 09:16:00,2025-01-16 10:25:00,laptop,India,password,False,1
S02958,U063,2025-01-16 12:21:00,2025-01-16 13:51:00,vpn,India,password+token,False,2
S02959,U063,2025-01-20 07:49:00,2025-01-20 09:46:00,workstation,India,password,True,1
S02960,U063,2025-01-20 10:09:00,2025-01-20 12:07:00,laptop,India,password+token,True,2
S02961,U063,2025-01-21 13:23:00,2025-01-21 14:47:00,laptop,India,password,True,1
S02962,U063,2025-01-22 11:41:00,2025-01-22 13:57:00,workstation,India,password+token,False,3
S02963,U063,2025-01-22 15:21:00,2025-01-22 17:26:00,laptop,India,password+token,False,1
S02964,U063,2025-01-23 10:10:00,2025-01-23 13:01:00,laptop,India,password,False,0
S02965,U063,2025-01-23 13:42:00,2025-01-23 14:10:00,laptop,Germany,password+token,True,1
S02966,U063,2025-01-24 09:05:00,2025-01-24 11:13:00,laptop,India,password+token,True,0
S02967,U063,2025-01-24 12:03:00,2025-01-24 13:23:00,laptop,India,password+token,False,2
S02968,U063,2025-01-28 10:04:00,2025-01-28 11:07:00,laptop,India,password,False,0
S02969,U063,2025-01-28 11:31:00,2025-01-28 12:13:00,vpn,India,password+token,True,2
S02970,U063,2025-01-29 09:45:00,2025-01-29 11:50:00,workstation,India,password+token,True,1
S02971,U063,2025-01-31 11:56:00,2025-01-31 13:16:00,laptop,India,password,True,0
S02972,U063,2025-01-31 13:38:00,2025-01-31 14:23:00,laptop,India,password,False,2
S02973,U063,2025-01-31 16:10:00,2025-01-31 18:07:00,workstation,India,password,False,0
S02974,U063,2025-02-04 11:41:00,2025-02-04 13:11:00,laptop,India,password+token,False,2
S02975,U063,2025-02-04 14:48:00,2025-02-04 16:32:00,laptop,India,password,False,1
S02976,U063,2025-02-04 17:26:00,2025-02-04 18:50:00,workstation,India,password+token,True,1
S02977,U063,2025-02-06 11:43:00,2025-02-06 14:15:00,laptop,India,password+token,True,1
S02978,U063,2025-02-06 14:44:00,2025-02-06 16:37:00,laptop,India,password+token,True,0
S02979,U063,2025-02-06 18:27:00,2025-02-06 19:38:00,laptop,India,password,True,1
S02980,U063,2025-02-07 09:55:00,2025-02-07 11:35:00,laptop,India,password,True,0
S02981,U063,2025-02-10 10:18:00,2025-02-10 11:52:00,laptop,India,password+token,True,1
S02982,U063,2025-02-12 07:49:00,2025-02-12 10:00:00,workstation,India,password+token,True,1
S02983,U063,2025-02-12 11:46:00,2025-02-12 13:59:00,laptop,India,password,True,0
S02984,U063,2025-02-13 12:40:00,2025-02-13 14:22:00,laptop,India,password,True,2
S02985,U063,2025-02-14 11:50:00,2025-02-14 14:41:00,laptop,Singapore,password+token,True,1
S02986,U063,2025-02-14 15:56:00,2025-02-14 17:19:00,workstation,India,password+token,False,1
S02987,U063,2025-02-14 18:18:00,2025-02-14 19:56:00,laptop,India,password,False,2
S02988,U064,2025-01-01 11:36:00,2025-01-01 12:59:00,workstation,India,password,True,0
S02989,U064,2025-01-02 10:41:00,2025-01-02 12:22:00,workstation,India,password+token,True,2
S02990,U064,2025-01-03 11:43:00,2025-01-03 12:34:00,laptop,Singapore,password+token,True,3
S02991,U064,2025-01-03 14:09:00,2025-01-03 15:05:00,laptop,India,password+token,False,1
S02992,U064,2025-01-05 11:47:00,2025-01-05 13:23:00,workstation,India,password,False,1
S02993,U064,2025-01-06 10:30:00,2025-01-06 12:23:00,laptop,Singapore,password,False,0
S02994,U064,2025-01-06 13:52:00,2025-01-06 15:00:00,laptop,India,password+token,False,2
S02995,U064,2025-01-08 06:29:00,2025-01-08 08:28:00,laptop,India,password,True,1
S02996,U064,2025-01-09 10:55:00,2025-01-09 11:58:00,laptop,India,password+token,True,0
S02997,U064,2025-01-09 13:37:00,2025-01-09 15:20:00,workstation,Singapore,password+token,True,0
S02998,U064,2025-01-10 10:25:00,2025-01-10 12:04:00,laptop,Singapore,password,False,1
S02999,U064,2025-01-13 10:57:00,2025-01-13 12:44:00,laptop,Germany,password,False,2
S03000,U064,2025-01-14 10:22:00,2025-01-14 12:39:00,laptop,India,password+token,True,1
S03001,U064,2025-01-14 14:30:00,2025-01-14 15:44:00,laptop,Singapore,password,True,1
S03002,U064,2025-01-15 11:33:00,2025-01-15 12:57:00,laptop,India,password+token,False,1
S03003,U064,2025-01-16 06:19:00,2025-01-16 08:28:00,workstation,India,password,False,1
S03004,U064,2025-01-19 09:30:00,2025-01-19 11:56:00,vpn,Germany,password+token,True,1
S03005,U064,2025-01-19 12:56:00,2025-01-19 14:20:00,workstation,India,password+token,False,1
S03006,U064,2025-01-19 15:14:00,2025-01-19 16:26:00,laptop,India,password,True,0
S03007,U064,2025-01-20 10:02:00,2025-01-20 11:45:00,laptop,India,password+token,True,2
S03008,U064,2025-01-21 10:25:00,2025-01-21 12:35:00,laptop,Singapore,password,False,2
S03009,U064,2025-01-22 10:17:00,2025-01-22 12:22:00,laptop,USA,password+token,True,0
S03010,U064,2025-01-23 06:16:00,2025-01-23 07:31:00,laptop,India,password+token,True,0
S03011,U064,2025-01-25 10:24:00,2025-01-25 11:50:00,laptop,India,password,True,0
S03012,U064,2025-01-25 13:14:00,2025-01-25 16:18:00,laptop,India,password+token,True,0
S03013,U064,2025-01-25 17:54:00,2025-01-25 21:17:00,laptop,Germany,password+token,True,1
S03014,U064,2025-01-27 10:09:00,2025-01-27 11:50:00,workstation,India,password+token,True,2
S03015,U064,2025-01-28 09:25:00,2025-01-28 11:11:00,laptop,Singapore,password,True,0
S03016,U064,2025-01-28 12:49:00,2025-01-28 15:02:00,workstation,Singapore,password+token,True,1
S03017,U064,2025-01-28 16:29:00,2025-01-28 17:57:00,vpn,Germany,password+token,True,0
S03018,U064,2025-01-29 10:52:00,2025-01-29 13:11:00,laptop,India,password,True,1
S03019,U064,2025-01-30 06:25:00,2025-01-30 08:41:00,laptop,USA,password+token,False,2
S03020,U064,2025-01-30 10:17:00,2025-01-30 11:00:00,workstation,India,password+token,True,1
S03021,U064,2025-01-31 10:51:00,2025-01-31 12:43:00,vpn,USA,password+token,True,1
S03022,U064,2025-02-02 11:39:00,2025-02-02 13:52:00,laptop,USA,password+token,False,2
S03023,U064,2025-02-02 15:05:00,2025-02-02 16:45:00,laptop,Singapore,password,False,1
S03024,U064,2025-02-03 10:01:00,2025-02-03 12:28:00,laptop,Singapore,password,True,0
S03025,U064,2025-02-06 11:58:00,2025-02-06 12:56:00,laptop,USA,password,True,1
S03026,U064,2025-02-06 14:14:00,2025-02-06 15:58:00,laptop,Singapore,password,True,2
S03027,U064,2025-02-06 17:48:00,2025-02-06 19:05:00,laptop,India,password,True,2
S03028,U064,2025-02-09 10:21:00,2025-02-09 12:25:00,laptop,Singapore,password,False,1
S03029,U064,2025-02-10 06:20:00,2025-02-10 08:32:00,laptop,India,password+token,False,1
S03030,U064,2025-02-11 09:37:00,2025-02-11 11:18:00,laptop,USA,password,True,1
S03031,U064,2025-02-11 12:53:00,2025-02-11 15:07:00,laptop,Singapore,password,True,0
S03032,U064,2025-02-11 16:12:00,2025-02-11 18:04:00,laptop,Germany,password,True,3
S03033,U064,2025-02-12 10:44:00,2025-02-12 13:25:00,workstation,India,password,True,4
S03034,U064,2025-02-13 09:05:00,2025-02-13 11:21:00,laptop,Singapore,password,False,0
S03035,U064,2025-02-14 10:20:00,2025-02-14 11:40:00,workstation,Germany,password,False,0
S03036,U064,2025-02-14 12:16:00,2025-02-14 13:56:00,laptop,Singapore,password,False,0
S03037,U065,2025-01-01 09:22:00,2025-01-01 12:07:00,laptop,India,password+token,True,1
S03038,U065,2025-01-02 10:20:00,2025-01-02 11:37:00,laptop,USA,password,False,0
S03039,U065,2025-01-03 09:40:00,2025-01-03 11:27:00,workstation,India,password,False,1
S03040,U065,2025-01-04 07:31:00,2025-01-04 09:53:00,workstation,India,password+token,True,0
S03041,U065,2025-01-06 08:38:00,2025-01-06 11:17:00,workstation,India,password,False,0
S03042,U065,2025-01-06 13:04:00,2025-01-06 14:35:00,workstation,India,password,False,2
S03043,U065,2025-01-06 16:00:00,2025-01-06 17:09:00,workstation,Singapore,password,False,0
S03044,U065,2025-01-07 06:31:00,2025-01-07 08:45:00,laptop,India,password,True,1
S03045,U065,2025-01-07 09:32:00,2025-01-07 11:28:00,workstation,India,password,True,0
S03046,U065,2025-01-08 07:04:00,2025-01-08 09:21:00,workstation,India,password+token,False,2
S03047,U065,2025-01-08 11:08:00,2025-01-08 12:49:00,laptop,India,password,True,0
S03048,U065,2025-01-10 08:39:00,2025-01-10 11:58:00,laptop,India,password,True,0
S03049,U065,2025-01-13 10:42:00,2025-01-13 13:13:00,laptop,India,password+token,False,1
S03050,U065,2025-01-13 14:14:00,2025-01-13 16:47:00,workstation,India,password+token,True,2
S03051,U065,2025-01-14 10:10:00,2025-01-14 12:34:00,laptop,India,password,True,0
S03052,U065,2025-01-15 09:52:00,2025-01-15 12:18:00,workstation,India,password,True,1
S03053,U065,2025-01-16 09:47:00,2025-01-16 10:47:00,laptop,India,password,True,4
S03054,U065,2025-01-17 09:29:00,2025-01-17 13:21:00,vpn,India,password+token,False,1
S03055,U065,2025-01-19 07:23:00,2025-01-19 08:42:00,laptop,India,password,True,0
S03056,U065,2025-01-19 09:11:00,2025-01-19 11:28:00,workstation,India,password,True,3
S03057,U065,2025-01-19 13:25:00,2025-01-19 15:50:00,vpn,India,password+token,True,1
S03058,U065,2025-01-20 06:46:00,2025-01-20 07:51:00,vpn,India,password+token,True,1
S03059,U065,2025-01-20 08:33:00,2025-01-20 11:15:00,vpn,India,password+token,False,1
S03060,U065,2025-01-21 07:33:00,2025-01-21 10:13:00,workstation,India,password,True,0
S03061,U065,2025-01-22 07:18:00,2025-01-22 10:13:00,laptop,India,password+token,True,0
S03062,U065,2025-01-23 07:12:00,2025-01-23 08:18:00,workstation,India,password+token,True,1
S03063,U065,2025-01-23 10:05:00,2025-01-23 12:54:00,vpn,India,password+token,True,2
S03064,U065,2025-01-24 08:09:00,2025-01-24 10:28:00,laptop,India,password+token,True,0
S03065,U065,2025-01-27 08:49:00,2025-01-27 11:50:00,vpn,India,password+token,True,1
S03066,U065,2025-01-28 08:45:00,2025-01-28 11:42:00,laptop,India,password,True,0
S03067,U065,2025-01-28 12:29:00,2025-01-28 15:43:00,laptop,USA,password+token,True,2
S03068,U065,2025-01-28 17:20:00,2025-01-28 20:14:00,laptop,India,password,False,0
S03069,U065,2025-01-29 07:55:00,2025-01-29 10:37:00,workstation,Singapore,password+token,True,1
S03070,U065,2025-01-30 08:00:00,2025-01-30 12:04:00,workstation,India,password,False,1
S03071,U065,2025-02-03 10:26:00,2025-02-03 12:57:00,workstation,India,password,True,0
S03072,U065,2025-02-03 14:30:00,2025-02-03 17:01:00,laptop,India,password,False,0
S03073,U065,2025-02-03 18:21:00,2025-02-03 19:58:00,laptop,India,password,True,0
S03074,U065,2025-02-04 06:13:00,2025-02-04 08:22:00,vpn,India,password+token,True,3
S03075,U065,2025-02-04 09:36:00,2025-02-04 11:32:00,workstation,India,password+token,True,0
S03076,U065,2025-02-04 12:28:00,2025-02-04 14:06:00,vpn,India,password+token,True,1
S03077,U065,2025-02-05 10:44:00,2025-02-05 12:10:00,laptop,India,password,True,2
S03078,U065,2025-02-06 06:18:00,2025-02-06 07:28:00,vpn,India,password+token,True,1
S03079,U065,2025-02-08 09:42:00,2025-02-08 12:37:00,workstation,India,password,True,0
S03080,U065,2025-02-10 07:56:00,2025-02-10 10:02:00,workstation,India,password+token,True,1
S03081,U065,2025-02-10 11:36:00,2025-02-10 13:54:00,laptop,India,password,False,2
S03082,U065,2025-02-10 15:47:00,2025-02-10 18:45:00,workstation,India,password+token,False,0
S03083,U065,2025-02-12 08:24:00,2025-02-12 10:20:00,laptop,Singapore,password,True,0
S03084,U065,2025-02-12 10:49:00,2025-02-12 14:07:00,laptop,India,password,False,0
S03085,U065,2025-02-14 12:54:00,2025-02-14 14:14:00,workstation,USA,password+token,True,0
S03086,U066,2025-01-01 06:19:00,2025-01-01 08:04:00,workstation,India,password,True,0
S03087,U066,2025-01-02 10:25:00,2025-01-02 12:01:00,laptop,India,password+token,True,3
S03088,U066,2025-01-03 10:42:00,2025-01-03 14:24:00,laptop,India,password,False,0
S03089,U066,2025-01-04 06:58:00,2025-01-04 08:22:00,laptop,USA,password,False,1
S03090,U066,2025-01-04 09:57:00,2025-01-04 13:08:00,workstation,Singapore,password+token,False,2
S03091,U066,2025-01-04 14:24:00,2025-01-04 15:45:00,vpn,India,password+token,True,1
S03092,U066,2025-01-05 06:03:00,2025-01-05 07:57:00,laptop,India,password+token,True,0
S03093,U066,2025-01-06 06:18:00,2025-01-06 08:05:00,laptop,USA,password,True,1
S03094,U066,2025-01-07 06:08:00,2025-01-07 07:39:00,laptop,India,password+token,True,0
S03095,U066,2025-01-08 06:02:00,2025-01-08 06:48:00,laptop,India,password,True,0
S03096,U066,2025-01-09 10:17:00,2025-01-09 13:47:00,vpn,India,password+token,True,2
S03097,U066,2025-01-09 15:15:00,2025-01-09 18:40:00,laptop,India,password,True,0
S03098,U066,2025-01-09 19:23:00,2025-01-09 22:43:00,vpn,India,password+token,True,2
S03099,U066,2025-01-10 07:18:00,2025-01-10 08:47:00,vpn,India,password+token,True,1
S03100,U066,2025-01-13 09:21:00,2025-01-13 12:01:00,workstation,India,password,False,1
S03101,U066,2025-01-13 12:59:00,2025-01-13 14:49:00,workstation,India,password,True,1
S03102,U066,2025-01-15 07:15:00,2025-01-15 08:51:00,workstation,India,password,True,0
S03103,U066,2025-01-15 10:31:00,2025-01-15 12:23:00,workstation,India,password,False,0
S03104,U066,2025-01-16 07:18:00,2025-01-16 09:54:00,laptop,India,password+token,True,0
S03105,U066,2025-01-16 11:47:00,2025-01-16 14:05:00,laptop,India,password,False,0
S03106,U066,2025-01-16 15:32:00,2025-01-16 17:34:00,vpn,Germany,password+token,True,0
S03107,U066,2025-01-17 07:58:00,2025-01-17 10:21:00,laptop,India,password,False,0
S03108,U066,2025-01-20 09:25:00,2025-01-20 11:37:00,workstation,India,password,False,0
S03109,U066,2025-01-20 12:48:00,2025-01-20 15:32:00,workstation,Germany,password,True,0
S03110,U066,2025-01-21 08:21:00,2025-01-21 10:25:00,laptop,India,password+token,False,0
S03111,U066,2025-01-22 10:08:00,2025-01-22 11:26:00,workstation,India,password+token,False,0
S03112,U066,2025-01-23 06:16:00,2025-01-23 09:16:00,laptop,India,password,True,0
S03113,U066,2025-01-24 09:03:00,2025-01-24 11:16:00,vpn,India,password+token,True,1
S03114,U066,2025-01-27 10:33:00,2025-01-27 13:34:00,vpn,India,password+token,True,0
S03115,U066,2025-01-27 14:37:00,2025-01-27 16:56:00,workstation,India,password,True,0
S03116,U066,2025-01-27 17:54:00,2025-01-27 20:07:00,workstation,India,password,False,1
S03117,U066,2025-01-28 07:49:00,2025-01-28 09:30:00,laptop,India,password,True,1
S03118,U066,2025-01-28 10:57:00,2025-01-28 13:42:00,vpn,India,password+token,False,0
S03119,U066,2025-01-29 06:23:00,2025-01-29 08:40:00,workstation,USA,password+token,True,0
S03120,U066,2025-01-29 10:27:00,2025-01-29 13:10:00,workstation,India,password,True,2
S03121,U066,2025-01-29 14:45:00,2025-01-29 17:16:00,workstation,India,password,False,1
S03122,U066,2025-01-30 08:32:00,2025-01-30 11:02:00,laptop,India,password+token,True,0
S03123,U066,2025-01-31 06:47:00,2025-01-31 09:23:00,workstation,India,password,False,0
S03124,U066,2025-01-31 10:32:00,2025-01-31 13:17:00,vpn,India,password+token,True,1
S03125,U066,2025-02-05 09:47:00,2025-02-05 12:35:00,workstation,India,password,True,1
S03126,U066,2025-02-07 08:40:00,2025-02-07 10:16:00,vpn,India,password+token,False,0
S03127,U066,2025-02-10 06:40:00,2025-02-10 08:36:00,vpn,Germany,password+token,False,0
S03128,U066,2025-02-10 09:36:00,2025-02-10 13:04:00,workstation,India,password+token,True,0
S03129,U066,2025-02-10 13:38:00,2025-02-10 16:25:00,laptop,India,password+token,True,1
S03130,U066,2025-02-11 06:57:00,2025-02-11 09:05:00,laptop,India,password+token,False,0
S03131,U066,2025-02-13 06:20:00,2025-02-13 08:40:00,vpn,Singapore,password+token,False,3
S03132,U066,2025-02-14 08:54:00,2025-02-14 10:40:00,workstation,India,password+token,False,0
S03133,U066,2025-02-14 11:13:00,2025-02-14 12:33:00,workstation,India,password,False,0
S03134,U066,2025-02-14 14:21:00,2025-02-14 18:03:00,workstation,India,password,False,0
S03135,U066,2025-02-15 11:51:00,2025-02-15 14:23:00,workstation,India,password+token,True,1
S03136,U066,2025-02-15 15:15:00,2025-02-15 18:36:00,laptop,India,password+token,False,0
S03137,U067,2025-01-01 09:18:00,2025-01-01 10:28:00,laptop,India,password+token,True,1
S03138,U067,2025-01-02 07:11:00,2025-01-02 08:10:00,workstation,India,password+token,False,1
S03139,U067,2025-01-03 09:54:00,2025-01-03 11:54:00,workstation,India,password,False,0
S03140,U067,2025-01-05 07:55:00,2025-01-05 08:31:00,laptop,India,password,False,0
S03141,U067,2025-01-05 09:56:00,2025-01-05 12:36:00,laptop,India,password+token,True,1
S03142,U067,2025-01-07 09:36:00,2025-01-07 11:39:00,workstation,India,password,False,0
S03143,U067,2025-01-07 12:22:00,2025-01-07 14:12:00,laptop,Germany,password,False,0
S03144,U067,2025-01-07 15:51:00,2025-01-07 17:52:00,laptop,India,password+token,True,0
S03145,U067,2025-01-10 07:05:00,2025-01-10 08:39:00,laptop,India,password,True,0
S03146,U067,2025-01-14 06:58:00,2025-01-14 08:24:00,laptop,India,password+token,True,1
S03147,U067,2025-01-15 07:35:00,2025-01-15 09:53:00,laptop,Singapore,password+token,True,0
S03148,U067,2025-01-15 10:16:00,2025-01-15 11:41:00,laptop,India,password,True,1
S03149,U067,2025-01-16 08:00:00,2025-01-16 08:50:00,workstation,India,password,False,0
S03150,U067,2025-01-17 08:26:00,2025-01-17 10:16:00,laptop,India,password+token,True,1
S03151,U067,2025-01-17 11:03:00,2025-01-17 12:14:00,laptop,India,password+token,True,0
S03152,U067,2025-01-21 09:40:00,2025-01-21 12:01:00,laptop,India,password,True,0
S03153,U067,2025-01-22 08:20:00,2025-01-22 10:42:00,laptop,India,password+token,False,0
S03154,U067,2025-01-22 12:00:00,2025-01-22 13:35:00,workstation,India,password+token,True,2
S03155,U067,2025-01-27 07:35:00,2025-01-27 09:47:00,laptop,India,password,True,0
S03156,U067,2025-01-29 08:15:00,2025-01-29 09:24:00,laptop,India,password,False,0
S03157,U067,2025-01-31 06:05:00,2025-01-31 08:13:00,laptop,India,password+token,False,1
S03158,U067,2025-01-31 09:09:00,2025-01-31 11:17:00,workstation,Germany,password,False,0
S03159,U067,2025-02-04 08:37:00,2025-02-04 09:24:00,workstation,India,password+token,True,1
S03160,U067,2025-02-05 08:28:00,2025-02-05 10:12:00,laptop,India,password,True,0
S03161,U067,2025-02-07 08:37:00,2025-02-07 10:17:00,laptop,India,password,True,0
S03162,U067,2025-02-07 11:18:00,2025-02-07 12:44:00,laptop,India,password,True,1
S03163,U067,2025-02-07 13:23:00,2025-02-07 14:41:00,workstation,Singapore,password,True,1
S03164,U067,2025-02-08 07:31:00,2025-02-08 09:08:00,laptop,USA,password,True,1
S03165,U067,2025-02-08 10:20:00,2025-02-08 12:22:00,laptop,India,password,True,0
S03166,U067,2025-02-09 07:18:00,2025-02-09 08:30:00,workstation,India,password,False,1
S03167,U067,2025-02-09 08:51:00,2025-02-09 10:24:00,laptop,India,password+token,True,2
S03168,U067,2025-02-09 10:51:00,2025-02-09 12:33:00,laptop,USA,password,True,1
S03169,U067,2025-02-10 08:34:00,2025-02-10 11:01:00,laptop,India,password+token,True,0
S03170,U067,2025-02-11 08:00:00,2025-02-11 09:50:00,laptop,Germany,password,True,0
S03171,U067,2025-02-12 08:51:00,2025-02-12 11:15:00,laptop,India,password+token,False,1
S03172,U067,2025-02-13 07:39:00,2025-02-13 09:41:00,laptop,India,password+token,True,0
S03173,U067,2025-02-14 08:34:00,2025-02-14 10:20:00,laptop,India,password+token,True,1
S03174,U068,2025-01-01 11:56:00,2025-01-01 13:28:00,laptop,India,password,True,1
S03175,U068,2025-01-02 11:41:00,2025-01-02 13:00:00,laptop,India,password,True,0
S03176,U068,2025-01-03 08:59:00,2025-01-03 11:35:00,workstation,USA,password,False,0
S03177,U068,2025-01-03 12:54:00,2025-01-03 13:46:00,laptop,India,password+token,False,0
S03178,U068,2025-01-06 09:28:00,2025-01-06 12:24:00,laptop,India,password+token,False,1
S03179,U068,2025-01-08 12:42:00,2025-01-08 13:17:00,vpn,India,password+token,True,2
S03180,U068,2025-01-08 14:07:00,2025-01-08 16:10:00,workstation,India,password,True,0
S03181,U068,2025-01-08 17:26:00,2025-01-08 18:27:00,workstation,India,password+token,False,0
S03182,U068,2025-01-09 13:05:00,2025-01-09 15:16:00,workstation,India,password+token,True,2
S03183,U068,2025-01-14 11:09:00,2025-01-14 12:41:00,laptop,India,password,False,1
S03184,U068,2025-01-14 13:41:00,2025-01-14 15:10:00,workstation,India,password,True,1
S03185,U068,2025-01-15 09:37:00,2025-01-15 11:33:00,laptop,India,password,True,1
S03186,U068,2025-01-16 09:33:00,2025-01-16 11:40:00,laptop,India,password,True,0
S03187,U068,2025-01-17 08:10:00,2025-01-17 10:23:00,laptop,USA,password,False,2
S03188,U068,2025-01-17 12:20:00,2025-01-17 12:40:00,workstation,India,password+token,True,2
S03189,U068,2025-01-17 13:05:00,2025-01-17 15:01:00,laptop,Germany,password+token,True,2
S03190,U068,2025-01-20 09:14:00,2025-01-20 11:28:00,laptop,India,password,True,2
S03191,U068,2025-01-22 09:28:00,2025-01-22 10:43:00,laptop,India,password,True,1
S03192,U068,2025-01-23 07:41:00,2025-01-23 09:40:00,laptop,India,password+token,False,0
S03193,U068,2025-01-23 11:03:00,2025-01-23 12:24:00,laptop,India,password,False,2
S03194,U068,2025-01-23 13:44:00,2025-01-23 15:29:00,workstation,India,password+token,True,0
S03195,U068,2025-01-24 08:10:00,2025-01-24 11:01:00,vpn,India,password+token,False,0
S03196,U068,2025-01-27 11:08:00,2025-01-27 12:27:00,laptop,India,password,True,0
S03197,U068,2025-01-28 09:00:00,2025-01-28 10:15:00,laptop,India,password,True,0
S03198,U068,2025-01-29 09:56:00,2025-01-29 11:14:00,laptop,India,password,True,3
S03199,U068,2025-01-31 09:49:00,2025-01-31 11:34:00,laptop,India,password,False,1
S03200,U068,2025-02-01 11:49:00,2025-02-01 13:37:00,laptop,India,password,True,0
S03201,U068,2025-02-03 09:26:00,2025-02-03 10:47:00,laptop,India,password+token,False,0
S03202,U068,2025-02-04 09:20:00,2025-02-04 11:02:00,laptop,India,password,True,0
S03203,U068,2025-02-05 11:50:00,2025-02-05 13:25:00,laptop,India,password+token,False,0
S03204,U068,2025-02-06 10:45:00,2025-02-06 12:28:00,workstation,USA,password+token,True,1
S03205,U068,2025-02-06 13:40:00,2025-02-06 14:27:00,workstation,India,password+token,True,1
S03206,U068,2025-02-08 11:04:00,2025-02-08 14:11:00,laptop,India,password,True,0
S03207,U068,2025-02-10 10:23:00,2025-02-10 11:37:00,laptop,India,password,True,0
S03208,U068,2025-02-11 11:02:00,2025-02-11 12:57:00,laptop,India,password,True,0
S03209,U068,2025-02-11 14:02:00,2025-02-11 15:52:00,laptop,India,password+token,False,0
S03210,U068,2025-02-11 17:10:00,2025-02-11 18:48:00,laptop,Germany,password,True,1
S03211,U068,2025-02-13 13:16:00,2025-02-13 15:16:00,vpn,India,password+token,True,0
S03212,U068,2025-02-13 15:40:00,2025-02-13 17:15:00,laptop,Singapore,password,True,1
S03213,U068,2025-02-13 18:51:00,2025-02-13 21:29:00,laptop,India,password,False,1
S03214,U069,2025-01-01 09:40:00,2025-01-01 12:29:00,workstation,Singapore,password,True,1
S03215,U069,2025-01-01 13:39:00,2025-01-01 16:04:00,laptop,Singapore,password+token,True,0
S03216,U069,2025-01-02 06:57:00,2025-01-02 09:01:00,workstation,India,password+token,True,1
S03217,U069,2025-01-03 06:25:00,2025-01-03 07:57:00,workstation,Singapore,password,True,0
S03218,U069,2025-01-06 11:51:00,2025-01-06 13:57:00,laptop,India,password,False,0
S03219,U069,2025-01-07 12:17:00,2025-01-07 15:04:00,laptop,India,password,True,0
S03220,U069,2025-01-08 11:19:00,2025-01-08 13:04:00,workstation,Germany,password,True,0
S03221,U069,2025-01-09 10:26:00,2025-01-09 12:03:00,laptop,Singapore,password+token,False,0
S03222,U069,2025-01-10 10:07:00,2025-01-10 11:47:00,workstation,Singapore,password+token,False,1
S03223,U069,2025-01-12 09:14:00,2025-01-12 10:17:00,vpn,USA,password+token,True,0
S03224,U069,2025-01-13 10:11:00,2025-01-13 12:46:00,laptop,USA,password,True,0
S03225,U069,2025-01-14 06:16:00,2025-01-14 09:07:00,laptop,India,password,False,0
S03226,U069,2025-01-15 10:16:00,2025-01-15 11:13:00,laptop,India,password,False,1
S03227,U069,2025-01-16 11:23:00,2025-01-16 14:25:00,workstation,Germany,password,True,0
S03228,U069,2025-01-17 11:33:00,2025-01-17 13:54:00,vpn,Germany,password+token,False,0
S03229,U069,2025-01-21 09:44:00,2025-01-21 10:55:00,laptop,Singapore,password+token,True,0
S03230,U069,2025-01-22 10:09:00,2025-01-22 12:06:00,laptop,Germany,password,False,0
S03231,U069,2025-01-23 10:31:00,2025-01-23 12:06:00,laptop,Germany,password+token,False,0
S03232,U069,2025-01-23 13:51:00,2025-01-23 16:35:00,laptop,Singapore,password+token,False,0
S03233,U069,2025-01-24 12:04:00,2025-01-24 14:45:00,laptop,USA,password,True,0
S03234,U069,2025-01-24 15:40:00,2025-01-24 17:43:00,vpn,Germany,password+token,True,1
S03235,U069,2025-01-24 18:07:00,2025-01-24 19:19:00,laptop,Germany,password,False,1
S03236,U069,2025-01-26 10:54:00,2025-01-26 12:48:00,laptop,Singapore,password+token,True,1
S03237,U069,2025-01-27 11:48:00,2025-01-27 13:46:00,laptop,Germany,password,True,0
S03238,U069,2025-01-29 11:01:00,2025-01-29 12:21:00,laptop,India,password+token,False,0
S03239,U069,2025-01-30 11:59:00,2025-01-30 13:32:00,laptop,Singapore,password+token,False,0
S03240,U069,2025-01-30 14:51:00,2025-01-30 17:50:00,laptop,India,password,True,0
S03241,U069,2025-01-31 10:50:00,2025-01-31 12:29:00,laptop,Singapore,password,True,0
S03242,U069,2025-01-31 12:50:00,2025-01-31 15:16:00,laptop,Singapore,password,True,0
S03243,U069,2025-01-31 16:20:00,2025-01-31 18:25:00,workstation,India,password+token,True,2
S03244,U069,2025-02-03 09:50:00,2025-02-03 11:28:00,laptop,India,password+token,True,0
S03245,U069,2025-02-04 10:16:00,2025-02-04 12:54:00,laptop,Singapore,password+token,False,1
S03246,U069,2025-02-05 11:46:00,2025-02-05 13:34:00,laptop,India,password,True,0
S03247,U069,2025-02-05 14:00:00,2025-02-05 15:44:00,laptop,Singapore,password,True,0
S03248,U069,2025-02-05 16:39:00,2025-02-05 18:02:00,workstation,USA,password,False,2
S03249,U069,2025-02-06 12:18:00,2025-02-06 13:41:00,laptop,Germany,password+token,True,1
S03250,U069,2025-02-07 09:29:00,2025-02-07 11:04:00,workstation,Germany,password,False,1
S03251,U069,2025-02-07 12:20:00,2025-02-07 13:31:00,laptop,USA,password+token,True,1
S03252,U069,2025-02-07 14:28:00,2025-02-07 16:52:00,laptop,USA,password+token,True,0
S03253,U069,2025-02-10 10:01:00,2025-02-10 10:21:00,laptop,India,password,True,0
S03254,U069,2025-02-10 10:55:00,2025-02-10 12:12:00,laptop,India,password+token,False,0
S03255,U069,2025-02-10 13:58:00,2025-02-10 15:59:00,workstation,Germany,password,False,1
S03256,U069,2025-02-11 11:40:00,2025-02-11 12:32:00,vpn,India,password+token,True,0
S03257,U069,2025-02-12 11:04:00,2025-02-12 11:37:00,laptop,India,password,False,0
S03258,U069,2025-02-12 12:55:00,2025-02-12 14:15:00,laptop,India,password,True,0
S03259,U069,2025-02-13 10:55:00,2025-02-13 13:30:00,laptop,Germany,password,False,2
S03260,U069,2025-02-13 14:23:00,2025-02-13 15:52:00,laptop,Germany,password+token,False,0
S03261,U069,2025-02-14 09:16:00,2025-02-14 11:38:00,laptop,USA,password+token,False,0
S03262,U069,2025-02-14 13:14:00,2025-02-14 14:29:00,vpn,India,password+token,True,0
S03263,U069,2025-02-14 16:28:00,2025-02-14 18:31:00,laptop,India,password,True,1
S03264,U070,2025-01-01 10:13:00,2025-01-01 10:44:00,vpn,Germany,password+token,True,1
S03265,U070,2025-01-02 10:58:00,2025-01-02 12:15:00,laptop,India,password,True,0
S03266,U070,2025-01-02 12:36:00,2025-01-02 13:46:00,vpn,Singapore,password+token,True,0
S03267,U070,2025-01-02 15:36:00,2025-01-02 16:56:00,laptop,USA,password+token,True,1
S03268,U070,2025-01-03 08:08:00,2025-01-03 09:29:00,workstation,USA,password,False,1
S03269,U070,2025-01-06 12:30:00,2025-01-06 13:41:00,workstation,Germany,password,True,0
S03270,U070,2025-01-06 14:33:00,2025-01-06 15:49:00,vpn,India,password+token,True,0
S03271,U070,2025-01-06 16:27:00,2025-01-06 17:28:00,laptop,USA,password,True,2
S03272,U070,2025-01-07 06:18:00,2025-01-07 07:32:00,laptop,Singapore,password+token,False,0
S03273,U070,2025-01-07 09:21:00,2025-01-07 11:10:00,laptop,India,password+token,True,1
S03274,U070,2025-01-08 10:45:00,2025-01-08 12:19:00,workstation,USA,password,True,1
S03275,U070,2025-01-08 12:44:00,2025-01-08 13:04:00,laptop,Singapore,password+token,True,0
S03276,U070,2025-01-09 10:44:00,2025-01-09 12:07:00,laptop,India,password+token,True,0
S03277,U070,2025-01-09 12:28:00,2025-01-09 13:42:00,vpn,India,password+token,True,0
S03278,U070,2025-01-10 09:20:00,2025-01-10 10:15:00,vpn,Germany,password+token,True,2
S03279,U070,2025-01-11 09:01:00,2025-01-11 10:14:00,laptop,India,password+token,True,1
S03280,U070,2025-01-13 09:45:00,2025-01-13 10:43:00,vpn,India,password+token,True,2
S03281,U070,2025-01-14 06:24:00,2025-01-14 07:07:00,laptop,Singapore,password,True,2
S03282,U070,2025-01-16 12:58:00,2025-01-16 14:41:00,workstation,Singapore,password,True,0
S03283,U070,2025-01-16 15:45:00,2025-01-16 17:45:00,laptop,Singapore,password+token,False,0
S03284,U070,2025-01-17 09:27:00,2025-01-17 11:41:00,laptop,India,password,True,0
S03285,U070,2025-01-17 12:09:00,2025-01-17 14:58:00,laptop,India,password,True,0
S03286,U070,2025-01-18 10:19:00,2025-01-18 11:59:00,vpn,USA,password+token,True,1
S03287,U070,2025-01-18 12:44:00,2025-01-18 14:15:00,vpn,India,password+token,True,2
S03288,U070,2025-01-18 15:08:00,2025-01-18 15:28:00,laptop,USA,password+token,True,1
S03289,U070,2025-01-19 08:21:00,2025-01-19 09:32:00,laptop,Germany,password,True,1
S03290,U070,2025-01-20 09:30:00,2025-01-20 10:29:00,vpn,India,password+token,True,0
S03291,U070,2025-01-21 10:36:00,2025-01-21 12:40:00,laptop,India,password+token,False,0
S03292,U070,2025-01-22 10:43:00,2025-01-22 12:12:00,laptop,India,password,True,2
S03293,U070,2025-01-22 13:23:00,2025-01-22 14:30:00,laptop,USA,password,True,2
S03294,U070,2025-01-23 09:32:00,2025-01-23 11:30:00,laptop,India,password+token,False,0
S03295,U070,2025-01-27 11:30:00,2025-01-27 13:51:00,laptop,Germany,password+token,True,1
S03296,U070,2025-01-28 09:03:00,2025-01-28 10:09:00,laptop,India,password,True,0
S03297,U070,2025-01-29 11:51:00,2025-01-29 12:54:00,laptop,USA,password,False,1
S03298,U070,2025-01-29 14:42:00,2025-01-29 16:28:00,laptop,India,password+token,True,1
S03299,U070,2025-01-30 10:39:00,2025-01-30 12:16:00,workstation,USA,password+token,False,1
S03300,U070,2025-01-31 13:11:00,2025-01-31 14:19:00,laptop,Singapore,password,False,0
S03301,U070,2025-01-31 14:41:00,2025-01-31 15:56:00,laptop,India,password+token,True,0
S03302,U070,2025-01-31 17:03:00,2025-01-31 18:36:00,vpn,Germany,password+token,True,0
S03303,U070,2025-02-03 10:19:00,2025-02-03 11:43:00,laptop,India,password,True,3
S03304,U070,2025-02-04 10:33:00,2025-02-04 12:25:00,laptop,USA,password+token,True,1
S03305,U070,2025-02-04 13:01:00,2025-02-04 13:54:00,laptop,India,password+token,False,2
S03306,U070,2025-02-04 15:48:00,2025-02-04 16:55:00,laptop,USA,password+token,False,0
S03307,U070,2025-02-05 09:08:00,2025-02-05 10:16:00,workstation,USA,password,True,0
S03308,U070,2025-02-06 10:16:00,2025-02-06 11:20:00,laptop,India,password,True,1
S03309,U070,2025-02-06 13:13:00,2025-02-06 15:07:00,vpn,USA,password+token,True,1
S03310,U070,2025-02-10 13:53:00,2025-02-10 15:11:00,laptop,India,password+token,True,0
S03311,U070,2025-02-12 11:51:00,2025-02-12 13:04:00,laptop,India,password,True,0
S03312,U070,2025-02-12 14:52:00,2025-02-12 16:47:00,laptop,India,password+token,True,0
S03313,U070,2025-02-13 12:22:00,2025-02-13 13:18:00,laptop,India,password,True,1
S03314,U070,2025-02-13 14:40:00,2025-02-13 16:16:00,laptop,Germany,password,True,2
S03315,U070,2025-02-13 18:05:00,2025-02-13 19:41:00,workstation,Germany,password+token,True,0
S03316,U070,2025-02-14 08:33:00,2025-02-14 09:38:00,workstation,India,password+token,False,1
S03317,U070,2025-02-14 10:59:00,2025-02-14 12:17:00,laptop,India,password,True,1
S03318,U071,2025-01-02 09:08:00,2025-01-02 11:18:00,vpn,Germany,password+token,True,0
S03319,U071,2025-01-02 12:49:00,2025-01-02 14:16:00,laptop,India,password+token,True,3
S03320,U071,2025-01-03 06:05:00,2025-01-03 08:03:00,workstation,India,password,True,2
S03321,U071,2025-01-08 09:37:00,2025-01-08 11:16:00,laptop,India,password,False,0
S03322,U071,2025-01-09 07:11:00,2025-01-09 09:07:00,laptop,India,password+token,True,1
S03323,U071,2025-01-10 09:59:00,2025-01-10 12:01:00,laptop,India,password,False,2
S03324,U071,2025-01-10 12:56:00,2025-01-10 15:04:00,laptop,India,password+token,True,1
S03325,U071,2025-01-13 07:19:00,2025-01-13 09:11:00,laptop,India,password+token,False,2
S03326,U071,2025-01-13 10:08:00,2025-01-13 10:47:00,laptop,India,password,True,1
S03327,U071,2025-01-13 11:14:00,2025-01-13 12:44:00,vpn,USA,password+token,True,1
S03328,U071,2025-01-14 08:57:00,2025-01-14 10:47:00,workstation,Germany,password,False,0
S03329,U071,2025-01-14 11:30:00,2025-01-14 12:04:00,laptop,India,password+token,False,1
S03330,U071,2025-01-15 07:19:00,2025-01-15 08:56:00,laptop,India,password+token,True,5
S03331,U071,2025-01-17 06:34:00,2025-01-17 07:57:00,laptop,India,password,True,1
S03332,U071,2025-01-20 08:04:00,2025-01-20 10:36:00,laptop,India,password,True,4
S03333,U071,2025-01-21 08:56:00,2025-01-21 10:08:00,laptop,India,password,True,2
S03334,U071,2025-01-21 11:10:00,2025-01-21 13:50:00,laptop,India,password+token,False,0
S03335,U071,2025-01-21 15:02:00,2025-01-21 15:50:00,laptop,India,password+token,False,2
S03336,U071,2025-01-23 06:29:00,2025-01-23 08:34:00,workstation,India,password,False,0
S03337,U071,2025-01-23 10:00:00,2025-01-23 11:54:00,workstation,India,password,True,0
S03338,U071,2025-01-24 07:34:00,2025-01-24 09:22:00,vpn,India,password+token,True,5
S03339,U071,2025-01-29 08:03:00,2025-01-29 09:29:00,workstation,India,password,True,1
S03340,U071,2025-01-29 10:58:00,2025-01-29 12:24:00,vpn,USA,password+token,False,1
S03341,U071,2025-01-29 12:48:00,2025-01-29 14:27:00,vpn,India,password+token,False,1
S03342,U071,2025-01-31 07:54:00,2025-01-31 09:33:00,laptop,India,password,True,1
S03343,U071,2025-01-31 10:24:00,2025-01-31 13:13:00,laptop,India,password,True,0
S03344,U071,2025-01-31 13:46:00,2025-01-31 15:21:00,laptop,India,password,True,0
S03345,U071,2025-02-01 07:00:00,2025-02-01 08:06:00,vpn,Germany,password+token,True,1
S03346,U071,2025-02-01 09:19:00,2025-02-01 12:41:00,laptop,India,password+token,False,0
S03347,U071,2025-02-03 06:09:00,2025-02-03 08:04:00,laptop,India,password,True,1
S03348,U071,2025-02-07 06:05:00,2025-02-07 09:06:00,laptop,India,password+token,True,3
S03349,U071,2025-02-10 08:53:00,2025-02-10 11:42:00,laptop,India,password,True,0
S03350,U071,2025-02-10 12:58:00,2025-02-10 14:31:00,laptop,India,password,False,2
S03351,U071,2025-02-10 15:02:00,2025-02-10 16:55:00,workstation,India,password+token,False,0
S03352,U071,2025-02-12 08:23:00,2025-02-12 10:18:00,workstation,India,password,True,1
S03353,U071,2025-02-13 07:12:00,2025-02-13 07:48:00,workstation,India,password,True,0
S03354,U072,2025-01-01 09:47:00,2025-01-01 11:31:00,laptop,India,password+token,True,2
S03355,U072,2025-01-02 10:17:00,2025-01-02 13:17:00,workstation,India,password+token,True,0
S03356,U072,2025-01-02 14:40:00,2025-01-02 17:33:00,workstation,India,password+token,False,0
S03357,U072,2025-01-03 08:12:00,2025-01-03 11:14:00,laptop,Singapore,password,True,2
S03358,U072,2025-01-05 08:38:00,2025-01-05 10:00:00,workstation,Singapore,password,False,1
S03359,U072,2025-01-05 11:51:00,2025-01-05 14:01:00,workstation,Germany,password,False,5
S03360,U072,2025-01-06 10:14:00,2025-01-06 13:00:00,workstation,Germany,password,True,0
S03361,U072,2025-01-08 06:53:00,2025-01-08 09:53:00,laptop,Singapore,password,True,1
S03362,U072,2025-01-09 06:58:00,2025-01-09 10:16:00,vpn,India,password+token,True,2
S03363,U072,2025-01-10 11:43:00,2025-01-10 13:03:00,vpn,India,password+token,True,1
S03364,U072,2025-01-15 07:18:00,2025-01-15 09:52:00,laptop,India,password+token,False,3
S03365,U072,2025-01-16 09:53:00,2025-01-16 12:12:00,workstation,USA,password,True,0
S03366,U072,2025-01-17 09:14:00,2025-01-17 11:18:00,laptop,India,password+token,False,1
S03367,U072,2025-01-18 11:54:00,2025-01-18 14:33:00,laptop,Singapore,password,True,0
S03368,U072,2025-01-19 09:38:00,2025-01-19 10:54:00,workstation,India,password,True,0
S03369,U072,2025-01-20 08:45:00,2025-01-20 11:47:00,laptop,India,password+token,False,1
S03370,U072,2025-01-20 12:45:00,2025-01-20 15:02:00,vpn,India,password+token,False,0
S03371,U072,2025-01-21 08:50:00,2025-01-21 10:38:00,laptop,India,password+token,False,1
S03372,U072,2025-01-22 09:53:00,2025-01-22 11:58:00,workstation,Germany,password+token,False,0
S03373,U072,2025-01-23 11:20:00,2025-01-23 13:05:00,vpn,India,password+token,False,1
S03374,U072,2025-01-23 14:40:00,2025-01-23 17:07:00,vpn,Singapore,password+token,True,2
S03375,U072,2025-01-24 10:17:00,2025-01-24 11:13:00,laptop,Singapore,password,False,2
S03376,U072,2025-01-24 11:49:00,2025-01-24 13:53:00,vpn,Germany,password+token,True,0
S03377,U072,2025-01-26 08:43:00,2025-01-26 09:45:00,laptop,India,password+token,True,0
S03378,U072,2025-01-26 10:20:00,2025-01-26 13:15:00,workstation,Germany,password+token,True,1
S03379,U072,2025-01-27 11:34:00,2025-01-27 13:04:00,vpn,Germany,password+token,False,0
S03380,U072,2025-01-27 14:41:00,2025-01-27 18:19:00,laptop,USA,password,True,0
S03381,U072,2025-01-29 07:25:00,2025-01-29 09:08:00,laptop,India,password+token,False,0
S03382,U072,2025-01-29 09:28:00,2025-01-29 11:41:00,laptop,USA,password,True,0
S03383,U072,2025-01-30 10:32:00,2025-01-30 12:15:00,workstation,USA,password,False,2
S03384,U072,2025-01-31 06:06:00,2025-01-31 07:56:00,vpn,USA,password+token,False,1
S03385,U072,2025-02-02 06:09:00,2025-02-02 09:36:00,workstation,India,password,False,2
S03386,U072,2025-02-02 09:57:00,2025-02-02 12:03:00,laptop,Germany,password,True,0
S03387,U072,2025-02-03 11:54:00,2025-02-03 15:35:00,workstation,India,password,True,2
S03388,U072,2025-02-03 16:14:00,2025-02-03 18:43:00,laptop,Singapore,password,False,0
S03389,U072,2025-02-03 20:01:00,2025-02-03 22:35:00,workstation,India,password,True,0
S03390,U072,2025-02-04 08:20:00,2025-02-04 08:52:00,vpn,Singapore,password+token,False,2
S03391,U072,2025-02-05 10:33:00,2025-02-05 12:27:00,workstation,Singapore,password+token,True,2
S03392,U072,2025-02-06 11:04:00,2025-02-06 12:05:00,laptop,India,password,True,1
S03393,U072,2025-02-06 13:44:00,2025-02-06 16:13:00,vpn,India,password+token,True,2
S03394,U072,2025-02-07 08:12:00,2025-02-07 11:28:00,vpn,India,password+token,False,1
S03395,U072,2025-02-07 12:26:00,2025-02-07 14:47:00,workstation,Germany,password+token,False,1
S03396,U072,2025-02-07 15:57:00,2025-02-07 18:41:00,laptop,Germany,password+token,True,1
S03397,U072,2025-02-10 09:04:00,2025-02-10 10:13:00,workstation,India,password,True,2
S03398,U072,2025-02-10 10:59:00,2025-02-10 12:58:00,workstation,India,password+token,True,0
S03399,U072,2025-02-10 14:55:00,2025-02-10 16:54:00,laptop,Singapore,password,False,1
S03400,U072,2025-02-11 11:19:00,2025-02-11 11:48:00,laptop,India,password,True,1
S03401,U072,2025-02-11 12:27:00,2025-02-11 14:51:00,workstation,Germany,password+token,False,0
S03402,U072,2025-02-12 09:50:00,2025-02-12 11:17:00,vpn,India,password+token,True,1
S03403,U072,2025-02-13 10:33:00,2025-02-13 11:44:00,workstation,India,password,True,2
S03404,U072,2025-02-13 13:38:00,2025-02-13 16:15:00,workstation,Germany,password,False,0
S03405,U072,2025-02-13 17:09:00,2025-02-13 19:17:00,laptop,Singapore,password+token,True,2
S03406,U072,2025-02-14 07:39:00,2025-02-14 09:18:00,workstation,USA,password,True,0
S03407,U072,2025-02-14 10:36:00,2025-02-14 12:43:00,laptop,India,password+token,True,2
S03408,U072,2025-02-14 14:35:00,2025-02-14 16:00:00,workstation,Singapore,password+token,False,0
S03409,U073,2025-01-01 09:15:00,2025-01-01 11:04:00,laptop,India,password,True,0
S03410,U073,2025-01-02 11:30:00,2025-01-02 12:36:00,laptop,Singapore,password+token,True,2
S03411,U073,2025-01-02 14:25:00,2025-01-02 15:49:00,laptop,India,password,True,2
S03412,U073,2025-01-02 17:30:00,2025-01-02 20:16:00,laptop,India,password,False,2
S03413,U073,2025-01-03 08:02:00,2025-01-03 09:44:00,vpn,India,password+token,True,0
S03414,U073,2025-01-08 08:44:00,2025-01-08 09:31:00,laptop,India,password,True,3
S03415,U073,2025-01-08 10:32:00,2025-01-08 12:37:00,laptop,India,password,True,4
S03416,U073,2025-01-09 08:19:00,2025-01-09 09:01:00,laptop,USA,password,True,3
S03417,U073,2025-01-09 09:28:00,2025-01-09 09:54:00,laptop,India,password+token,False,2
S03418,U073,2025-01-09 11:34:00,2025-01-09 12:36:00,workstation,India,password+token,True,2
S03419,U073,2025-01-13 08:23:00,2025-01-13 09:43:00,laptop,India,password,True,1
S03420,U073,2025-01-15 09:30:00,2025-01-15 11:33:00,laptop,India,password,False,0
S03421,U073,2025-01-16 10:44:00,2025-01-16 12:31:00,laptop,India,password,True,0
S03422,U073,2025-01-16 14:12:00,2025-01-16 15:06:00,vpn,India,password+token,True,2
S03423,U073,2025-01-17 10:09:00,2025-01-17 12:17:00,laptop,India,password,True,2
S03424,U073,2025-01-20 09:23:00,2025-01-20 10:37:00,laptop,Germany,password,True,1
S03425,U073,2025-01-21 10:34:00,2025-01-21 11:23:00,laptop,India,password,True,2
S03426,U073,2025-01-21 12:09:00,2025-01-21 14:50:00,laptop,India,password,False,1
S03427,U073,2025-01-22 09:24:00,2025-01-22 10:15:00,laptop,India,password,True,3
S03428,U073,2025-01-22 10:41:00,2025-01-22 13:35:00,workstation,India,password,False,0
S03429,U073,2025-01-27 10:39:00,2025-01-27 12:22:00,laptop,India,password+token,True,2
S03430,U073,2025-01-27 13:48:00,2025-01-27 15:21:00,laptop,India,password+token,True,0
S03431,U073,2025-01-30 06:46:00,2025-01-30 07:30:00,workstation,India,password+token,True,1
S03432,U073,2025-02-03 08:18:00,2025-02-03 10:35:00,laptop,India,password,True,1
S03433,U073,2025-02-03 11:51:00,2025-02-03 13:13:00,laptop,India,password+token,True,0
S03434,U073,2025-02-03 14:45:00,2025-02-03 15:49:00,laptop,India,password,True,1
S03435,U073,2025-02-04 08:13:00,2025-02-04 10:21:00,laptop,India,password,True,1
S03436,U073,2025-02-05 10:04:00,2025-02-05 12:37:00,vpn,India,password+token,True,1
S03437,U073,2025-02-05 13:48:00,2025-02-05 14:53:00,workstation,India,password+token,True,2
S03438,U073,2025-02-05 15:18:00,2025-02-05 15:42:00,laptop,India,password+token,False,0
S03439,U073,2025-02-06 08:59:00,2025-02-06 11:41:00,workstation,India,password,True,2
S03440,U073,2025-02-06 12:37:00,2025-02-06 14:05:00,laptop,India,password,True,2
S03441,U073,2025-02-06 15:13:00,2025-02-06 16:18:00,laptop,India,password+token,False,0
S03442,U073,2025-02-07 06:27:00,2025-02-07 07:50:00,laptop,India,password,False,0
S03443,U073,2025-02-07 08:48:00,2025-02-07 10:19:00,laptop,India,password,False,0
S03444,U073,2025-02-07 11:59:00,2025-02-07 13:35:00,laptop,India,password+token,True,3
S03445,U073,2025-02-10 08:00:00,2025-02-10 08:28:00,laptop,Singapore,password,True,0
S03446,U073,2025-02-11 10:45:00,2025-02-11 12:39:00,workstation,Germany,password,False,0
S03447,U073,2025-02-12 09:09:00,2025-02-12 10:29:00,laptop,India,password+token,False,1
S03448,U073,2025-02-13 07:07:00,2025-02-13 08:41:00,laptop,USA,password+token,True,0
S03449,U073,2025-02-13 10:36:00,2025-02-13 13:00:00,laptop,India,password,False,0
S03450,U073,2025-02-13 14:21:00,2025-02-13 16:41:00,laptop,India,password+token,True,2
S03451,U073,2025-02-14 07:51:00,2025-02-14 09:33:00,laptop,India,password+token,True,1
S03452,U074,2025-01-01 06:20:00,2025-01-01 08:37:00,workstation,India,password,False,0
S03453,U074,2025-01-03 07:47:00,2025-01-03 10:55:00,laptop,India,password,True,0
S03454,U074,2025-01-03 12:36:00,2025-01-03 14:42:00,laptop,India,password+token,True,0
S03455,U074,2025-01-06 10:57:00,2025-01-06 13:09:00,laptop,India,password,True,3
S03456,U074,2025-01-06 13:47:00,2025-01-06 15:38:00,workstation,India,password,False,1
S03457,U074,2025-01-07 07:06:00,2025-01-07 09:18:00,workstation,USA,password+token,True,1
S03458,U074,2025-01-07 10:33:00,2025-01-07 11:51:00,laptop,India,password+token,True,2
S03459,U074,2025-01-07 13:21:00,2025-01-07 15:42:00,laptop,India,password+token,True,0
S03460,U074,2025-01-08 08:32:00,2025-01-08 11:10:00,laptop,India,password,True,2
S03461,U074,2025-01-09 09:55:00,2025-01-09 11:26:00,laptop,India,password+token,False,1
S03462,U074,2025-01-13 06:27:00,2025-01-13 08:48:00,laptop,India,password,True,0
S03463,U074,2025-01-13 09:48:00,2025-01-13 11:59:00,laptop,India,password+token,False,0
S03464,U074,2025-01-13 13:26:00,2025-01-13 14:52:00,workstation,India,password+token,False,1
S03465,U074,2025-01-14 07:48:00,2025-01-14 09:02:00,laptop,India,password+token,False,0
S03466,U074,2025-01-15 10:07:00,2025-01-15 11:38:00,vpn,India,password+token,True,1
S03467,U074,2025-01-17 11:12:00,2025-01-17 12:34:00,workstation,India,password,True,1
S03468,U074,2025-01-19 09:45:00,2025-01-19 10:42:00,laptop,India,password+token,True,2
S03469,U074,2025-01-19 12:18:00,2025-01-19 13:51:00,laptop,India,password,False,1
S03470,U074,2025-01-20 10:44:00,2025-01-20 13:22:00,laptop,India,password+token,True,0
S03471,U074,2025-01-20 15:14:00,2025-01-20 16:53:00,workstation,USA,password,True,0
S03472,U074,2025-01-23 08:24:00,2025-01-23 10:35:00,workstation,India,password+token,True,0
S03473,U074,2025-01-24 09:50:00,2025-01-24 11:37:00,laptop,India,password+token,True,2
S03474,U074,2025-01-24 13:30:00,2025-01-24 14:37:00,laptop,India,password,True,1
S03475,U074,2025-01-24 16:02:00,2025-01-24 17:54:00,laptop,India,password,True,0
S03476,U074,2025-01-25 07:03:00,2025-01-25 08:39:00,laptop,Singapore,password,True,0
S03477,U074,2025-01-25 09:56:00,2025-01-25 11:47:00,workstation,India,password+token,True,1
S03478,U074,2025-01-25 13:40:00,2025-01-25 14:43:00,laptop,India,password+token,False,0
S03479,U074,2025-01-27 06:22:00,2025-01-27 09:10:00,laptop,India,password,False,0
S03480,U074,2025-01-27 10:49:00,2025-01-27 12:05:00,laptop,India,password+token,True,1
S03481,U074,2025-01-28 07:58:00,2025-01-28 08:18:00,laptop,Singapore,password+token,True,0
S03482,U074,2025-01-29 10:17:00,2025-01-29 12:10:00,laptop,India,password,True,1
S03483,U074,2025-01-30 09:54:00,2025-01-30 11:36:00,vpn,India,password+token,True,1
S03484,U074,2025-01-30 12:31:00,2025-01-30 14:56:00,laptop,India,password,True,1
S03485,U074,2025-01-30 15:40:00,2025-01-30 16:48:00,workstation,India,password,True,0
S03486,U074,2025-01-31 13:20:00,2025-01-31 15:55:00,laptop,India,password+token,True,1
S03487,U074,2025-02-02 10:58:00,2025-02-02 11:53:00,laptop,Singapore,password+token,True,0
S03488,U074,2025-02-04 12:17:00,2025-02-04 13:58:00,laptop,India,password+token,True,0
S03489,U074,2025-02-07 08:46:00,2025-02-07 10:31:00,laptop,Germany,password,True,0
S03490,U074,2025-02-10 09:05:00,2025-02-10 10:21:00,laptop,India,password+token,True,1
S03491,U074,2025-02-10 10:50:00,2025-02-10 13:29:00,laptop,India,password,True,2
S03492,U074,2025-02-10 15:04:00,2025-02-10 17:12:00,laptop,Singapore,password+token,True,0
S03493,U074,2025-02-13 09:57:00,2025-02-13 11:59:00,laptop,India,password+token,False,2
S03494,U074,2025-02-14 08:07:00,2025-02-14 10:57:00,laptop,India,password+token,False,0
S03495,U074,2025-02-15 10:18:00,2025-02-15 12:23:00,laptop,India,password,True,0
S03496,U074,2025-02-15 13:07:00,2025-02-15 14:00:00,laptop,India,password+token,True,2
S03497,U074,2025-02-15 15:17:00,2025-02-15 17:51:00,vpn,India,password+token,False,0
S03498,U075,2025-01-01 07:59:00,2025-01-01 10:57:00,vpn,India,password+token,True,0
S03499,U075,2025-01-02 07:42:00,2025-01-02 12:02:00,workstation,India,password+token,True,1
S03500,U075,2025-01-02 13:01:00,2025-01-02 16:18:00,workstation,India,password+token,True,1
S03501,U075,2025-01-02 17:46:00,2025-01-02 21:16:00,vpn,India,password+token,False,1
S03502,U075,2025-01-03 07:55:00,2025-01-03 10:38:00,workstation,USA,password+token,True,0
S03503,U075,2025-01-03 11:42:00,2025-01-03 14:56:00,workstation,India,password,True,1
S03504,U075,2025-01-05 06:46:00,2025-01-05 09:12:00,vpn,India,password+token,True,0
S03505,U075,2025-01-05 10:12:00,2025-01-05 12:55:00,vpn,India,password+token,True,1
S03506,U075,2025-01-06 11:33:00,2025-01-06 13:40:00,vpn,India,password+token,True,1
S03507,U075,2025-01-07 10:35:00,2025-01-07 13:10:00,workstation,India,password+token,True,1
S03508,U075,2025-01-07 15:07:00,2025-01-07 17:56:00,vpn,India,password+token,True,0
S03509,U075,2025-01-08 06:29:00,2025-01-08 09:58:00,workstation,India,password+token,False,1
S03510,U075,2025-01-10 06:10:00,2025-01-10 10:18:00,laptop,India,password+token,True,0
S03511,U075,2025-01-13 08:16:00,2025-01-13 12:35:00,laptop,India,password,True,2
S03512,U075,2025-01-13 13:18:00,2025-01-13 16:47:00,workstation,USA,password+token,True,0
S03513,U075,2025-01-14 06:33:00,2025-01-14 10:36:00,vpn,India,password+token,True,0
S03514,U075,2025-01-15 10:07:00,2025-01-15 12:56:00,vpn,India,password+token,True,1
S03515,U075,2025-01-15 14:25:00,2025-01-15 17:38:00,workstation,India,password,True,2
S03516,U075,2025-01-15 19:03:00,2025-01-15 22:23:00,laptop,India,password+token,True,1
S03517,U075,2025-01-16 12:13:00,2025-01-16 16:45:00,vpn,India,password+token,True,1
S03518,U075,2025-01-16 17:18:00,2025-01-16 19:32:00,workstation,India,password,True,1
S03519,U075,2025-01-17 10:51:00,2025-01-17 15:31:00,workstation,India,password,True,1
S03520,U075,2025-01-17 17:29:00,2025-01-17 19:43:00,workstation,India,password,True,0
S03521,U075,2025-01-20 09:58:00,2025-01-20 11:38:00,vpn,India,password+token,True,1
S03522,U075,2025-01-21 11:18:00,2025-01-21 14:19:00,vpn,India,password+token,True,1
S03523,U075,2025-01-21 14:50:00,2025-01-21 17:52:00,workstation,India,password,True,1
S03524,U075,2025-01-22 10:05:00,2025-01-22 12:36:00,vpn,India,password+token,True,1
S03525,U075,2025-01-24 07:46:00,2025-01-24 10:19:00,workstation,India,password,True,0
S03526,U075,2025-01-26 09:06:00,2025-01-26 10:07:00,vpn,India,password+token,True,0
S03527,U075,2025-01-28 06:30:00,2025-01-28 09:27:00,vpn,India,password+token,True,0
S03528,U075,2025-01-29 06:46:00,2025-01-29 10:06:00,workstation,India,password,True,1
S03529,U075,2025-01-30 08:40:00,2025-01-30 10:33:00,vpn,India,password+token,True,0
S03530,U075,2025-01-31 08:02:00,2025-01-31 11:31:00,vpn,India,password+token,True,1
S03531,U075,2025-01-31 12:54:00,2025-01-31 16:45:00,vpn,India,password+token,True,1
S03532,U075,2025-01-31 17:42:00,2025-01-31 20:12:00,workstation,Singapore,password,True,0
S03533,U075,2025-02-01 10:18:00,2025-02-01 13:57:00,workstation,India,password+token,True,1
S03534,U075,2025-02-01 15:38:00,2025-02-01 18:55:00,workstation,India,password,False,0
S03535,U075,2025-02-04 08:38:00,2025-02-04 11:05:00,workstation,India,password+token,True,0
S03536,U075,2025-02-05 09:53:00,2025-02-05 13:08:00,vpn,India,password+token,True,0
S03537,U075,2025-02-06 06:05:00,2025-02-06 09:49:00,vpn,India,password+token,True,0
S03538,U075,2025-02-06 10:15:00,2025-02-06 13:47:00,workstation,India,password+token,True,0
S03539,U075,2025-02-07 06:20:00,2025-02-07 09:08:00,workstation,USA,password+token,True,0
S03540,U075,2025-02-07 10:01:00,2025-02-07 13:09:00,vpn,India,password+token,True,1
S03541,U075,2025-02-08 11:55:00,2025-02-08 15:05:00,workstation,India,password+token,True,0
S03542,U075,2025-02-10 07:52:00,2025-02-10 10:03:00,workstation,India,password,True,0
S03543,U075,2025-02-10 11:00:00,2025-02-10 12:52:00,workstation,India,password+token,True,3
S03544,U075,2025-02-11 08:45:00,2025-02-11 10:47:00,vpn,India,password+token,True,0
S03545,U075,2025-02-12 09:11:00,2025-02-12 11:55:00,vpn,India,password+token,True,2
S03546,U075,2025-02-13 10:26:00,2025-02-13 12:38:00,vpn,USA,password+token,True,0
S03547,U075,2025-02-13 14:00:00,2025-02-13 18:12:00,workstation,India,password,False,0
S03548,U075,2025-02-14 07:52:00,2025-02-14 10:09:00,vpn,India,password+token,True,1
S03549,U075,2025-02-14 11:08:00,2025-02-14 14:54:00,workstation,Singapore,password,True,0
S03550,U075,2025-02-15 08:03:00,2025-02-15 10:08:00,workstation,India,password,False,0
S03551,U076,2025-01-01 07:29:00,2025-01-01 10:36:00,laptop,India,password+token,True,0
S03552,U076,2025-01-01 12:16:00,2025-01-01 14:20:00,laptop,USA,password,True,1
S03553,U076,2025-01-02 07:04:00,2025-01-02 08:16:00,laptop,India,password,True,0
S03554,U076,2025-01-03 08:34:00,2025-01-03 10:15:00,laptop,Germany,password+token,True,2
S03555,U076,2025-01-06 09:06:00,2025-01-06 11:38:00,laptop,Singapore,password+token,False,0
S03556,U076,2025-01-07 06:58:00,2025-01-07 07:40:00,laptop,India,password,True,0
S03557,U076,2025-01-07 09:21:00,2025-01-07 11:22:00,workstation,India,password,True,0
S03558,U076,2025-01-07 13:17:00,2025-01-07 14:31:00,workstation,Germany,password,False,1
S03559,U076,2025-01-08 11:45:00,2025-01-08 13:20:00,workstation,Singapore,password,True,0
S03560,U076,2025-01-08 14:01:00,2025-01-08 14:56:00,laptop,Singapore,password,True,0
S03561,U076,2025-01-08 15:40:00,2025-01-08 17:18:00,workstation,India,password,True,1
S03562,U076,2025-01-09 09:19:00,2025-01-09 10:38:00,vpn,Singapore,password+token,False,2
S03563,U076,2025-01-10 08:50:00,2025-01-10 09:26:00,laptop,USA,password+token,True,2
S03564,U076,2025-01-10 11:01:00,2025-01-10 12:30:00,laptop,Singapore,password+token,True,1
S03565,U076,2025-01-11 07:24:00,2025-01-11 08:58:00,vpn,USA,password+token,True,0
S03566,U076,2025-01-11 10:00:00,2025-01-11 11:31:00,laptop,India,password+token,False,0
S03567,U076,2025-01-11 11:56:00,2025-01-11 12:47:00,workstation,Singapore,password+token,True,1
S03568,U076,2025-01-14 08:39:00,2025-01-14 10:04:00,laptop,USA,password,True,2
S03569,U076,2025-01-15 08:47:00,2025-01-15 10:08:00,laptop,Germany,password,True,1
S03570,U076,2025-01-15 11:38:00,2025-01-15 11:58:00,laptop,India,password,True,1
S03571,U076,2025-01-15 13:23:00,2025-01-15 14:51:00,laptop,USA,password,True,2
S03572,U076,2025-01-16 07:22:00,2025-01-16 09:01:00,laptop,India,password,True,1
S03573,U076,2025-01-16 10:02:00,2025-01-16 11:01:00,laptop,India,password+token,False,1
S03574,U076,2025-01-19 06:24:00,2025-01-19 07:58:00,vpn,India,password+token,True,0
S03575,U076,2025-01-20 08:15:00,2025-01-20 08:49:00,laptop,USA,password,True,1
S03576,U076,2025-01-21 09:15:00,2025-01-21 10:23:00,workstation,India,password,True,0
S03577,U076,2025-01-21 11:00:00,2025-01-21 12:51:00,laptop,Germany,password,True,1
S03578,U076,2025-01-22 07:44:00,2025-01-22 09:49:00,vpn,Singapore,password+token,True,0
S03579,U076,2025-01-25 09:34:00,2025-01-25 11:17:00,laptop,India,password,True,0
S03580,U076,2025-01-25 12:18:00,2025-01-25 13:25:00,workstation,India,password+token,True,2
S03581,U076,2025-01-27 07:42:00,2025-01-27 08:37:00,laptop,India,password+token,True,2
S03582,U076,2025-01-28 06:47:00,2025-01-28 08:52:00,laptop,India,password,True,0
S03583,U076,2025-01-29 08:28:00,2025-01-29 08:48:00,vpn,USA,password+token,False,0
S03584,U076,2025-02-04 08:31:00,2025-02-04 10:05:00,workstation,Germany,password+token,True,1
S03585,U076,2025-02-04 11:45:00,2025-02-04 13:20:00,workstation,India,password,True,0
S03586,U076,2025-02-05 07:01:00,2025-02-05 09:14:00,laptop,USA,password,True,1
S03587,U076,2025-02-06 07:19:00,2025-02-06 08:18:00,workstation,Singapore,password,True,1
S03588,U076,2025-02-06 08:57:00,2025-02-06 10:09:00,workstation,India,password,True,0
S03589,U076,2025-02-07 08:02:00,2025-02-07 09:12:00,laptop,India,password,False,0
S03590,U076,2025-02-07 10:07:00,2025-02-07 11:32:00,laptop,USA,password,True,3
S03591,U076,2025-02-07 13:23:00,2025-02-07 14:08:00,laptop,Singapore,password,False,3
S03592,U076,2025-02-10 08:46:00,2025-02-10 10:18:00,workstation,USA,password,False,0
S03593,U076,2025-02-10 11:49:00,2025-02-10 14:24:00,laptop,USA,password,True,0
S03594,U076,2025-02-11 06:29:00,2025-02-11 07:27:00,laptop,India,password+token,True,0
S03595,U076,2025-02-11 09:13:00,2025-02-11 10:24:00,workstation,Singapore,password+token,True,0
S03596,U076,2025-02-12 07:38:00,2025-02-12 08:16:00,laptop,Singapore,password+token,True,0
S03597,U076,2025-02-14 10:17:00,2025-02-14 12:29:00,laptop,Germany,password,True,0
S03598,U077,2025-01-02 09:22:00,2025-01-02 11:08:00,laptop,Singapore,password,True,1
S03599,U077,2025-01-03 09:28:00,2025-01-03 10:39:00,workstation,Singapore,password,True,0
S03600,U077,2025-01-03 12:29:00,2025-01-03 14:33:00,workstation,India,password,False,1
S03601,U077,2025-01-03 15:26:00,2025-01-03 17:56:00,laptop,Germany,password,False,1
S03602,U077,2025-01-06 06:58:00,2025-01-06 09:15:00,laptop,India,password,True,1
S03603,U077,2025-01-06 10:58:00,2025-01-06 13:16:00,vpn,Germany,password+token,True,1
S03604,U077,2025-01-07 10:21:00,2025-01-07 12:08:00,workstation,India,password,False,0
S03605,U077,2025-01-08 07:00:00,2025-01-08 08:52:00,workstation,India,password,True,1
S03606,U077,2025-01-09 07:37:00,2025-01-09 09:17:00,laptop,India,password,False,1
S03607,U077,2025-01-10 07:43:00,2025-01-10 10:13:00,laptop,India,password+token,True,1
S03608,U077,2025-01-12 06:57:00,2025-01-12 09:28:00,laptop,India,password,True,1
S03609,U077,2025-01-13 09:44:00,2025-01-13 11:15:00,laptop,India,password,True,0
S03610,U077,2025-01-13 11:40:00,2025-01-13 13:43:00,workstation,Singapore,password+token,True,0
S03611,U077,2025-01-14 08:31:00,2025-01-14 10:23:00,laptop,USA,password+token,True,0
S03612,U077,2025-01-15 10:42:00,2025-01-15 12:55:00,laptop,Germany,password+token,False,1
S03613,U077,2025-01-16 09:29:00,2025-01-16 11:24:00,workstation,Singapore,password,False,0
S03614,U077,2025-01-16 12:54:00,2025-01-16 14:59:00,workstation,Germany,password,True,0
S03615,U077,2025-01-17 08:26:00,2025-01-17 10:05:00,laptop,India,password+token,True,1
S03616,U077,2025-01-17 11:28:00,2025-01-17 13:20:00,laptop,USA,password+token,False,2
S03617,U077,2025-01-17 14:15:00,2025-01-17 16:30:00,laptop,USA,password,False,0
S03618,U077,2025-01-20 08:56:00,2025-01-20 10:33:00,workstation,India,password+token,False,0
S03619,U077,2025-01-20 11:53:00,2025-01-20 13:39:00,workstation,India,password+token,False,0
S03620,U077,2025-01-21 06:32:00,2025-01-21 08:12:00,workstation,India,password+token,True,0
S03621,U077,2025-01-22 06:40:00,2025-01-22 09:02:00,laptop,USA,password+token,True,1
S03622,U077,2025-01-23 08:59:00,2025-01-23 10:40:00,laptop,India,password,True,0
S03623,U077,2025-01-23 11:18:00,2025-01-23 12:42:00,laptop,USA,password,True,1
S03624,U077,2025-01-24 06:44:00,2025-01-24 08:41:00,laptop,India,password,True,0
S03625,U077,2025-01-24 10:23:00,2025-01-24 11:48:00,laptop,Germany,password+token,True,0
S03626,U077,2025-01-25 08:57:00,2025-01-25 10:19:00,laptop,USA,password+token,True,1
S03627,U077,2025-01-27 09:52:00,2025-01-27 11:56:00,laptop,Germany,password+token,True,1
S03628,U077,2025-01-27 13:04:00,2025-01-27 15:53:00,workstation,Germany,password+token,False,0
S03629,U077,2025-01-27 16:42:00,2025-01-27 18:15:00,laptop,Singapore,password+token,True,1
S03630,U077,2025-01-29 09:35:00,2025-01-29 12:44:00,vpn,India,password+token,False,0
S03631,U077,2025-01-29 13:36:00,2025-01-29 15:40:00,laptop,India,password,False,0
S03632,U077,2025-01-29 17:35:00,2025-01-29 18:35:00,laptop,Singapore,password,False,0
S03633,U077,2025-01-30 07:32:00,2025-01-30 09:48:00,laptop,Singapore,password,False,0
S03634,U077,2025-01-31 06:54:00,2025-01-31 08:40:00,workstation,Germany,password+token,False,0
S03635,U077,2025-02-01 07:47:00,2025-02-01 09:57:00,laptop,Germany,password+token,True,1
S03636,U077,2025-02-02 09:21:00,2025-02-02 11:34:00,laptop,India,password,True,1
S03637,U077,2025-02-05 07:49:00,2025-02-05 09:26:00,vpn,India,password+token,True,2
S03638,U077,2025-02-05 10:35:00,2025-02-05 12:32:00,laptop,USA,password+token,False,0
S03639,U077,2025-02-06 10:27:00,2025-02-06 12:39:00,workstation,Singapore,password+token,False,1
S03640,U077,2025-02-09 10:19:00,2025-02-09 12:30:00,workstation,Singapore,password,True,0
S03641,U077,2025-02-10 08:21:00,2025-02-10 10:29:00,vpn,USA,password+token,True,3
S03642,U077,2025-02-11 07:40:00,2025-02-11 10:03:00,laptop,India,password+token,False,0
S03643,U077,2025-02-12 06:37:00,2025-02-12 07:58:00,laptop,India,password,False,1
S03644,U077,2025-02-14 08:56:00,2025-02-14 10:28:00,laptop,Singapore,password,True,2
S03645,U078,2025-01-03 06:20:00,2025-01-03 08:18:00,laptop,India,password+token,True,1
S03646,U078,2025-01-03 08:49:00,2025-01-03 10:27:00,laptop,India,password,True,0
S03647,U078,2025-01-03 12:21:00,2025-01-03 14:47:00,laptop,USA,password,True,1
S03648,U078,2025-01-08 10:03:00,2025-01-08 12:14:00,workstation,India,password,True,1
S03649,U078,2025-01-09 08:41:00,2025-01-09 10:11:00,laptop,India,password,False,1
S03650,U078,2025-01-09 11:57:00,2025-01-09 12:51:00,laptop,Germany,password,False,1
S03651,U078,2025-01-12 09:27:00,2025-01-12 12:34:00,laptop,India,password,True,1
S03652,U078,2025-01-13 08:41:00,2025-01-13 11:22:00,laptop,India,password+token,False,1
S03653,U078,2025-01-14 09:47:00,2025-01-14 11:40:00,workstation,India,password+token,True,0
S03654,U078,2025-01-15 07:59:00,2025-01-15 09:22:00,laptop,India,password,True,2
S03655,U078,2025-01-15 10:35:00,2025-01-15 13:31:00,laptop,India,password+token,True,0
S03656,U078,2025-01-17 08:40:00,2025-01-17 10:20:00,laptop,India,password,True,1
S03657,U078,2025-01-17 11:30:00,2025-01-17 13:29:00,workstation,India,password+token,True,1
S03658,U078,2025-01-17 14:26:00,2025-01-17 15:38:00,laptop,India,password,False,0
S03659,U078,2025-01-18 08:20:00,2025-01-18 10:03:00,laptop,Germany,password+token,True,0
S03660,U078,2025-01-18 11:17:00,2025-01-18 13:30:00,workstation,India,password,False,0
S03661,U078,2025-01-20 09:09:00,2025-01-20 10:38:00,laptop,India,password,True,0
S03662,U078,2025-01-20 11:00:00,2025-01-20 13:06:00,workstation,India,password,False,1
S03663,U078,2025-01-22 06:07:00,2025-01-22 07:56:00,laptop,India,password+token,True,1
S03664,U078,2025-01-22 09:36:00,2025-01-22 11:24:00,laptop,India,password,True,4
S03665,U078,2025-01-22 12:17:00,2025-01-22 13:59:00,laptop,India,password,True,0
S03666,U078,2025-01-23 09:04:00,2025-01-23 12:14:00,laptop,India,password,True,0
S03667,U078,2025-01-23 13:54:00,2025-01-23 15:55:00,vpn,India,password+token,True,2
S03668,U078,2025-01-24 06:19:00,2025-01-24 08:09:00,workstation,India,password,True,1
S03669,U078,2025-01-24 09:36:00,2025-01-24 10:27:00,workstation,India,password+token,True,1
S03670,U078,2025-01-24 10:53:00,2025-01-24 13:24:00,laptop,India,password,False,0
S03671,U078,2025-01-25 08:27:00,2025-01-25 10:01:00,laptop,India,password,False,1
S03672,U078,2025-01-27 08:33:00,2025-01-27 11:00:00,workstation,India,password+token,True,0
S03673,U078,2025-01-27 11:58:00,2025-01-27 13:46:00,laptop,USA,password,False,1
S03674,U078,2025-01-28 08:54:00,2025-01-28 11:09:00,laptop,India,password,False,1
S03675,U078,2025-01-28 12:34:00,2025-01-28 16:03:00,laptop,India,password,True,0
S03676,U078,2025-01-29 08:29:00,2025-01-29 10:21:00,laptop,Singapore,password,True,1
S03677,U078,2025-01-29 11:13:00,2025-01-29 13:11:00,vpn,India,password+token,True,1
S03678,U078,2025-01-30 09:40:00,2025-01-30 11:42:00,laptop,India,password+token,False,1
S03679,U078,2025-01-30 12:42:00,2025-01-30 14:16:00,laptop,India,password+token,False,1
S03680,U078,2025-01-31 08:57:00,2025-01-31 11:07:00,workstation,India,password,False,0
S03681,U078,2025-01-31 12:25:00,2025-01-31 14:39:00,laptop,India,password,False,1
S03682,U078,2025-02-02 08:01:00,2025-02-02 08:43:00,workstation,India,password,True,1
S03683,U078,2025-02-04 09:34:00,2025-02-04 11:00:00,laptop,Germany,password+token,True,0
S03684,U078,2025-02-05 08:11:00,2025-02-05 09:49:00,laptop,India,password,False,1
S03685,U078,2025-02-06 08:42:00,2025-02-06 10:12:00,laptop,India,password,True,3
S03686,U078,2025-02-07 07:50:00,2025-02-07 11:05:00,laptop,India,password,True,0
S03687,U078,2025-02-07 12:05:00,2025-02-07 14:15:00,workstation,India,password,False,1
S03688,U078,2025-02-10 08:17:00,2025-02-10 09:34:00,workstation,India,password+token,True,2
S03689,U078,2025-02-10 11:23:00,2025-02-10 13:10:00,laptop,India,password,False,2
S03690,U078,2025-02-11 08:12:00,2025-02-11 09:47:00,vpn,India,password+token,True,2
S03691,U078,2025-02-12 06:36:00,2025-02-12 09:09:00,laptop,India,password+token,False,0
S03692,U078,2025-02-14 08:13:00,2025-02-14 11:05:00,laptop,India,password+token,True,0
S03693,U079,2025-01-06 10:44:00,2025-01-06 12:44:00,workstation,India,password,True,3
S03694,U079,2025-01-08 12:36:00,2025-01-08 13:58:00,workstation,India,password,True,0
S03695,U079,2025-01-09 13:09:00,2025-01-09 14:51:00,workstation,India,password+token,False,0
S03696,U079,2025-01-09 15:15:00,2025-01-09 16:54:00,laptop,India,password,False,0
S03697,U079,2025-01-10 12:09:00,2025-01-10 14:07:00,laptop,India,password,False,2
S03698,U079,2025-01-11 13:06:00,2025-01-11 13:44:00,laptop,India,password,True,0
S03699,U079,2025-01-11 15:43:00,2025-01-11 17:16:00,workstation,USA,password,True,0
S03700,U079,2025-01-11 18:55:00,2025-01-11 20:06:00,laptop,India,password,True,0
S03701,U079,2025-01-13 11:10:00,2025-01-13 12:55:00,laptop,India,password+token,False,0
S03702,U079,2025-01-14 12:38:00,2025-01-14 14:22:00,laptop,India,password+token,True,1
S03703,U079,2025-01-14 15:09:00,2025-01-14 16:25:00,laptop,India,password+token,True,0
S03704,U079,2025-01-15 12:27:00,2025-01-15 14:36:00,vpn,India,password+token,True,0
S03705,U079,2025-01-16 13:17:00,2025-01-16 15:02:00,workstation,India,password,True,0
S03706,U079,2025-01-17 14:45:00,2025-01-17 16:56:00,laptop,India,password,True,0
S03707,U079,2025-01-17 18:25:00,2025-01-17 19:28:00,laptop,India,password+token,True,0
S03708,U079,2025-01-17 20:42:00,2025-01-17 22:20:00,laptop,India,password,True,0
S03709,U079,2025-01-20 12:18:00,2025-01-20 14:38:00,workstation,Singapore,password+token,True,1
S03710,U079,2025-01-21 11:10:00,2025-01-21 12:28:00,laptop,India,password+token,False,0
S03711,U079,2025-01-22 12:42:00,2025-01-22 14:29:00,workstation,India,password+token,False,1
S03712,U079,2025-01-22 15:03:00,2025-01-22 17:19:00,laptop,India,password,False,0
S03713,U079,2025-01-22 18:32:00,2025-01-22 20:01:00,laptop,India,password,True,0
S03714,U079,2025-01-23 13:23:00,2025-01-23 14:51:00,workstation,India,password,False,1
S03715,U079,2025-01-24 12:08:00,2025-01-24 13:36:00,laptop,India,password+token,True,1
S03716,U079,2025-01-24 15:25:00,2025-01-24 17:00:00,laptop,Singapore,password,True,0
S03717,U079,2025-01-24 17:45:00,2025-01-24 19:59:00,laptop,India,password+token,True,2
S03718,U079,2025-01-27 11:31:00,2025-01-27 13:11:00,laptop,India,password,True,1
S03719,U079,2025-01-27 13:56:00,2025-01-27 16:01:00,laptop,India,password,True,0
S03720,U079,2025-01-27 17:22:00,2025-01-27 19:04:00,laptop,India,password,True,1
S03721,U079,2025-01-28 13:13:00,2025-01-28 14:34:00,workstation,India,password+token,True,3
S03722,U079,2025-01-29 12:31:00,2025-01-29 14:11:00,workstation,India,password,False,0
S03723,U079,2025-01-31 12:22:00,2025-01-31 13:43:00,workstation,India,password+token,False,0
S03724,U079,2025-01-31 15:14:00,2025-01-31 17:21:00,laptop,USA,password,True,1
S03725,U079,2025-02-04 11:02:00,2025-02-04 13:25:00,workstation,India,password,False,0
S03726,U079,2025-02-05 09:39:00,2025-02-05 10:44:00,laptop,India,password+token,True,0
S03727,U079,2025-02-05 11:37:00,2025-02-05 13:40:00,laptop,India,password,True,0
S03728,U079,2025-02-06 15:04:00,2025-02-06 17:10:00,laptop,India,password,False,0
S03729,U079,2025-02-07 13:08:00,2025-02-07 15:28:00,workstation,India,password+token,False,2
S03730,U079,2025-02-11 12:53:00,2025-02-11 14:43:00,laptop,India,password+token,True,1
S03731,U079,2025-02-12 11:13:00,2025-02-12 13:33:00,workstation,India,password,True,2
S03732,U079,2025-02-12 14:37:00,2025-02-12 16:42:00,workstation,India,password,False,0
S03733,U079,2025-02-12 18:31:00,2025-02-12 20:10:00,laptop,India,password,False,2
S03734,U079,2025-02-13 14:54:00,2025-02-13 17:01:00,laptop,India,password+token,True,0
S03735,U079,2025-02-13 18:56:00,2025-02-13 21:09:00,workstation,India,password,False,1
S03736,U079,2025-02-13 22:25:00,2025-02-13 23:59:00,laptop,India,password,True,1
S03737,U080,2025-01-02 08:41:00,2025-01-02 10:45:00,laptop,India,password+token,False,1
S03738,U080,2025-01-02 11:28:00,2025-01-02 13:43:00,workstation,India,password,True,0
S03739,U080,2025-01-03 07:42:00,2025-01-03 09:46:00,laptop,India,password+token,False,1
S03740,U080,2025-01-03 10:22:00,2025-01-03 12:56:00,workstation,India,password,True,0
S03741,U080,2025-01-03 14:04:00,2025-01-03 16:54:00,workstation,India,password,True,0
S03742,U080,2025-01-06 08:16:00,2025-01-06 10:45:00,laptop,India,password,False,0
S03743,U080,2025-01-06 11:07:00,2025-01-06 14:00:00,workstation,India,password,False,0
S03744,U080,2025-01-06 14:46:00,2025-01-06 17:30:00,workstation,India,password,False,0
S03745,U080,2025-01-07 06:59:00,2025-01-07 08:35:00,vpn,India,password+token,True,0
S03746,U080,2025-01-07 09:13:00,2025-01-07 12:33:00,workstation,India,password,True,0
S03747,U080,2025-01-09 08:30:00,2025-01-09 10:51:00,workstation,India,password,True,0
S03748,U080,2025-01-10 06:54:00,2025-01-10 08:56:00,workstation,India,password,False,1
S03749,U080,2025-01-10 10:02:00,2025-01-10 12:28:00,workstation,India,password,True,1
S03750,U080,2025-01-10 13:08:00,2025-01-10 14:59:00,workstation,India,password,True,0
S03751,U080,2025-01-13 11:52:00,2025-01-13 12:55:00,laptop,India,password+token,True,0
S03752,U080,2025-01-14 09:05:00,2025-01-14 11:52:00,laptop,India,password+token,True,0
S03753,U080,2025-01-14 13:13:00,2025-01-14 16:02:00,vpn,Germany,password+token,True,2
S03754,U080,2025-01-15 06:23:00,2025-01-15 08:12:00,laptop,India,password,False,1
S03755,U080,2025-01-15 08:38:00,2025-01-15 12:04:00,workstation,India,password,True,2
S03756,U080,2025-01-15 12:29:00,2025-01-15 14:28:00,laptop,Germany,password,True,0
S03757,U080,2025-01-16 08:48:00,2025-01-16 11:20:00,workstation,India,password,False,2
S03758,U080,2025-01-16 12:39:00,2025-01-16 15:07:00,laptop,India,password+token,True,1
S03759,U080,2025-01-20 06:15:00,2025-01-20 08:29:00,laptop,India,password+token,True,0
S03760,U080,2025-01-21 06:45:00,2025-01-21 09:05:00,vpn,India,password+token,False,1
S03761,U080,2025-01-22 07:10:00,2025-01-22 09:52:00,workstation,India,password+token,True,1
S03762,U080,2025-01-22 11:36:00,2025-01-22 14:12:00,workstation,India,password+token,True,0
S03763,U080,2025-01-23 07:12:00,2025-01-23 10:06:00,workstation,India,password,False,2
S03764,U080,2025-01-24 06:55:00,2025-01-24 09:16:00,vpn,India,password+token,False,0
S03765,U080,2025-01-27 09:05:00,2025-01-27 11:13:00,vpn,India,password+token,False,1
S03766,U080,2025-01-28 06:51:00,2025-01-28 08:53:00,laptop,India,password,True,0
S03767,U080,2025-01-28 09:48:00,2025-01-28 11:38:00,laptop,India,password+token,True,0
S03768,U080,2025-01-28 13:28:00,2025-01-28 15:43:00,laptop,India,password,True,0
S03769,U080,2025-01-30 09:16:00,2025-01-30 11:49:00,workstation,India,password+token,True,0
S03770,U080,2025-01-31 06:29:00,2025-01-31 10:07:00,workstation,India,password+token,True,1
S03771,U080,2025-02-02 06:56:00,2025-02-02 08:20:00,vpn,India,password+token,False,0
S03772,U080,2025-02-02 09:36:00,2025-02-02 12:23:00,laptop,India,password+token,True,1
S03773,U080,2025-02-04 07:30:00,2025-02-04 09:59:00,workstation,India,password,False,0
S03774,U080,2025-02-04 11:38:00,2025-02-04 14:47:00,laptop,India,password+token,False,0
S03775,U080,2025-02-04 15:09:00,2025-02-04 17:14:00,laptop,India,password,False,0
S03776,U080,2025-02-05 10:01:00,2025-02-05 12:31:00,laptop,India,password,True,1
S03777,U080,2025-02-06 06:33:00,2025-02-06 08:23:00,workstation,India,password+token,False,0
S03778,U080,2025-02-07 07:58:00,2025-02-07 11:00:00,laptop,USA,password+token,True,0
S03779,U080,2025-02-07 12:33:00,2025-02-07 14:59:00,vpn,India,password+token,False,3
S03780,U080,2025-02-09 08:08:00,2025-02-09 09:59:00,laptop,India,password,False,0
S03781,U080,2025-02-09 11:53:00,2025-02-09 15:28:00,laptop,Germany,password,True,0
S03782,U080,2025-02-09 16:13:00,2025-02-09 17:39:00,laptop,India,password+token,False,2
S03783,U080,2025-02-10 06:47:00,2025-02-10 10:38:00,laptop,India,password+token,True,1
S03784,U080,2025-02-10 11:00:00,2025-02-10 13:11:00,workstation,India,password,True,2
S03785,U080,2025-02-12 06:21:00,2025-02-12 08:28:00,laptop,India,password,True,1
S03786,U080,2025-02-13 06:20:00,2025-02-13 09:22:00,laptop,Germany,password,False,0
S03787,U080,2025-02-14 07:58:00,2025-02-14 08:56:00,laptop,India,password+token,True,1
S03788,U081,2025-01-01 07:30:00,2025-01-01 08:45:00,laptop,Singapore,password,True,1
S03789,U081,2025-01-06 07:28:00,2025-01-06 08:37:00,workstation,India,password+token,True,2
S03790,U081,2025-01-07 08:45:00,2025-01-07 10:15:00,laptop,Singapore,password+token,True,1
S03791,U081,2025-01-07 11:20:00,2025-01-07 13:13:00,laptop,India,password+token,True,0
S03792,U081,2025-01-09 07:02:00,2025-01-09 09:26:00,laptop,India,password+token,True,0
S03793,U081,2025-01-10 06:56:00,2025-01-10 09:15:00,laptop,India,password,True,0
S03794,U081,2025-01-12 08:57:00,2025-01-12 10:09:00,workstation,Germany,password,True,0
S03795,U081,2025-01-13 09:22:00,2025-01-13 10:59:00,laptop,India,password,True,2
S03796,U081,2025-01-14 06:03:00,2025-01-14 06:56:00,vpn,Germany,password+token,True,1
S03797,U081,2025-01-14 07:23:00,2025-01-14 10:10:00,laptop,USA,password,True,2
S03798,U081,2025-01-14 11:14:00,2025-01-14 13:11:00,laptop,Singapore,password,True,2
S03799,U081,2025-01-16 09:06:00,2025-01-16 11:02:00,workstation,India,password+token,False,0
S03800,U081,2025-01-16 12:34:00,2025-01-16 15:06:00,laptop,India,password,False,2
S03801,U081,2025-01-16 15:38:00,2025-01-16 16:59:00,laptop,India,password+token,False,0
S03802,U081,2025-01-17 08:21:00,2025-01-17 09:19:00,workstation,Singapore,password+token,False,0
S03803,U081,2025-01-17 09:49:00,2025-01-17 11:14:00,laptop,Singapore,password,True,0
S03804,U081,2025-01-20 08:40:00,2025-01-20 10:17:00,laptop,India,password+token,False,1
S03805,U081,2025-01-22 08:50:00,2025-01-22 10:01:00,workstation,India,password,True,1
S03806,U081,2025-01-23 07:45:00,2025-01-23 09:10:00,workstation,USA,password,False,2
S03807,U081,2025-01-23 10:54:00,2025-01-23 14:08:00,laptop,Germany,password,True,2
S03808,U081,2025-01-23 15:43:00,2025-01-23 17:19:00,workstation,Germany,password,False,0
S03809,U081,2025-01-24 09:44:00,2025-01-24 11:54:00,vpn,USA,password+token,False,1
S03810,U081,2025-01-28 09:28:00,2025-01-28 11:17:00,workstation,India,password,True,1
S03811,U081,2025-01-29 09:05:00,2025-01-29 10:32:00,workstation,India,password,True,1
S03812,U081,2025-01-29 11:53:00,2025-01-29 14:06:00,laptop,Germany,password,False,1
S03813,U081,2025-01-30 08:37:00,2025-01-30 10:42:00,laptop,India,password,True,0
S03814,U081,2025-02-01 10:02:00,2025-02-01 11:40:00,laptop,India,password,True,0
S03815,U081,2025-02-01 13:03:00,2025-02-01 15:12:00,laptop,India,password,True,0
S03816,U081,2025-02-02 06:28:00,2025-02-02 07:31:00,laptop,Germany,password+token,True,2
S03817,U081,2025-02-02 09:04:00,2025-02-02 11:52:00,laptop,Germany,password,True,0
S03818,U081,2025-02-03 08:26:00,2025-02-03 10:02:00,laptop,USA,password,True,1
S03819,U081,2025-02-03 10:26:00,2025-02-03 11:25:00,laptop,USA,password,False,0
S03820,U081,2025-02-04 10:40:00,2025-02-04 12:40:00,vpn,India,password+token,True,1
S03821,U081,2025-02-05 06:00:00,2025-02-05 08:06:00,laptop,Singapore,password+token,True,0
S03822,U081,2025-02-08 10:54:00,2025-02-08 13:17:00,laptop,Singapore,password,True,0
S03823,U081,2025-02-09 08:42:00,2025-02-09 10:06:00,laptop,USA,password+token,True,1
S03824,U081,2025-02-10 07:44:00,2025-02-10 10:33:00,laptop,Singapore,password+token,True,0
S03825,U081,2025-02-11 09:53:00,2025-02-11 10:59:00,laptop,USA,password,False,1
S03826,U081,2025-02-11 12:37:00,2025-02-11 13:46:00,laptop,Germany,password+token,True,0
S03827,U081,2025-02-11 14:58:00,2025-02-11 16:26:00,vpn,USA,password+token,False,1
S03828,U081,2025-02-12 09:09:00,2025-02-12 11:09:00,vpn,India,password+token,False,1
S03829,U081,2025-02-14 08:09:00,2025-02-14 09:51:00,laptop,USA,password,True,2
S03830,U081,2025-02-14 10:41:00,2025-02-14 12:19:00,laptop,India,password,True,1
S03831,U081,2025-02-14 13:29:00,2025-02-14 14:44:00,laptop,India,password+token,True,1
S03832,U081,2025-02-15 07:15:00,2025-02-15 08:37:00,laptop,India,password,True,3
S03833,U082,2025-01-01 06:49:00,2025-01-01 07:51:00,laptop,India,password+token,False,1
S03834,U082,2025-01-02 08:58:00,2025-01-02 11:10:00,vpn,India,password+token,True,1
S03835,U082,2025-01-03 06:32:00,2025-01-03 07:36:00,laptop,India,password,True,1
S03836,U082,2025-01-03 08:59:00,2025-01-03 10:47:00,workstation,India,password+token,True,2
S03837,U082,2025-01-03 11:27:00,2025-01-03 11:47:00,vpn,India,password+token,True,0
S03838,U082,2025-01-04 08:17:00,2025-01-04 08:37:00,laptop,India,password,True,3
S03839,U082,2025-01-04 09:59:00,2025-01-04 11:32:00,workstation,India,password,True,2
S03840,U082,2025-01-04 13:19:00,2025-01-04 14:10:00,laptop,India,password,True,1
S03841,U082,2025-01-06 08:46:00,2025-01-06 10:56:00,laptop,India,password,True,1
S03842,U082,2025-01-06 11:25:00,2025-01-06 13:48:00,laptop,Germany,password,True,1
S03843,U082,2025-01-06 14:50:00,2025-01-06 17:11:00,vpn,India,password+token,True,1
S03844,U082,2025-01-08 06:16:00,2025-01-08 07:14:00,laptop,India,password+token,True,0
S03845,U082,2025-01-09 06:17:00,2025-01-09 08:09:00,vpn,India,password+token,False,0
S03846,U082,2025-01-09 09:27:00,2025-01-09 11:43:00,vpn,India,password+token,True,1
S03847,U082,2025-01-09 12:21:00,2025-01-09 12:58:00,vpn,India,password+token,True,0
S03848,U082,2025-01-10 06:57:00,2025-01-10 08:32:00,workstation,India,password,True,0
S03849,U082,2025-01-10 10:10:00,2025-01-10 12:14:00,workstation,India,password,True,1
S03850,U082,2025-01-10 13:28:00,2025-01-10 15:31:00,vpn,USA,password+token,True,3
S03851,U082,2025-01-12 09:56:00,2025-01-12 11:57:00,laptop,India,password,True,0
S03852,U082,2025-01-12 13:22:00,2025-01-12 15:34:00,workstation,India,password+token,True,1
S03853,U082,2025-01-12 16:55:00,2025-01-12 18:05:00,laptop,India,password+token,False,1
S03854,U082,2025-01-13 06:26:00,2025-01-13 08:11:00,laptop,India,password,True,1
S03855,U082,2025-01-13 09:41:00,2025-01-13 10:06:00,laptop,India,password,True,0
S03856,U082,2025-01-13 11:12:00,2025-01-13 13:02:00,laptop,India,password,False,2
S03857,U082,2025-01-15 12:10:00,2025-01-15 13:09:00,laptop,India,password+token,False,0
S03858,U082,2025-01-15 14:35:00,2025-01-15 16:07:00,workstation,India,password,True,1
S03859,U082,2025-01-20 06:07:00,2025-01-20 07:39:00,laptop,Singapore,password+token,True,1
S03860,U082,2025-01-22 08:30:00,2025-01-22 10:48:00,workstation,India,password,False,4
S03861,U082,2025-01-23 10:30:00,2025-01-23 11:51:00,vpn,India,password+token,True,2
S03862,U082,2025-01-23 12:57:00,2025-01-23 14:45:00,workstation,Germany,password,True,0
S03863,U082,2025-01-24 07:15:00,2025-01-24 07:35:00,workstation,India,password,False,0
S03864,U082,2025-01-24 08:56:00,2025-01-24 09:16:00,laptop,India,password,True,2
S03865,U082,2025-01-25 08:32:00,2025-01-25 09:42:00,vpn,Germany,password+token,True,1
S03866,U082,2025-01-27 07:16:00,2025-01-27 09:39:00,laptop,India,password+token,True,0
S03867,U082,2025-01-27 10:51:00,2025-01-27 12:16:00,laptop,India,password+token,False,1
S03868,U082,2025-01-28 07:56:00,2025-01-28 09:23:00,laptop,India,password+token,True,3
S03869,U082,2025-01-29 08:22:00,2025-01-29 08:52:00,workstation,India,password,True,2
S03870,U082,2025-01-29 10:46:00,2025-01-29 12:12:00,laptop,India,password+token,False,1
S03871,U082,2025-01-29 13:20:00,2025-01-29 15:29:00,laptop,India,password+token,True,2
S03872,U082,2025-01-30 06:08:00,2025-01-30 07:28:00,workstation,India,password,True,2
S03873,U082,2025-01-30 08:58:00,2025-01-30 10:44:00,laptop,India,password,False,3
S03874,U082,2025-01-31 09:23:00,2025-01-31 10:41:00,laptop,India,password+token,True,0
S03875,U082,2025-01-31 11:52:00,2025-01-31 14:00:00,laptop,India,password,False,0
S03876,U082,2025-01-31 14:40:00,2025-01-31 15:00:00,vpn,India,password+token,True,2
S03877,U082,2025-02-01 08:37:00,2025-02-01 08:57:00,laptop,India,password,True,1
S03878,U082,2025-02-03 06:11:00,2025-02-03 07:17:00,vpn,India,password+token,False,1
S03879,U082,2025-02-03 07:39:00,2025-02-03 09:12:00,vpn,India,password+token,True,2
S03880,U082,2025-02-06 06:43:00,2025-02-06 08:17:00,workstation,India,password+token,True,0
S03881,U082,2025-02-11 06:34:00,2025-02-11 07:28:00,laptop,Singapore,password,True,0
S03882,U082,2025-02-11 09:25:00,2025-02-11 10:25:00,workstation,India,password+token,True,1
S03883,U082,2025-02-11 11:12:00,2025-02-11 12:28:00,laptop,India,password,True,1
S03884,U082,2025-02-12 07:38:00,2025-02-12 10:03:00,workstation,India,password,True,2
S03885,U082,2025-02-13 10:10:00,2025-02-13 11:03:00,workstation,India,password,False,2
S03886,U082,2025-02-13 12:23:00,2025-02-13 14:26:00,laptop,India,password,True,0
S03887,U082,2025-02-15 06:10:00,2025-02-15 08:01:00,laptop,India,password+token,True,4
S03888,U083,2025-01-01 06:06:00,2025-01-01 08:21:00,laptop,Singapore,password,False,1
S03889,U083,2025-01-02 06:37:00,2025-01-02 08:13:00,laptop,India,password,False,1
S03890,U083,2025-01-02 08:57:00,2025-01-02 09:23:00,laptop,USA,password+token,True,2
S03891,U083,2025-01-03 08:20:00,2025-01-03 11:10:00,workstation,India,password,True,0
S03892,U083,2025-01-03 12:54:00,2025-01-03 14:12:00,workstation,India,password+token,False,1
S03893,U083,2025-01-04 09:46:00,2025-01-04 10:52:00,workstation,India,password,False,0
S03894,U083,2025-01-04 11:39:00,2025-01-04 12:07:00,workstation,India,password,False,2
S03895,U083,2025-01-06 06:19:00,2025-01-06 08:03:00,vpn,Singapore,password+token,True,1
S03896,U083,2025-01-07 06:40:00,2025-01-07 07:56:00,workstation,India,password,True,2
S03897,U083,2025-01-07 08:49:00,2025-01-07 10:22:00,vpn,India,password+token,True,0
S03898,U083,2025-01-09 06:27:00,2025-01-09 07:39:00,vpn,India,password+token,False,2
S03899,U083,2025-01-09 09:26:00,2025-01-09 10:47:00,vpn,India,password+token,False,0
S03900,U083,2025-01-10 07:56:00,2025-01-10 08:32:00,workstation,India,password,True,3
S03901,U083,2025-01-11 07:27:00,2025-01-11 10:41:00,workstation,India,password,True,1
S03902,U083,2025-01-13 08:47:00,2025-01-13 10:57:00,workstation,India,password+token,False,0
S03903,U083,2025-01-13 11:36:00,2025-01-13 13:29:00,workstation,India,password,True,1
S03904,U083,2025-01-13 15:08:00,2025-01-13 17:05:00,vpn,India,password+token,True,1
S03905,U083,2025-01-14 09:04:00,2025-01-14 12:41:00,laptop,India,password,True,1
S03906,U083,2025-01-15 07:17:00,2025-01-15 09:59:00,workstation,India,password+token,False,2
S03907,U083,2025-01-16 09:51:00,2025-01-16 11:34:00,workstation,India,password,False,2
S03908,U083,2025-01-16 12:17:00,2025-01-16 13:40:00,laptop,India,password,True,0
S03909,U083,2025-01-17 08:39:00,2025-01-17 10:23:00,vpn,India,password+token,True,3
S03910,U083,2025-01-17 12:19:00,2025-01-17 13:32:00,laptop,India,password+token,False,1
S03911,U083,2025-01-20 06:36:00,2025-01-20 08:23:00,vpn,Germany,password+token,False,1
S03912,U083,2025-01-22 10:40:00,2025-01-22 13:49:00,workstation,Singapore,password,True,1
S03913,U083,2025-01-22 15:25:00,2025-01-22 18:41:00,vpn,India,password+token,False,1
S03914,U083,2025-01-22 19:37:00,2025-01-22 22:26:00,laptop,India,password,True,2
S03915,U083,2025-01-23 06:07:00,2025-01-23 08:24:00,vpn,India,password+token,True,2
S03916,U083,2025-01-25 06:52:00,2025-01-25 08:54:00,workstation,India,password+token,True,1
S03917,U083,2025-01-27 08:45:00,2025-01-27 09:45:00,vpn,India,password+token,False,0
S03918,U083,2025-01-28 10:50:00,2025-01-28 13:55:00,laptop,India,password+token,True,1
S03919,U083,2025-01-30 06:31:00,2025-01-30 08:56:00,workstation,India,password+token,True,2
S03920,U083,2025-01-31 09:20:00,2025-01-31 12:30:00,laptop,India,password,True,2
S03921,U083,2025-01-31 13:55:00,2025-01-31 16:53:00,laptop,India,password,True,0
S03922,U083,2025-02-05 07:55:00,2025-02-05 10:21:00,laptop,India,password,True,1
S03923,U083,2025-02-05 11:56:00,2025-02-05 13:14:00,laptop,India,password,True,1
S03924,U083,2025-02-10 10:24:00,2025-02-10 11:54:00,workstation,India,password,True,0
S03925,U083,2025-02-11 09:49:00,2025-02-11 11:36:00,laptop,India,password,True,2
S03926,U083,2025-02-12 08:57:00,2025-02-12 11:58:00,laptop,India,password,True,0
S03927,U083,2025-02-13 06:41:00,2025-02-13 07:53:00,laptop,India,password,False,1
S03928,U083,2025-02-13 08:18:00,2025-02-13 10:51:00,laptop,India,password+token,True,0
S03929,U083,2025-02-14 06:43:00,2025-02-14 09:19:00,workstation,India,password,True,0
S03930,U083,2025-02-14 09:54:00,2025-02-14 11:45:00,laptop,India,password+token,True,2
S03931,U083,2025-02-14 13:05:00,2025-02-14 14:20:00,laptop,India,password+token,True,1
S03932,U084,2025-01-04 12:49:00,2025-01-04 14:54:00,laptop,Singapore,password+token,True,0
S03933,U084,2025-01-06 13:32:00,2025-01-06 14:49:00,laptop,India,password,True,2
S03934,U084,2025-01-07 13:44:00,2025-01-07 15:32:00,laptop,Germany,password+token,True,0
S03935,U084,2025-01-07 17:05:00,2025-01-07 19:37:00,laptop,Germany,password+token,False,0
S03936,U084,2025-01-08 13:41:00,2025-01-08 16:26:00,workstation,India,password,True,2
S03937,U084,2025-01-08 18:21:00,2025-01-08 20:53:00,laptop,India,password+token,False,1
S03938,U084,2025-01-09 13:08:00,2025-01-09 15:36:00,laptop,India,password+token,True,2
S03939,U084,2025-01-10 12:24:00,2025-01-10 13:06:00,workstation,India,password+token,False,0
S03940,U084,2025-01-11 13:39:00,2025-01-11 15:27:00,laptop,India,password+token,False,0
S03941,U084,2025-01-13 12:12:00,2025-01-13 12:54:00,laptop,India,password,True,0
S03942,U084,2025-01-13 13:20:00,2025-01-13 15:43:00,laptop,USA,password,True,0
S03943,U084,2025-01-13 17:36:00,2025-01-13 18:57:00,laptop,India,password,True,1
S03944,U084,2025-01-14 12:15:00,2025-01-14 13:42:00,laptop,India,password,True,1
S03945,U084,2025-01-15 12:12:00,2025-01-15 14:00:00,laptop,Singapore,password+token,True,0
S03946,U084,2025-01-15 14:30:00,2025-01-15 16:04:00,laptop,India,password,True,0
S03947,U084,2025-01-16 13:35:00,2025-01-16 14:51:00,laptop,Germany,password+token,False,1
S03948,U084,2025-01-17 13:19:00,2025-01-17 14:18:00,laptop,India,password,True,0
S03949,U084,2025-01-17 16:03:00,2025-01-17 17:47:00,laptop,India,password,False,0
S03950,U084,2025-01-17 19:21:00,2025-01-17 21:11:00,laptop,India,password,True,0
S03951,U084,2025-01-19 12:49:00,2025-01-19 13:41:00,laptop,India,password+token,True,0
S03952,U084,2025-01-19 15:00:00,2025-01-19 16:49:00,laptop,India,password,True,0
S03953,U084,2025-01-20 12:30:00,2025-01-20 14:07:00,workstation,India,password,True,0
S03954,U084,2025-01-23 13:00:00,2025-01-23 13:20:00,vpn,India,password+token,False,4
S03955,U084,2025-01-24 12:00:00,2025-01-24 14:21:00,laptop,India,password,False,1
S03956,U084,2025-01-27 12:14:00,2025-01-27 13:14:00,laptop,Singapore,password+token,False,0
S03957,U084,2025-01-27 14:32:00,2025-01-27 16:59:00,vpn,India,password+token,True,0
S03958,U084,2025-01-27 17:35:00,2025-01-27 19:31:00,laptop,India,password,True,1
S03959,U084,2025-01-31 11:28:00,2025-01-31 12:37:00,laptop,India,password+token,True,1
S03960,U084,2025-01-31 14:17:00,2025-01-31 16:08:00,workstation,India,password,True,1
S03961,U084,2025-01-31 17:05:00,2025-01-31 17:59:00,laptop,India,password+token,True,2
S03962,U084,2025-02-03 13:42:00,2025-02-03 15:15:00,workstation,India,password,True,0
S03963,U084,2025-02-03 16:19:00,2025-02-03 17:19:00,workstation,India,password,True,0
S03964,U084,2025-02-04 12:18:00,2025-02-04 13:01:00,workstation,USA,password+token,False,0
S03965,U084,2025-02-04 13:55:00,2025-02-04 15:40:00,laptop,India,password,True,0
S03966,U084,2025-02-05 13:00:00,2025-02-05 14:27:00,laptop,India,password+token,False,0
S03967,U084,2025-02-06 13:49:00,2025-02-06 15:25:00,laptop,India,password,True,2
S03968,U084,2025-02-07 12:52:00,2025-02-07 14:51:00,laptop,India,password,False,2
S03969,U084,2025-02-11 13:48:00,2025-02-11 15:20:00,laptop,India,password,True,0
S03970,U084,2025-02-11 16:05:00,2025-02-11 18:17:00,laptop,India,password,False,0
S03971,U084,2025-02-12 13:27:00,2025-02-12 15:08:00,laptop,India,password,False,2
S03972,U084,2025-02-12 16:54:00,2025-02-12 17:31:00,workstation,India,password+token,True,0
S03973,U084,2025-02-13 14:02:00,2025-02-13 14:22:00,laptop,India,password+token,True,2
S03974,U084,2025-02-13 16:06:00,2025-02-13 17:22:00,laptop,India,password,True,0
S03975,U084,2025-02-14 12:09:00,2025-02-14 12:29:00,laptop,India,password+token,True,1
S03976,U085,2025-01-01 09:33:00,2025-01-01 11:38:00,laptop,India,password,True,2
S03977,U085,2025-01-02 09:01:00,2025-01-02 11:48:00,laptop,India,password,True,0
S03978,U085,2025-01-02 13:05:00,2025-01-02 14:54:00,laptop,Germany,password+token,True,1
S03979,U085,2025-01-02 15:48:00,2025-01-02 18:30:00,vpn,India,password+token,False,1
S03980,U085,2025-01-03 09:18:00,2025-01-03 11:36:00,laptop,India,password,True,2
S03981,U085,2025-01-06 08:17:00,2025-01-06 09:56:00,laptop,India,password,True,1
S03982,U085,2025-01-06 10:28:00,2025-01-06 12:25:00,laptop,India,password,True,1
S03983,U085,2025-01-07 10:16:00,2025-01-07 12:05:00,laptop,India,password,True,0
S03984,U085,2025-01-08 09:57:00,2025-01-08 11:27:00,vpn,India,password+token,True,1
S03985,U085,2025-01-08 13:17:00,2025-01-08 14:40:00,laptop,India,password,True,1
S03986,U085,2025-01-13 09:10:00,2025-01-13 12:03:00,workstation,India,password+token,False,0
S03987,U085,2025-01-13 13:51:00,2025-01-13 15:01:00,laptop,Singapore,password,False,1
S03988,U085,2025-01-14 09:51:00,2025-01-14 11:00:00,laptop,India,password+token,False,1
S03989,U085,2025-01-15 09:59:00,2025-01-15 11:02:00,laptop,India,password+token,True,1
S03990,U085,2025-01-16 09:55:00,2025-01-16 10:15:00,laptop,Singapore,password+token,True,0
S03991,U085,2025-01-16 10:44:00,2025-01-16 12:08:00,workstation,India,password,True,1
S03992,U085,2025-01-17 10:42:00,2025-01-17 11:57:00,laptop,India,password,True,0
S03993,U085,2025-01-21 10:08:00,2025-01-21 12:02:00,laptop,USA,password+token,False,0
S03994,U085,2025-01-21 12:49:00,2025-01-21 14:39:00,laptop,Germany,password,True,0
S03995,U085,2025-01-22 09:33:00,2025-01-22 10:26:00,vpn,USA,password+token,True,0
S03996,U085,2025-01-24 09:50:00,2025-01-24 11:19:00,laptop,India,password,True,1
S03997,U085,2025-01-24 12:16:00,2025-01-24 13:47:00,laptop,Singapore,password,True,1
S03998,U085,2025-01-24 14:37:00,2025-01-24 15:41:00,laptop,India,password,True,2
S03999,U085,2025-01-27 09:26:00,2025-01-27 10:37:00,laptop,USA,password,False,0
S04000,U085,2025-01-28 11:46:00,2025-01-28 13:13:00,laptop,India,password,True,1
S04001,U085,2025-01-29 10:48:00,2025-01-29 12:02:00,laptop,Singapore,password+token,True,0
S04002,U085,2025-01-29 13:35:00,2025-01-29 15:32:00,laptop,India,password+token,False,2
S04003,U085,2025-01-29 17:11:00,2025-01-29 17:31:00,laptop,India,password+token,True,1
S04004,U085,2025-01-30 09:08:00,2025-01-30 10:02:00,laptop,India,password+token,True,2
S04005,U085,2025-01-30 11:13:00,2025-01-30 12:37:00,workstation,Germany,password,False,3
S04006,U085,2025-01-31 09:09:00,2025-01-31 11:03:00,laptop,India,password,True,2
S04007,U085,2025-01-31 11:32:00,2025-01-31 12:59:00,laptop,India,password,True,1
S04008,U085,2025-02-01 09:02:00,2025-02-01 10:05:00,laptop,India,password,True,0
S04009,U085,2025-02-01 11:29:00,2025-02-01 12:52:00,laptop,India,password+token,True,1
S04010,U085,2025-02-01 14:32:00,2025-02-01 14:52:00,laptop,India,password+token,True,2
S04011,U085,2025-02-02 11:23:00,2025-02-02 12:47:00,laptop,India,password+token,False,2
S04012,U085,2025-02-03 09:10:00,2025-02-03 10:54:00,workstation,India,password+token,True,4
S04013,U085,2025-02-05 08:38:00,2025-02-05 11:00:00,workstation,India,password,True,0
S04014,U085,2025-02-05 12:53:00,2025-02-05 14:50:00,workstation,India,password,True,2
S04015,U085,2025-02-06 11:20:00,2025-02-06 12:41:00,laptop,India,password,True,0
S04016,U085,2025-02-07 09:42:00,2025-02-07 11:27:00,workstation,Germany,password,False,2
S04017,U085,2025-02-07 12:30:00,2025-02-07 14:11:00,laptop,Singapore,password,True,1
S04018,U085,2025-02-07 15:18:00,2025-02-07 16:46:00,laptop,India,password+token,True,0
S04019,U085,2025-02-10 10:54:00,2025-02-10 13:00:00,laptop,India,password,False,2
S04020,U085,2025-02-10 13:44:00,2025-02-10 15:38:00,laptop,India,password,False,0
S04021,U085,2025-02-11 08:51:00,2025-02-11 10:03:00,laptop,India,password,False,3
S04022,U085,2025-02-11 11:29:00,2025-02-11 12:41:00,laptop,India,password,True,0
S04023,U085,2025-02-11 14:38:00,2025-02-11 16:02:00,workstation,India,password+token,True,1
S04024,U085,2025-02-13 07:18:00,2025-02-13 08:43:00,laptop,India,password,True,2
S04025,U085,2025-02-14 10:07:00,2025-02-14 10:58:00,laptop,India,password,False,1
S04026,U085,2025-02-15 08:36:00,2025-02-15 09:39:00,workstation,India,password+token,False,0
S04027,U085,2025-02-15 10:10:00,2025-02-15 11:56:00,laptop,India,password,False,0
S04028,U085,2025-02-15 13:38:00,2025-02-15 15:14:00,vpn,India,password+token,True,1
S04029,U086,2025-01-01 08:32:00,2025-01-01 09:28:00,vpn,India,password+token,True,1
S04030,U086,2025-01-01 10:16:00,2025-01-01 12:30:00,vpn,Singapore,password+token,True,1
S04031,U086,2025-01-02 07:51:00,2025-01-02 10:26:00,vpn,Germany,password+token,False,1
S04032,U086,2025-01-02 12:09:00,2025-01-02 15:56:00,workstation,India,password,True,1
S04033,U086,2025-01-02 17:53:00,2025-01-02 20:35:00,vpn,India,password+token,True,1
S04034,U086,2025-01-03 07:42:00,2025-01-03 09:55:00,vpn,India,password+token,True,1
S04035,U086,2025-01-04 06:14:00,2025-01-04 09:25:00,workstation,USA,password,True,0
S04036,U086,2025-01-04 09:49:00,2025-01-04 13:13:00,vpn,Singapore,password+token,True,1
S04037,U086,2025-01-05 07:58:00,2025-01-05 11:25:00,workstation,India,password,True,0
S04038,U086,2025-01-06 07:43:00,2025-01-06 09:38:00,vpn,India,password+token,True,1
S04039,U086,2025-01-06 10:57:00,2025-01-06 13:44:00,workstation,India,password,True,1
S04040,U086,2025-01-08 06:39:00,2025-01-08 09:51:00,vpn,India,password+token,True,1
S04041,U086,2025-01-09 09:25:00,2025-01-09 11:42:00,vpn,India,password+token,True,0
S04042,U086,2025-01-10 07:33:00,2025-01-10 11:52:00,laptop,India,password,True,0
S04043,U086,2025-01-10 12:24:00,2025-01-10 14:39:00,laptop,India,password+token,True,1
S04044,U086,2025-01-10 16:00:00,2025-01-10 19:37:00,workstation,India,password,True,0
S04045,U086,2025-01-14 07:25:00,2025-01-14 08:53:00,vpn,India,password+token,True,1
S04046,U086,2025-01-15 07:14:00,2025-01-15 10:27:00,vpn,India,password+token,True,1
S04047,U086,2025-01-15 12:24:00,2025-01-15 14:43:00,vpn,India,password+token,True,0
S04048,U086,2025-01-15 15:08:00,2025-01-15 18:29:00,workstation,India,password+token,True,0
S04049,U086,2025-01-16 07:39:00,2025-01-16 09:40:00,workstation,India,password,True,0
S04050,U086,2025-01-17 06:04:00,2025-01-17 10:13:00,workstation,India,password,True,1
S04051,U086,2025-01-17 10:51:00,2025-01-17 14:02:00,workstation,India,password,True,1
S04052,U086,2025-01-18 06:54:00,2025-01-18 08:34:00,vpn,Singapore,password+token,True,2
S04053,U086,2025-01-18 09:14:00,2025-01-18 12:08:00,workstation,USA,password,True,0
S04054,U086,2025-01-18 12:36:00,2025-01-18 14:36:00,workstation,USA,password+token,True,0
S04055,U086,2025-01-20 07:17:00,2025-01-20 11:03:00,workstation,India,password+token,True,3
S04056,U086,2025-01-20 11:31:00,2025-01-20 12:14:00,workstation,India,password,True,1
S04057,U086,2025-01-21 06:01:00,2025-01-21 07:48:00,vpn,India,password+token,True,1
S04058,U086,2025-01-21 09:35:00,2025-01-21 13:09:00,laptop,India,password+token,True,0
S04059,U086,2025-01-21 14:58:00,2025-01-21 17:27:00,vpn,India,password+token,True,1
S04060,U086,2025-01-22 08:13:00,2025-01-22 11:31:00,vpn,India,password+token,True,0
S04061,U086,2025-01-22 12:13:00,2025-01-22 16:03:00,vpn,India,password+token,True,3
S04062,U086,2025-01-22 17:52:00,2025-01-22 23:02:00,workstation,India,password+token,True,1
S04063,U086,2025-01-23 09:28:00,2025-01-23 11:39:00,vpn,India,password+token,True,0
S04064,U086,2025-01-26 06:19:00,2025-01-26 09:30:00,workstation,India,password,True,0
S04065,U086,2025-01-26 10:07:00,2025-01-26 12:50:00,vpn,India,password+token,True,1
S04066,U086,2025-01-27 06:10:00,2025-01-27 09:08:00,workstation,Germany,password,True,0
S04067,U086,2025-01-31 09:22:00,2025-01-31 11:10:00,workstation,India,password,True,0
S04068,U086,2025-01-31 12:25:00,2025-01-31 14:39:00,workstation,India,password,True,3
S04069,U086,2025-02-01 07:50:00,2025-02-01 10:16:00,vpn,India,password+token,True,1
S04070,U086,2025-02-02 06:41:00,2025-02-02 09:19:00,vpn,India,password+token,True,1
S04071,U086,2025-02-02 10:21:00,2025-02-02 13:05:00,workstation,India,password,True,0
S04072,U086,2025-02-03 07:36:00,2025-02-03 09:38:00,workstation,India,password,True,0
S04073,U086,2025-02-03 10:58:00,2025-02-03 13:08:00,vpn,India,password+token,False,1
S04074,U086,2025-02-04 07:33:00,2025-02-04 08:45:00,laptop,India,password,True,1
S04075,U086,2025-02-05 06:29:00,2025-02-05 09:20:00,vpn,India,password+token,True,2
S04076,U086,2025-02-06 08:17:00,2025-02-06 10:25:00,workstation,USA,password,True,4
S04077,U086,2025-02-06 12:07:00,2025-02-06 14:33:00,workstation,India,password,True,1
S04078,U086,2025-02-08 08:52:00,2025-02-08 12:49:00,vpn,USA,password+token,True,2
S04079,U086,2025-02-08 13:21:00,2025-02-08 14:12:00,vpn,India,password+token,True,0
S04080,U086,2025-02-10 08:38:00,2025-02-10 13:13:00,workstation,India,password,True,0
S04081,U086,2025-02-12 06:55:00,2025-02-12 08:00:00,workstation,India,password,False,0
S04082,U086,2025-02-12 08:59:00,2025-02-12 11:27:00,workstation,India,password+token,True,1
S04083,U086,2025-02-12 12:48:00,2025-02-12 15:45:00,workstation,India,password,True,0
S04084,U086,2025-02-13 08:55:00,2025-02-13 12:03:00,vpn,India,password+token,True,0
S04085,U086,2025-02-13 14:00:00,2025-02-13 16:52:00,vpn,India,password+token,True,1
S04086,U086,2025-02-13 17:56:00,2025-02-13 21:10:00,laptop,India,password,True,1
S04087,U086,2025-02-14 08:34:00,2025-02-14 11:06:00,workstation,India,password+token,True,3
S04088,U086,2025-02-14 12:48:00,2025-02-14 16:35:00,vpn,India,password+token,True,2
S04089,U086,2025-02-14 18:13:00,2025-02-14 20:35:00,vpn,India,password+token,False,0
S04090,U087,2025-01-01 08:20:00,2025-01-01 09:50:00,laptop,India,password+token,True,2
S04091,U087,2025-01-06 10:15:00,2025-01-06 10:49:00,laptop,India,password,False,0
S04092,U087,2025-01-07 10:53:00,2025-01-07 11:49:00,laptop,India,password+token,True,1
S04093,U087,2025-01-08 09:06:00,2025-01-08 10:49:00,laptop,India,password,True,1
S04094,U087,2025-01-09 09:06:00,2025-01-09 10:26:00,laptop,India,password,True,0
S04095,U087,2025-01-09 12:17:00,2025-01-09 14:37:00,laptop,Germany,password,True,1
S04096,U087,2025-01-09 15:50:00,2025-01-09 17:59:00,laptop,India,password+token,False,1
S04097,U087,2025-01-10 08:40:00,2025-01-10 10:55:00,laptop,Germany,password,False,1
S04098,U087,2025-01-13 09:38:00,2025-01-13 11:18:00,workstation,India,password,False,0
S04099,U087,2025-01-13 12:51:00,2025-01-13 14:41:00,workstation,India,password,False,0
S04100,U087,2025-01-13 15:11:00,2025-01-13 16:57:00,laptop,India,password+token,True,0
S04101,U087,2025-01-14 08:37:00,2025-01-14 10:54:00,laptop,India,password+token,True,0
S04102,U087,2025-01-14 12:05:00,2025-01-14 14:34:00,workstation,India,password,True,1
S04103,U087,2025-01-14 16:22:00,2025-01-14 17:56:00,workstation,India,password,True,0
S04104,U087,2025-01-15 09:43:00,2025-01-15 11:35:00,workstation,India,password+token,True,0
S04105,U087,2025-01-15 12:58:00,2025-01-15 14:50:00,laptop,India,password+token,True,0
S04106,U087,2025-01-15 16:12:00,2025-01-15 16:32:00,laptop,India,password,True,0
S04107,U087,2025-01-21 08:25:00,2025-01-21 09:31:00,workstation,India,password,True,1
S04108,U087,2025-01-27 08:27:00,2025-01-27 09:18:00,laptop,USA,password,True,0
S04109,U087,2025-01-28 10:00:00,2025-01-28 11:39:00,laptop,India,password+token,True,1
S04110,U087,2025-01-28 12:50:00,2025-01-28 13:54:00,laptop,India,password,False,0
S04111,U087,2025-01-28 15:25:00,2025-01-28 16:53:00,workstation,India,password,True,0
S04112,U087,2025-01-29 10:40:00,2025-01-29 12:55:00,laptop,Singapore,password+token,True,1
S04113,U087,2025-01-29 13:42:00,2025-01-29 14:38:00,laptop,India,password+token,True,0
S04114,U087,2025-01-29 15:33:00,2025-01-29 17:17:00,laptop,India,password,True,0
S04115,U087,2025-01-30 09:32:00,2025-01-30 10:48:00,workstation,India,password,False,0
S04116,U087,2025-01-30 12:41:00,2025-01-30 14:10:00,laptop,India,password,True,0
S04117,U087,2025-01-31 10:32:00,2025-01-31 12:12:00,laptop,India,password+token,True,0
S04118,U087,2025-01-31 13:14:00,2025-01-31 14:47:00,laptop,India,password+token,True,3
S04119,U087,2025-01-31 15:25:00,2025-01-31 16:20:00,laptop,India,password,True,0
S04120,U087,2025-02-02 10:04:00,2025-02-02 10:50:00,laptop,India,password+token,True,1
S04121,U087,2025-02-02 12:08:00,2025-02-02 13:12:00,vpn,Singapore,password+token,True,0
S04122,U087,2025-02-02 14:18:00,2025-02-02 16:04:00,laptop,India,password+token,True,0
S04123,U087,2025-02-03 10:46:00,2025-02-03 12:06:00,laptop,India,password,False,1
S04124,U087,2025-02-03 13:34:00,2025-02-03 14:24:00,laptop,India,password+token,False,0
S04125,U087,2025-02-04 08:25:00,2025-02-04 09:44:00,laptop,India,password,True,0
S04126,U087,2025-02-04 11:09:00,2025-02-04 12:55:00,laptop,India,password,True,0
S04127,U087,2025-02-10 09:22:00,2025-02-10 10:13:00,laptop,India,password,True,1
S04128,U087,2025-02-11 10:09:00,2025-02-11 11:45:00,workstation,India,password+token,True,2
S04129,U087,2025-02-11 13:09:00,2025-02-11 14:29:00,laptop,India,password,True,0
S04130,U087,2025-02-11 15:18:00,2025-02-11 16:36:00,laptop,India,password+token,False,1
S04131,U087,2025-02-13 07:01:00,2025-02-13 08:01:00,laptop,India,password,True,0
S04132,U087,2025-02-13 08:38:00,2025-02-13 08:58:00,laptop,India,password,False,0
S04133,U087,2025-02-13 09:18:00,2025-02-13 10:49:00,laptop,India,password+token,True,0
S04134,U088,2025-01-01 11:45:00,2025-01-01 12:57:00,laptop,India,password+token,False,2
S04135,U088,2025-01-02 10:52:00,2025-01-02 12:41:00,laptop,India,password+token,False,0
S04136,U088,2025-01-03 11:50:00,2025-01-03 13:45:00,laptop,India,password+token,False,2
S04137,U088,2025-01-03 15:37:00,2025-01-03 16:42:00,workstation,India,password,True,1
S04138,U088,2025-01-04 11:12:00,2025-01-04 12:03:00,workstation,India,password,False,3
S04139,U088,2025-01-07 11:23:00,2025-01-07 12:51:00,laptop,India,password,True,2
S04140,U088,2025-01-08 11:14:00,2025-01-08 13:11:00,laptop,India,password,True,0
S04141,U088,2025-01-08 14:52:00,2025-01-08 17:23:00,laptop,India,password,True,0
S04142,U088,2025-01-08 18:05:00,2025-01-08 19:41:00,laptop,Singapore,password,True,2
S04143,U088,2025-01-09 10:36:00,2025-01-09 12:47:00,workstation,India,password,True,0
S04144,U088,2025-01-10 10:22:00,2025-01-10 11:37:00,laptop,India,password,False,1
S04145,U088,2025-01-13 11:04:00,2025-01-13 12:03:00,laptop,India,password,True,0
S04146,U088,2025-01-14 11:24:00,2025-01-14 13:09:00,laptop,India,password+token,True,0
S04147,U088,2025-01-14 14:06:00,2025-01-14 15:41:00,vpn,India,password+token,True,1
S04148,U088,2025-01-14 16:39:00,2025-01-14 17:47:00,laptop,Singapore,password,False,1
S04149,U088,2025-01-15 10:08:00,2025-01-15 11:44:00,laptop,India,password,True,1
S04150,U088,2025-01-18 11:12:00,2025-01-18 11:52:00,workstation,India,password+token,False,1
S04151,U088,2025-01-19 10:41:00,2025-01-19 12:50:00,vpn,India,password+token,True,1
S04152,U088,2025-01-19 14:05:00,2025-01-19 16:50:00,laptop,India,password+token,True,2
S04153,U088,2025-01-21 10:22:00,2025-01-21 12:15:00,laptop,India,password+token,True,0
S04154,U088,2025-01-22 10:13:00,2025-01-22 11:44:00,laptop,India,password,True,0
S04155,U088,2025-01-23 10:27:00,2025-01-23 11:40:00,laptop,India,password+token,False,0
S04156,U088,2025-01-24 11:47:00,2025-01-24 13:10:00,laptop,India,password,True,1
S04157,U088,2025-01-26 11:11:00,2025-01-26 12:54:00,workstation,India,password+token,False,1
S04158,U088,2025-01-26 13:35:00,2025-01-26 15:28:00,laptop,India,password,True,3
S04159,U088,2025-01-27 11:59:00,2025-01-27 12:51:00,laptop,India,password,False,1
S04160,U088,2025-01-28 06:22:00,2025-01-28 07:44:00,workstation,USA,password+token,True,0
S04161,U088,2025-01-30 10:18:00,2025-01-30 12:46:00,laptop,India,password,True,0
S04162,U088,2025-02-03 09:12:00,2025-02-03 10:52:00,vpn,India,password+token,False,0
S04163,U088,2025-02-04 11:38:00,2025-02-04 14:21:00,workstation,India,password+token,True,1
S04164,U088,2025-02-06 11:42:00,2025-02-06 12:18:00,workstation,India,password+token,True,1
S04165,U088,2025-02-07 10:45:00,2025-02-07 12:12:00,vpn,India,password+token,True,0
S04166,U088,2025-02-09 10:51:00,2025-02-09 11:40:00,laptop,India,password,True,1
S04167,U088,2025-02-11 10:28:00,2025-02-11 11:41:00,vpn,India,password+token,True,1
S04168,U088,2025-02-11 13:39:00,2025-02-11 15:17:00,laptop,India,password,True,2
S04169,U088,2025-02-12 11:20:00,2025-02-12 13:08:00,laptop,Singapore,password,False,2
S04170,U089,2025-01-02 09:48:00,2025-01-02 12:15:00,laptop,India,password,True,3
S04171,U089,2025-01-03 09:38:00,2025-01-03 11:19:00,laptop,Germany,password,False,0
S04172,U089,2025-01-07 11:19:00,2025-01-07 14:08:00,workstation,India,password,False,0
S04173,U089,2025-01-08 10:56:00,2025-01-08 12:00:00,laptop,India,password,True,1
S04174,U089,2025-01-09 09:52:00,2025-01-09 11:06:00,laptop,India,password+token,True,0
S04175,U089,2025-01-10 09:48:00,2025-01-10 11:25:00,laptop,India,password,True,0
S04176,U089,2025-01-12 09:26:00,2025-01-12 11:02:00,laptop,India,password,True,1
S04177,U089,2025-01-13 08:19:00,2025-01-13 09:34:00,laptop,India,password+token,True,1
S04178,U089,2025-01-16 10:47:00,2025-01-16 12:39:00,laptop,India,password,False,0
S04179,U089,2025-01-16 14:03:00,2025-01-16 16:07:00,laptop,India,password,True,0
S04180,U089,2025-01-16 16:39:00,2025-01-16 17:51:00,vpn,India,password+token,True,3
S04181,U089,2025-01-17 12:24:00,2025-01-17 14:18:00,laptop,India,password,True,0
S04182,U089,2025-01-17 15:53:00,2025-01-17 17:15:00,workstation,India,password,True,1
S04183,U089,2025-01-19 12:59:00,2025-01-19 13:38:00,laptop,India,password+token,True,0
S04184,U089,2025-01-19 15:23:00,2025-01-19 17:35:00,laptop,India,password,True,0
S04185,U089,2025-01-20 06:52:00,2025-01-20 08:24:00,laptop,India,password,False,1
S04186,U089,2025-01-21 12:45:00,2025-01-21 14:21:00,laptop,India,password+token,False,1
S04187,U089,2025-01-22 09:24:00,2025-01-22 11:18:00,laptop,India,password+token,False,2
S04188,U089,2025-01-23 10:30:00,2025-01-23 11:00:00,laptop,India,password,True,1
S04189,U089,2025-01-23 11:56:00,2025-01-23 12:45:00,laptop,India,password,True,0
S04190,U089,2025-01-23 14:04:00,2025-01-23 15:33:00,laptop,India,password,True,0
S04191,U089,2025-01-24 11:44:00,2025-01-24 13:35:00,laptop,India,password,True,1
S04192,U089,2025-01-26 09:29:00,2025-01-26 09:49:00,vpn,India,password+token,False,0
S04193,U089,2025-01-26 11:28:00,2025-01-26 11:48:00,laptop,India,password,True,0
S04194,U089,2025-01-27 11:31:00,2025-01-27 13:35:00,laptop,India,password+token,False,1
S04195,U089,2025-01-28 07:56:00,2025-01-28 09:13:00,laptop,India,password+token,True,2
S04196,U089,2025-01-31 12:16:00,2025-01-31 14:21:00,laptop,USA,password,True,1
S04197,U089,2025-01-31 15:03:00,2025-01-31 16:18:00,laptop,India,password,True,0
S04198,U089,2025-01-31 17:42:00,2025-01-31 18:47:00,laptop,India,password,True,0
S04199,U089,2025-02-03 11:11:00,2025-02-03 13:28:00,vpn,India,password+token,True,1
S04200,U089,2025-02-05 09:25:00,2025-02-05 11:25:00,laptop,India,password,False,0
S04201,U089,2025-02-06 10:44:00,2025-02-06 12:49:00,laptop,USA,password+token,False,0
S04202,U089,2025-02-07 11:05:00,2025-02-07 13:46:00,laptop,India,password+token,True,1
S04203,U089,2025-02-10 09:04:00,2025-02-10 10:13:00,workstation,India,password+token,True,0
S04204,U089,2025-02-11 08:02:00,2025-02-11 09:10:00,laptop,India,password+token,True,0
S04205,U089,2025-02-12 09:04:00,2025-02-12 11:22:00,laptop,India,password,True,0
S04206,U089,2025-02-13 11:06:00,2025-02-13 11:47:00,laptop,India,password,False,1
S04207,U089,2025-02-13 13:26:00,2025-02-13 14:30:00,laptop,India,password,False,0
S04208,U090,2025-01-01 09:44:00,2025-01-01 11:04:00,workstation,India,password,False,0
S04209,U090,2025-01-01 11:38:00,2025-01-01 13:52:00,laptop,India,password,True,0
S04210,U090,2025-01-02 09:59:00,2025-01-02 11:05:00,laptop,Germany,password,True,2
S04211,U090,2025-01-03 09:58:00,2025-01-03 11:31:00,workstation,India,password,True,1
S04212,U090,2025-01-06 09:47:00,2025-01-06 11:17:00,laptop,India,password,False,2
S04213,U090,2025-01-09 09:23:00,2025-01-09 11:01:00,workstation,India,password+token,False,0
S04214,U090,2025-01-10 09:04:00,2025-01-10 10:44:00,laptop,India,password+token,False,1
S04215,U090,2025-01-13 09:01:00,2025-01-13 10:27:00,laptop,India,password+token,True,0
S04216,U090,2025-01-13 11:07:00,2025-01-13 12:28:00,laptop,USA,password,True,2
S04217,U090,2025-01-13 13:18:00,2025-01-13 15:01:00,laptop,India,password,True,0
S04218,U090,2025-01-16 11:47:00,2025-01-16 13:24:00,workstation,Singapore,password+token,False,0
S04219,U090,2025-01-17 10:38:00,2025-01-17 12:28:00,laptop,India,password,False,1
S04220,U090,2025-01-20 07:15:00,2025-01-20 09:39:00,vpn,India,password+token,True,0
S04221,U090,2025-01-21 10:56:00,2025-01-21 12:47:00,laptop,India,password+token,False,0
S04222,U090,2025-01-23 08:30:00,2025-01-23 09:46:00,laptop,India,password,True,0
S04223,U090,2025-01-24 08:27:00,2025-01-24 10:25:00,laptop,India,password,True,0
S04224,U090,2025-01-24 11:36:00,2025-01-24 13:03:00,laptop,USA,password,False,0
S04225,U090,2025-01-24 13:47:00,2025-01-24 16:12:00,laptop,India,password,True,0
S04226,U090,2025-01-28 08:11:00,2025-01-28 09:52:00,laptop,Singapore,password+token,True,0
S04227,U090,2025-01-30 10:31:00,2025-01-30 11:26:00,laptop,India,password,True,1
S04228,U090,2025-01-30 11:58:00,2025-01-30 12:23:00,laptop,India,password,True,0
S04229,U090,2025-01-30 13:05:00,2025-01-30 15:08:00,workstation,USA,password+token,True,0
S04230,U090,2025-01-31 08:07:00,2025-01-31 09:57:00,workstation,India,password,True,0
S04231,U090,2025-02-03 07:58:00,2025-02-03 09:17:00,laptop,India,password,True,0
S04232,U090,2025-02-04 08:22:00,2025-02-04 09:49:00,laptop,India,password+token,True,2
S04233,U090,2025-02-09 08:26:00,2025-02-09 09:29:00,vpn,India,password+token,True,1
S04234,U090,2025-02-09 10:28:00,2025-02-09 12:18:00,laptop,India,password,False,0
S04235,U090,2025-02-10 09:14:00,2025-02-10 10:42:00,workstation,India,password,False,1
S04236,U090,2025-02-13 08:04:00,2025-02-13 10:06:00,laptop,India,password,False,0
S04237,U091,2025-01-02 07:47:00,2025-01-02 09:06:00,laptop,India,password,False,1
S04238,U091,2025-01-03 08:26:00,2025-01-03 09:48:00,laptop,India,password,False,4
S04239,U091,2025-01-03 11:17:00,2025-01-03 13:51:00,laptop,India,password,False,1
S04240,U091,2025-01-06 08:44:00,2025-01-06 09:04:00,workstation,Germany,password+token,False,0
S04241,U091,2025-01-07 09:41:00,2025-01-07 11:13:00,laptop,India,password+token,True,0
S04242,U091,2025-01-07 12:23:00,2025-01-07 13:14:00,laptop,Germany,password+token,True,4
S04243,U091,2025-01-08 09:29:00,2025-01-08 11:42:00,laptop,India,password+token,True,1
S04244,U091,2025-01-09 09:57:00,2025-01-09 11:59:00,workstation,India,password,False,1
S04245,U091,2025-01-13 08:05:00,2025-01-13 10:29:00,laptop,India,password,True,1
S04246,U091,2025-01-13 11:31:00,2025-01-13 13:43:00,vpn,India,password+token,True,0
S04247,U091,2025-01-13 15:38:00,2025-01-13 17:41:00,laptop,India,password+token,True,0
S04248,U091,2025-01-14 10:05:00,2025-01-14 12:58:00,laptop,India,password+token,True,2
S04249,U091,2025-01-15 08:36:00,2025-01-15 11:14:00,laptop,India,password+token,True,1
S04250,U091,2025-01-17 08:11:00,2025-01-17 08:58:00,vpn,India,password+token,True,0
S04251,U091,2025-01-17 10:26:00,2025-01-17 13:33:00,laptop,Germany,password,False,0
S04252,U091,2025-01-18 09:27:00,2025-01-18 10:39:00,workstation,India,password,True,1
S04253,U091,2025-01-18 11:04:00,2025-01-18 12:55:00,laptop,India,password,True,0
S04254,U091,2025-01-18 13:40:00,2025-01-18 15:49:00,laptop,India,password,False,1
S04255,U091,2025-01-20 07:07:00,2025-01-20 09:33:00,laptop,India,password+token,True,4
S04256,U091,2025-01-22 08:06:00,2025-01-22 10:18:00,laptop,India,password,True,2
S04257,U091,2025-01-23 08:53:00,2025-01-23 10:17:00,laptop,India,password+token,False,2
S04258,U091,2025-01-24 09:02:00,2025-01-24 11:21:00,laptop,India,password+token,False,1
S04259,U091,2025-01-24 12:01:00,2025-01-24 13:31:00,laptop,Singapore,password,True,2
S04260,U091,2025-01-24 14:10:00,2025-01-24 16:07:00,laptop,India,password,True,0
S04261,U091,2025-01-25 07:28:00,2025-01-25 09:51:00,vpn,India,password+token,False,0
S04262,U091,2025-01-25 10:47:00,2025-01-25 13:41:00,vpn,India,password+token,True,1
S04263,U091,2025-01-25 15:25:00,2025-01-25 17:30:00,laptop,Singapore,password,True,1
S04264,U091,2025-01-27 08:50:00,2025-01-27 09:38:00,workstation,India,password,True,3
S04265,U091,2025-01-27 10:44:00,2025-01-27 13:15:00,laptop,India,password+token,True,1
S04266,U091,2025-01-28 08:43:00,2025-01-28 10:34:00,workstation,India,password,False,0
S04267,U091,2025-01-30 06:38:00,2025-01-30 07:59:00,laptop,Germany,password+token,False,0
S04268,U091,2025-01-30 09:12:00,2025-01-30 10:43:00,laptop,India,password+token,True,2
S04269,U091,2025-01-31 08:58:00,2025-01-31 10:53:00,vpn,Singapore,password+token,True,1
S04270,U091,2025-01-31 11:35:00,2025-01-31 14:07:00,laptop,India,password,True,1
S04271,U091,2025-01-31 15:42:00,2025-01-31 16:39:00,vpn,Germany,password+token,True,2
S04272,U091,2025-02-04 08:15:00,2025-02-04 10:40:00,workstation,India,password,True,2
S04273,U091,2025-02-04 12:32:00,2025-02-04 14:03:00,laptop,India,password,False,2
S04274,U091,2025-02-06 07:50:00,2025-02-06 10:03:00,laptop,Singapore,password,True,2
S04275,U091,2025-02-06 11:16:00,2025-02-06 12:19:00,laptop,India,password,True,2
S04276,U091,2025-02-06 12:40:00,2025-02-06 15:16:00,vpn,India,password+token,True,1
S04277,U091,2025-02-07 09:18:00,2025-02-07 12:03:00,laptop,India,password+token,True,2
S04278,U091,2025-02-07 13:21:00,2025-02-07 14:55:00,laptop,India,password+token,True,1
S04279,U091,2025-02-11 08:33:00,2025-02-11 10:37:00,laptop,India,password+token,False,0
S04280,U091,2025-02-12 09:43:00,2025-02-12 11:32:00,laptop,India,password+token,True,2
S04281,U091,2025-02-12 12:09:00,2025-02-12 14:49:00,laptop,India,password,True,1
S04282,U091,2025-02-12 15:59:00,2025-02-12 18:40:00,laptop,India,password,False,1
S04283,U091,2025-02-13 08:47:00,2025-02-13 11:29:00,laptop,India,password,True,2
S04284,U091,2025-02-13 12:38:00,2025-02-13 14:49:00,laptop,India,password+token,False,0
S04285,U091,2025-02-15 07:52:00,2025-02-15 08:12:00,laptop,India,password+token,True,0
S04286,U092,2025-01-02 06:35:00,2025-01-02 08:42:00,laptop,Germany,password+token,True,0
S04287,U092,2025-01-02 09:10:00,2025-01-02 10:06:00,laptop,Singapore,password,True,1
S04288,U092,2025-01-03 07:58:00,2025-01-03 09:34:00,workstation,USA,password+token,False,2
S04289,U092,2025-01-08 07:32:00,2025-01-08 08:28:00,laptop,India,password+token,True,3
S04290,U092,2025-01-13 09:05:00,2025-01-13 10:00:00,laptop,Singapore,password+token,False,0
S04291,U092,2025-01-13 11:52:00,2025-01-13 13:43:00,workstation,Germany,password,True,1
S04292,U092,2025-01-14 10:17:00,2025-01-14 11:24:00,laptop,India,password,True,4
S04293,U092,2025-01-14 12:03:00,2025-01-14 13:27:00,workstation,Singapore,password+token,True,2
S04294,U092,2025-01-14 14:43:00,2025-01-14 16:42:00,laptop,India,password+token,True,1
S04295,U092,2025-01-15 09:07:00,2025-01-15 11:01:00,laptop,India,password+token,False,1
S04296,U092,2025-01-15 11:51:00,2025-01-15 12:12:00,laptop,India,password,True,5
S04297,U092,2025-01-15 13:54:00,2025-01-15 15:37:00,laptop,USA,password+token,False,2
S04298,U092,2025-01-18 08:54:00,2025-01-18 10:24:00,laptop,Germany,password,False,1
S04299,U092,2025-01-18 11:56:00,2025-01-18 13:42:00,laptop,India,password+token,True,1
S04300,U092,2025-01-20 08:09:00,2025-01-20 08:29:00,laptop,India,password,True,2
S04301,U092,2025-01-21 09:09:00,2025-01-21 09:59:00,laptop,India,password,True,1
S04302,U092,2025-01-24 09:59:00,2025-01-24 11:29:00,laptop,India,password,False,1
S04303,U092,2025-01-24 11:52:00,2025-01-24 14:11:00,laptop,Germany,password+token,True,0
S04304,U092,2025-01-27 08:14:00,2025-01-27 08:34:00,laptop,India,password,False,1
S04305,U092,2025-01-28 08:53:00,2025-01-28 10:01:00,laptop,Germany,password,True,1
S04306,U092,2025-01-28 10:56:00,2025-01-28 12:15:00,laptop,India,password,True,0
S04307,U092,2025-01-28 13:18:00,2025-01-28 14:33:00,laptop,India,password,True,2
S04308,U092,2025-01-31 08:59:00,2025-01-31 10:19:00,workstation,India,password,True,0
S04309,U092,2025-02-03 11:19:00,2025-02-03 12:06:00,vpn,India,password+token,True,1
S04310,U092,2025-02-03 13:45:00,2025-02-03 15:17:00,laptop,USA,password,False,0
S04311,U092,2025-02-04 10:41:00,2025-02-04 11:01:00,vpn,Singapore,password+token,True,0
S04312,U092,2025-02-07 10:05:00,2025-02-07 11:10:00,laptop,Germany,password+token,True,1
S04313,U092,2025-02-07 12:08:00,2025-02-07 13:00:00,laptop,Germany,password+token,False,1
S04314,U092,2025-02-07 13:46:00,2025-02-07 14:06:00,laptop,Singapore,password+token,False,2
S04315,U092,2025-02-10 08:45:00,2025-02-10 09:29:00,vpn,USA,password+token,True,0
S04316,U092,2025-02-12 08:23:00,2025-02-12 09:14:00,laptop,Singapore,password,True,0
S04317,U092,2025-02-12 11:12:00,2025-02-12 12:51:00,workstation,USA,password+token,True,0
S04318,U092,2025-02-12 13:32:00,2025-02-12 15:02:00,workstation,Singapore,password,False,0
S04319,U092,2025-02-13 08:07:00,2025-02-13 09:40:00,workstation,India,password+token,False,1
S04320,U093,2025-01-01 11:59:00,2025-01-01 14:05:00,laptop,Germany,password,True,1
S04321,U093,2025-01-01 14:52:00,2025-01-01 17:21:00,laptop,India,password+token,True,0
S04322,U093,2025-01-02 12:45:00,2025-01-02 15:51:00,laptop,Germany,password,True,1
S04323,U093,2025-01-02 17:17:00,2025-01-02 20:41:00,laptop,USA,password,False,0
S04324,U093,2025-01-03 09:04:00,2025-01-03 11:41:00,laptop,Singapore,password,True,1
S04325,U093,2025-01-04 12:58:00,2025-01-04 15:03:00,laptop,India,password,True,0
S04326,U093,2025-01-04 15:57:00,2025-01-04 18:02:00,vpn,USA,password+token,True,1
S04327,U093,2025-01-06 10:50:00,2025-01-06 13:05:00,vpn,India,password+token,True,0
S04328,U093,2025-01-06 14:48:00,2025-01-06 16:27:00,workstation,Singapore,password,True,0
S04329,U093,2025-01-06 17:27:00,2025-01-06 18:47:00,laptop,USA,password+token,True,1
S04330,U093,2025-01-07 12:33:00,2025-01-07 13:21:00,laptop,Germany,password,True,1
S04331,U093,2025-01-07 15:02:00,2025-01-07 17:46:00,workstation,USA,password+token,True,0
S04332,U093,2025-01-07 18:57:00,2025-01-07 22:16:00,laptop,Germany,password,False,0
S04333,U093,2025-01-08 06:20:00,2025-01-08 08:37:00,laptop,Singapore,password,False,2
S04334,U093,2025-01-13 06:15:00,2025-01-13 08:38:00,laptop,Germany,password+token,True,0
S04335,U093,2025-01-14 10:34:00,2025-01-14 12:06:00,laptop,USA,password,False,0
S04336,U093,2025-01-14 13:01:00,2025-01-14 16:02:00,laptop,Germany,password,False,0
S04337,U093,2025-01-14 17:28:00,2025-01-14 19:22:00,laptop,India,password,True,3
S04338,U093,2025-01-15 11:26:00,2025-01-15 13:34:00,vpn,Singapore,password+token,True,0
S04339,U093,2025-01-15 14:52:00,2025-01-15 16:04:00,vpn,India,password+token,True,0
S04340,U093,2025-01-17 12:44:00,2025-01-17 14:47:00,laptop,Germany,password,True,1
S04341,U093,2025-01-20 10:30:00,2025-01-20 10:56:00,vpn,India,password+token,True,0
S04342,U093,2025-01-21 10:16:00,2025-01-21 12:30:00,laptop,USA,password+token,False,0
S04343,U093,2025-01-21 13:20:00,2025-01-21 15:40:00,laptop,Singapore,password,True,1
S04344,U093,2025-01-21 16:14:00,2025-01-21 17:44:00,laptop,India,password,True,0
S04345,U093,2025-01-22 11:27:00,2025-01-22 13:19:00,laptop,India,password+token,True,3
S04346,U093,2025-01-22 13:56:00,2025-01-22 16:39:00,vpn,Germany,password+token,True,0
S04347,U093,2025-01-22 17:00:00,2025-01-22 19:55:00,workstation,Singapore,password+token,False,1
S04348,U093,2025-01-24 11:33:00,2025-01-24 13:19:00,laptop,Germany,password,True,0
S04349,U093,2025-01-24 14:36:00,2025-01-24 16:38:00,workstation,India,password+token,True,3
S04350,U093,2025-01-25 13:22:00,2025-01-25 15:26:00,vpn,Germany,password+token,True,3
S04351,U093,2025-01-25 16:21:00,2025-01-25 18:46:00,laptop,USA,password,False,2
S04352,U093,2025-01-25 19:31:00,2025-01-25 21:03:00,vpn,India,password+token,True,1
S04353,U093,2025-01-26 11:45:00,2025-01-26 14:40:00,laptop,Singapore,password+token,True,1
S04354,U093,2025-01-27 10:08:00,2025-01-27 12:13:00,laptop,USA,password+token,True,1
S04355,U093,2025-01-28 11:24:00,2025-01-28 13:41:00,workstation,India,password+token,True,0
S04356,U093,2025-01-30 10:21:00,2025-01-30 12:48:00,laptop,Germany,password,True,0
S04357,U093,2025-01-31 09:37:00,2025-01-31 12:10:00,workstation,India,password+token,True,1
S04358,U093,2025-02-02 11:25:00,2025-02-02 13:19:00,workstation,India,password+token,False,1
S04359,U093,2025-02-03 11:37:00,2025-02-03 13:27:00,laptop,India,password,True,2
S04360,U093,2025-02-04 11:16:00,2025-02-04 13:10:00,workstation,USA,password+token,False,1
S04361,U093,2025-02-05 12:39:00,2025-02-05 14:57:00,laptop,India,password+token,True,1
S04362,U093,2025-02-06 11:01:00,2025-02-06 12:42:00,laptop,USA,password,True,0
S04363,U093,2025-02-06 13:23:00,2025-02-06 15:35:00,workstation,India,password+token,True,1
S04364,U093,2025-02-07 11:14:00,2025-02-07 12:42:00,workstation,Germany,password+token,True,0
S04365,U093,2025-02-10 11:44:00,2025-02-10 13:28:00,workstation,India,password+token,False,1
S04366,U093,2025-02-11 12:01:00,2025-02-11 14:00:00,laptop,India,password+token,True,2
S04367,U093,2025-02-13 10:53:00,2025-02-13 12:36:00,workstation,India,password,True,0
S04368,U093,2025-02-14 10:26:00,2025-02-14 13:50:00,laptop,Singapore,password,False,1
S04369,U093,2025-02-14 15:46:00,2025-02-14 17:53:00,laptop,India,password,True,0
S04370,U094,2025-01-01 07:41:00,2025-01-01 10:01:00,laptop,USA,password,True,0
S04371,U094,2025-01-02 09:47:00,2025-01-02 10:57:00,laptop,India,password,True,0
S04372,U094,2025-01-03 11:01:00,2025-01-03 12:48:00,workstation,USA,password+token,True,3
S04373,U094,2025-01-06 12:43:00,2025-01-06 14:16:00,vpn,India,password+token,False,1
S04374,U094,2025-01-06 15:49:00,2025-01-06 16:54:00,laptop,India,password,True,2
S04375,U094,2025-01-08 10:31:00,2025-01-08 12:01:00,laptop,India,password,True,0
S04376,U094,2025-01-08 12:57:00,2025-01-08 14:20:00,vpn,India,password+token,True,3
S04377,U094,2025-01-08 15:14:00,2025-01-08 17:35:00,workstation,Germany,password,True,2
S04378,U094,2025-01-09 11:22:00,2025-01-09 12:32:00,laptop,USA,password,True,2
S04379,U094,2025-01-09 13:16:00,2025-01-09 14:42:00,laptop,Singapore,password,True,0
S04380,U094,2025-01-10 09:43:00,2025-01-10 11:24:00,laptop,Singapore,password,False,0
S04381,U094,2025-01-10 11:44:00,2025-01-10 12:31:00,laptop,Singapore,password,False,1
S04382,U094,2025-01-14 08:49:00,2025-01-14 10:21:00,laptop,Germany,password+token,False,3
S04383,U094,2025-01-14 11:59:00,2025-01-14 15:15:00,laptop,USA,password,True,0
S04384,U094,2025-01-15 06:28:00,2025-01-15 08:17:00,laptop,India,password,False,3
S04385,U094,2025-01-15 09:41:00,2025-01-15 12:16:00,laptop,Germany,password,True,0
S04386,U094,2025-01-16 09:47:00,2025-01-16 11:50:00,vpn,India,password+token,True,1
S04387,U094,2025-01-16 12:22:00,2025-01-16 14:11:00,laptop,Singapore,password,True,2
S04388,U094,2025-01-20 10:29:00,2025-01-20 12:31:00,laptop,Singapore,password,True,1
S04389,U094,2025-01-21 09:16:00,2025-01-21 11:02:00,laptop,Singapore,password,False,0
S04390,U094,2025-01-21 12:14:00,2025-01-21 14:56:00,laptop,India,password+token,True,1
S04391,U094,2025-01-22 10:26:00,2025-01-22 11:31:00,laptop,India,password,True,3
S04392,U094,2025-01-23 09:10:00,2025-01-23 11:02:00,laptop,Singapore,password+token,True,1
S04393,U094,2025-01-24 06:56:00,2025-01-24 08:30:00,laptop,Germany,password+token,False,4
S04394,U094,2025-01-24 10:15:00,2025-01-24 11:46:00,laptop,Singapore,password,False,0
S04395,U094,2025-01-24 13:20:00,2025-01-24 15:10:00,workstation,India,password+token,True,2
S04396,U094,2025-01-26 08:21:00,2025-01-26 09:32:00,laptop,Germany,password,True,0
S04397,U094,2025-01-27 09:44:00,2025-01-27 11:58:00,laptop,Singapore,password+token,True,0
S04398,U094,2025-01-27 13:33:00,2025-01-27 14:22:00,workstation,Germany,password+token,True,1
S04399,U094,2025-01-27 16:03:00,2025-01-27 18:15:00,laptop,India,password+token,True,1
S04400,U094,2025-01-29 07:33:00,2025-01-29 09:24:00,laptop,India,password,True,1
S04401,U094,2025-01-30 10:25:00,2025-01-30 11:38:00,laptop,Germany,password,True,1
S04402,U094,2025-01-31 09:42:00,2025-01-31 11:21:00,workstation,Singapore,password,False,0
S04403,U094,2025-02-01 12:41:00,2025-02-01 13:49:00,laptop,Germany,password,True,0
S04404,U094,2025-02-03 09:19:00,2025-02-03 11:32:00,laptop,India,password+token,False,0
S04405,U094,2025-02-03 12:13:00,2025-02-03 14:04:00,laptop,Germany,password+token,True,1
S04406,U094,2025-02-04 09:16:00,2025-02-04 11:10:00,laptop,India,password,False,1
S04407,U094,2025-02-05 10:23:00,2025-02-05 12:14:00,laptop,Germany,password,False,2
S04408,U094,2025-02-05 14:06:00,2025-02-05 15:54:00,laptop,Singapore,password,True,2
S04409,U094,2025-02-06 07:34:00,2025-02-06 09:18:00,laptop,Singapore,password,False,2
S04410,U094,2025-02-07 09:49:00,2025-02-07 11:07:00,laptop,India,password+token,True,1
S04411,U094,2025-02-08 12:57:00,2025-02-08 14:00:00,workstation,Germany,password+token,True,1
S04412,U094,2025-02-09 06:04:00,2025-02-09 08:07:00,vpn,India,password+token,True,1
S04413,U094,2025-02-09 08:43:00,2025-02-09 09:47:00,laptop,Germany,password+token,True,1
S04414,U094,2025-02-10 09:40:00,2025-02-10 10:32:00,laptop,Germany,password,True,0
S04415,U094,2025-02-11 11:00:00,2025-02-11 12:48:00,laptop,USA,password,True,2
S04416,U094,2025-02-11 14:22:00,2025-02-11 14:58:00,laptop,Singapore,password,True,1
S04417,U094,2025-02-11 16:47:00,2025-02-11 18:17:00,laptop,India,password+token,True,0
S04418,U094,2025-02-12 11:57:00,2025-02-12 14:32:00,laptop,India,password,True,2
S04419,U094,2025-02-12 16:24:00,2025-02-12 18:09:00,laptop,India,password,True,1
S04420,U094,2025-02-12 19:44:00,2025-02-12 21:17:00,laptop,USA,password+token,True,0
S04421,U094,2025-02-13 09:04:00,2025-02-13 11:22:00,laptop,Singapore,password,False,0
S04422,U094,2025-02-14 09:52:00,2025-02-14 10:27:00,laptop,Singapore,password+token,True,2
S04423,U095,2025-01-01 10:50:00,2025-01-01 12:31:00,laptop,India,password+token,True,1
S04424,U095,2025-01-01 13:37:00,2025-01-01 14:45:00,laptop,India,password,True,0
S04425,U095,2025-01-03 09:06:00,2025-01-03 09:55:00,laptop,India,password,True,1
S04426,U095,2025-01-04 09:47:00,2025-01-04 11:00:00,workstation,India,password,False,0
S04427,U095,2025-01-06 10:39:00,2025-01-06 12:02:00,laptop,USA,password+token,False,0
S04428,U095,2025-01-06 12:34:00,2025-01-06 14:19:00,vpn,India,password+token,False,1
S04429,U095,2025-01-06 14:39:00,2025-01-06 16:36:00,laptop,India,password,True,2
S04430,U095,2025-01-07 09:22:00,2025-01-07 11:13:00,workstation,India,password,False,0
S04431,U095,2025-01-08 10:11:00,2025-01-08 11:21:00,laptop,India,password,True,2
S04432,U095,2025-01-08 13:03:00,2025-01-08 14:29:00,laptop,India,password+token,True,1
S04433,U095,2025-01-08 15:04:00,2025-01-08 15:47:00,workstation,India,password,True,0
S04434,U095,2025-01-09 09:59:00,2025-01-09 10:19:00,workstation,India,password,True,0
S04435,U095,2025-01-11 10:56:00,2025-01-11 12:19:00,workstation,India,password,True,0
S04436,U095,2025-01-13 11:08:00,2025-01-13 12:53:00,laptop,India,password+token,True,0
S04437,U095,2025-01-13 14:38:00,2025-01-13 16:32:00,laptop,India,password+token,True,0
S04438,U095,2025-01-13 18:00:00,2025-01-13 19:31:00,laptop,India,password+token,True,0
S04439,U095,2025-01-14 10:51:00,2025-01-14 12:54:00,workstation,USA,password,False,1
S04440,U095,2025-01-14 13:54:00,2025-01-14 15:12:00,laptop,India,password+token,True,1
S04441,U095,2025-01-14 15:45:00,2025-01-14 16:22:00,laptop,India,password,True,1
S04442,U095,2025-01-15 11:39:00,2025-01-15 12:33:00,laptop,Singapore,password,True,0
S04443,U095,2025-01-15 14:10:00,2025-01-15 15:03:00,workstation,India,password,True,0
S04444,U095,2025-01-15 16:16:00,2025-01-15 18:16:00,laptop,India,password+token,True,0
S04445,U095,2025-01-16 09:40:00,2025-01-16 11:25:00,workstation,India,password,True,3
S04446,U095,2025-01-16 12:52:00,2025-01-16 14:17:00,laptop,Germany,password,True,1
S04447,U095,2025-01-17 10:21:00,2025-01-17 11:46:00,laptop,India,password+token,False,1
S04448,U095,2025-01-19 09:12:00,2025-01-19 10:07:00,laptop,India,password,False,1
S04449,U095,2025-01-19 10:57:00,2025-01-19 12:12:00,workstation,India,password,True,0
S04450,U095,2025-01-19 12:35:00,2025-01-19 13:31:00,laptop,India,password+token,True,1
S04451,U095,2025-01-23 06:00:00,2025-01-23 07:17:00,laptop,India,password+token,True,0
S04452,U095,2025-01-26 10:58:00,2025-01-26 12:04:00,laptop,India,password+token,True,1
S04453,U095,2025-01-27 10:20:00,2025-01-27 11:59:00,laptop,India,password+token,False,0
S04454,U095,2025-01-27 12:28:00,2025-01-27 13:53:00,vpn,India,password+token,True,0
S04455,U095,2025-01-28 10:05:00,2025-01-28 12:29:00,laptop,India,password,False,0
S04456,U095,2025-01-28 12:52:00,2025-01-28 14:12:00,workstation,India,password+token,True,1
S04457,U095,2025-01-29 10:25:00,2025-01-29 12:02:00,laptop,India,password+token,True,1
S04458,U095,2025-01-30 10:18:00,2025-01-30 12:09:00,vpn,India,password+token,False,2
S04459,U095,2025-01-31 10:07:00,2025-01-31 11:48:00,laptop,India,password,True,0
S04460,U095,2025-02-03 10:02:00,2025-02-03 11:40:00,laptop,India,password+token,True,0
S04461,U095,2025-02-04 09:58:00,2025-02-04 10:18:00,workstation,India,password+token,True,0
S04462,U095,2025-02-04 11:21:00,2025-02-04 12:57:00,laptop,India,password+token,True,0
S04463,U095,2025-02-04 14:01:00,2025-02-04 14:21:00,laptop,India,password+token,True,1
S04464,U095,2025-02-05 10:56:00,2025-02-05 11:28:00,laptop,India,password,True,2
S04465,U095,2025-02-06 10:14:00,2025-02-06 11:53:00,laptop,India,password,False,2
S04466,U095,2025-02-06 12:40:00,2025-02-06 14:47:00,laptop,India,password,True,3
S04467,U095,2025-02-06 15:12:00,2025-02-06 16:42:00,laptop,India,password,True,1
S04468,U095,2025-02-07 10:11:00,2025-02-07 12:29:00,workstation,India,password+token,False,2
S04469,U095,2025-02-07 13:16:00,2025-02-07 13:36:00,laptop,India,password+token,True,1
S04470,U095,2025-02-07 15:22:00,2025-02-07 16:42:00,laptop,India,password,True,2
S04471,U095,2025-02-09 10:00:00,2025-02-09 10:31:00,laptop,Singapore,password+token,False,1
S04472,U095,2025-02-10 10:02:00,2025-02-10 12:43:00,laptop,India,password+token,True,0
S04473,U095,2025-02-10 13:10:00,2025-02-10 14:13:00,workstation,USA,password,True,2
S04474,U095,2025-02-12 08:45:00,2025-02-12 10:38:00,laptop,India,password+token,False,1
S04475,U095,2025-02-12 11:24:00,2025-02-12 12:57:00,laptop,India,password,False,2
S04476,U095,2025-02-13 09:38:00,2025-02-13 11:37:00,laptop,India,password,False,0
S04477,U095,2025-02-14 09:46:00,2025-02-14 11:06:00,laptop,India,password,True,0
S04478,U096,2025-01-01 08:46:00,2025-01-01 10:16:00,workstation,India,password,True,0
S04479,U096,2025-01-03 07:03:00,2025-01-03 08:07:00,laptop,India,password,True,2
S04480,U096,2025-01-06 08:41:00,2025-01-06 09:38:00,laptop,India,password,True,1
S04481,U096,2025-01-08 08:23:00,2025-01-08 10:06:00,workstation,India,password+token,True,0
S04482,U096,2025-01-09 08:18:00,2025-01-09 09:04:00,vpn,India,password+token,False,0
S04483,U096,2025-01-09 09:48:00,2025-01-09 11:44:00,vpn,India,password+token,True,0
S04484,U096,2025-01-11 08:30:00,2025-01-11 10:33:00,laptop,India,password+token,True,1
S04485,U096,2025-01-11 11:24:00,2025-01-11 13:58:00,laptop,India,password+token,True,0
S04486,U096,2025-01-11 15:41:00,2025-01-11 17:44:00,laptop,India,password+token,True,1
S04487,U096,2025-01-14 07:44:00,2025-01-14 08:57:00,laptop,India,password+token,False,2
S04488,U096,2025-01-14 10:51:00,2025-01-14 12:45:00,workstation,India,password+token,True,3
S04489,U096,2025-01-14 13:23:00,2025-01-14 14:08:00,laptop,India,password,True,1
S04490,U096,2025-01-16 07:20:00,2025-01-16 09:22:00,laptop,India,password+token,True,0
S04491,U096,2025-01-16 10:02:00,2025-01-16 10:45:00,workstation,India,password,True,1
S04492,U096,2025-01-17 09:07:00,2025-01-17 09:32:00,laptop,India,password+token,True,0
S04493,U096,2025-01-17 10:14:00,2025-01-17 11:51:00,laptop,India,password,True,1
S04494,U096,2025-01-20 08:11:00,2025-01-20 08:51:00,laptop,India,password+token,False,1
S04495,U096,2025-01-22 07:49:00,2025-01-22 09:21:00,laptop,India,password,True,0
S04496,U096,2025-01-24 08:45:00,2025-01-24 09:43:00,laptop,India,password,False,0
S04497,U096,2025-01-25 08:26:00,2025-01-25 09:47:00,laptop,India,password,True,0
S04498,U096,2025-01-25 10:41:00,2025-01-25 12:24:00,laptop,India,password,False,0
S04499,U096,2025-01-25 13:45:00,2025-01-25 15:32:00,laptop,Germany,password+token,True,1
S04500,U096,2025-01-29 09:26:00,2025-01-29 10:56:00,laptop,Germany,password,True,1
S04501,U096,2025-01-31 08:16:00,2025-01-31 10:48:00,workstation,India,password,True,0
S04502,U096,2025-02-03 07:14:00,2025-02-03 08:46:00,workstation,India,password+token,True,1
S04503,U096,2025-02-04 08:58:00,2025-02-04 09:26:00,workstation,India,password+token,True,2
S04504,U096,2025-02-04 10:46:00,2025-02-04 11:55:00,laptop,India,password,False,0
S04505,U096,2025-02-06 09:13:00,2025-02-06 10:37:00,laptop,India,password,True,0
S04506,U096,2025-02-07 09:33:00,2025-02-07 11:01:00,laptop,India,password,False,0
S04507,U096,2025-02-07 12:06:00,2025-02-07 13:07:00,laptop,India,password,False,3
S04508,U096,2025-02-07 13:59:00,2025-02-07 14:19:00,laptop,India,password+token,False,1
S04509,U096,2025-02-11 08:10:00,2025-02-11 09:19:00,workstation,India,password,True,1
S04510,U096,2025-02-12 07:28:00,2025-02-12 08:47:00,laptop,India,password,False,1
S04511,U096,2025-02-12 10:31:00,2025-02-12 11:56:00,workstation,India,password,True,1
S04512,U096,2025-02-12 13:00:00,2025-02-12 15:22:00,laptop,India,password,True,1
S04513,U096,2025-02-13 09:51:00,2025-02-13 10:58:00,laptop,Singapore,password,True,2
S04514,U096,2025-02-13 12:45:00,2025-02-13 14:26:00,laptop,India,password,False,1
S04515,U096,2025-02-13 16:18:00,2025-02-13 18:00:00,laptop,Germany,password+token,True,1
S04516,U096,2025-02-14 09:55:00,2025-02-14 10:52:00,laptop,India,password,False,1
S04517,U097,2025-01-01 09:52:00,2025-01-01 12:30:00,laptop,India,password,True,0
S04518,U097,2025-01-02 10:58:00,2025-01-02 13:06:00,laptop,India,password+token,False,0
S04519,U097,2025-01-03 09:45:00,2025-01-03 11:13:00,laptop,India,password,False,0
S04520,U097,2025-01-07 10:41:00,2025-01-07 12:49:00,laptop,India,password+token,False,0
S04521,U097,2025-01-08 08:27:00,2025-01-08 09:55:00,workstation,India,password+token,True,0
S04522,U097,2025-01-08 11:02:00,2025-01-08 13:06:00,laptop,India,password+token,True,1
S04523,U097,2025-01-08 13:39:00,2025-01-08 16:00:00,laptop,India,password+token,True,0
S04524,U097,2025-01-09 09:48:00,2025-01-09 12:29:00,laptop,Germany,password,True,1
S04525,U097,2025-01-11 10:29:00,2025-01-11 11:21:00,laptop,India,password+token,False,0
S04526,U097,2025-01-11 13:18:00,2025-01-11 14:37:00,workstation,India,password,False,0
S04527,U097,2025-01-11 15:32:00,2025-01-11 16:45:00,workstation,India,password,True,0
S04528,U097,2025-01-12 10:32:00,2025-01-12 12:25:00,workstation,India,password,True,0
S04529,U097,2025-01-14 08:03:00,2025-01-14 10:47:00,laptop,India,password+token,True,3
S04530,U097,2025-01-14 11:29:00,2025-01-14 13:16:00,laptop,India,password,False,1
S04531,U097,2025-01-16 09:25:00,2025-01-16 12:23:00,laptop,India,password,True,1
S04532,U097,2025-01-17 09:31:00,2025-01-17 12:07:00,laptop,India,password+token,True,1
S04533,U097,2025-01-17 12:38:00,2025-01-17 13:50:00,laptop,India,password,True,0
S04534,U097,2025-01-17 14:30:00,2025-01-17 15:23:00,laptop,India,password,False,2
S04535,U097,2025-01-18 08:16:00,2025-01-18 10:27:00,laptop,India,password,True,2
S04536,U097,2025-01-18 11:57:00,2025-01-18 14:04:00,laptop,India,password+token,True,0
S04537,U097,2025-01-18 15:50:00,2025-01-18 17:55:00,workstation,Singapore,password,True,4
S04538,U097,2025-01-19 08:09:00,2025-01-19 08:43:00,workstation,Germany,password,False,0
S04539,U097,2025-01-22 09:20:00,2025-01-22 11:43:00,laptop,Germany,password,True,0
S04540,U097,2025-01-22 12:28:00,2025-01-22 14:03:00,laptop,India,password,False,1
S04541,U097,2025-01-23 10:56:00,2025-01-23 12:49:00,laptop,India,password,True,0
S04542,U097,2025-01-23 13:30:00,2025-01-23 14:21:00,laptop,Singapore,password,True,2
S04543,U097,2025-01-23 14:57:00,2025-01-23 16:52:00,laptop,India,password,False,0
S04544,U097,2025-01-26 09:05:00,2025-01-26 11:59:00,laptop,India,password,True,1
S04545,U097,2025-01-26 13:37:00,2025-01-26 15:31:00,laptop,India,password,False,1
S04546,U097,2025-01-27 11:42:00,2025-01-27 14:22:00,workstation,Germany,password,False,0
S04547,U097,2025-01-28 10:29:00,2025-01-28 11:46:00,laptop,India,password,True,0
S04548,U097,2025-01-29 06:16:00,2025-01-29 07:49:00,laptop,India,password,True,0
S04549,U097,2025-01-29 09:37:00,2025-01-29 11:48:00,vpn,India,password+token,False,1
S04550,U097,2025-01-29 12:54:00,2025-01-29 14:28:00,laptop,Germany,password,True,1
S04551,U097,2025-01-30 10:29:00,2025-01-30 12:43:00,laptop,USA,password,False,0
S04552,U097,2025-01-30 13:41:00,2025-01-30 15:46:00,laptop,Germany,password+token,True,0
S04553,U097,2025-01-31 06:11:00,2025-01-31 07:45:00,laptop,Germany,password,True,0
S04554,U097,2025-01-31 08:57:00,2025-01-31 09:17:00,laptop,India,password,True,0
S04555,U097,2025-02-03 10:48:00,2025-02-03 12:15:00,laptop,India,password+token,True,0
S04556,U097,2025-02-03 13:23:00,2025-02-03 14:34:00,laptop,India,password,True,0
S04557,U097,2025-02-05 07:08:00,2025-02-05 09:19:00,workstation,India,password,False,0
S04558,U097,2025-02-06 08:04:00,2025-02-06 10:15:00,workstation,India,password,True,2
S04559,U097,2025-02-06 11:03:00,2025-02-06 12:47:00,laptop,India,password+token,True,2
S04560,U097,2025-02-07 09:02:00,2025-02-07 11:58:00,laptop,Germany,password+token,True,0
S04561,U097,2025-02-10 08:46:00,2025-02-10 10:05:00,laptop,India,password,False,1
S04562,U097,2025-02-11 08:42:00,2025-02-11 10:38:00,workstation,India,password,False,3
S04563,U097,2025-02-11 12:12:00,2025-02-11 13:40:00,laptop,India,password,True,0
S04564,U097,2025-02-11 14:13:00,2025-02-11 15:29:00,workstation,India,password,False,1
S04565,U097,2025-02-13 10:43:00,2025-02-13 13:06:00,workstation,India,password+token,False,0
S04566,U097,2025-02-13 14:14:00,2025-02-13 15:25:00,laptop,India,password,False,1
S04567,U097,2025-02-13 16:15:00,2025-02-13 17:36:00,laptop,India,password+token,True,1
S04568,U098,2025-01-01 09:37:00,2025-01-01 11:14:00,laptop,India,password,True,0
S04569,U098,2025-01-01 12:56:00,2025-01-01 14:19:00,laptop,India,password,True,0
S04570,U098,2025-01-01 15:19:00,2025-01-01 17:58:00,laptop,India,password,False,0
S04571,U098,2025-01-02 10:05:00,2025-01-02 11:38:00,vpn,India,password+token,True,1
S04572,U098,2025-01-02 12:36:00,2025-01-02 14:16:00,laptop,India,password,True,0
S04573,U098,2025-01-02 15:32:00,2025-01-02 17:13:00,laptop,India,password,False,0
S04574,U098,2025-01-03 08:58:00,2025-01-03 10:30:00,workstation,India,password,False,1
S04575,U098,2025-01-03 11:16:00,2025-01-03 12:10:00,laptop,India,password+token,False,0
S04576,U098,2025-01-03 14:05:00,2025-01-03 15:29:00,vpn,India,password+token,True,0
S04577,U098,2025-01-06 07:37:00,2025-01-06 09:21:00,laptop,India,password,False,2
S04578,U098,2025-01-09 07:15:00,2025-01-09 09:25:00,laptop,Singapore,password+token,True,1
S04579,U098,2025-01-09 09:45:00,2025-01-09 10:52:00,vpn,India,password+token,True,1
S04580,U098,2025-01-09 12:17:00,2025-01-09 13:09:00,vpn,India,password+token,True,0
S04581,U098,2025-01-11 09:09:00,2025-01-11 10:30:00,laptop,USA,password+token,True,2
S04582,U098,2025-01-11 12:21:00,2025-01-11 14:21:00,workstation,India,password+token,True,1
S04583,U098,2025-01-13 10:57:00,2025-01-13 12:23:00,laptop,Singapore,password,True,0
S04584,U098,2025-01-13 13:09:00,2025-01-13 13:57:00,laptop,India,password+token,True,0
S04585,U098,2025-01-13 15:14:00,2025-01-13 16:47:00,laptop,Germany,password,True,1
S04586,U098,2025-01-14 10:30:00,2025-01-14 11:34:00,laptop,India,password,False,1
S04587,U098,2025-01-14 12:54:00,2025-01-14 13:14:00,laptop,India,password,False,0
S04588,U098,2025-01-14 15:03:00,2025-01-14 16:39:00,laptop,India,password,False,3
S04589,U098,2025-01-15 10:44:00,2025-01-15 11:55:00,laptop,India,password,True,0
S04590,U098,2025-01-16 09:25:00,2025-01-16 10:20:00,laptop,India,password,True,1
S04591,U098,2025-01-19 07:16:00,2025-01-19 09:10:00,laptop,India,password+token,True,2
S04592,U098,2025-01-21 09:48:00,2025-01-21 10:49:00,workstation,India,password+token,True,0
S04593,U098,2025-01-23 09:59:00,2025-01-23 11:20:00,workstation,Germany,password,False,3
S04594,U098,2025-01-23 12:08:00,2025-01-23 14:00:00,laptop,India,password+token,True,0
S04595,U098,2025-01-24 07:29:00,2025-01-24 08:53:00,laptop,India,password,False,1
S04596,U098,2025-01-27 09:24:00,2025-01-27 10:33:00,laptop,India,password,True,2
S04597,U098,2025-01-28 07:09:00,2025-01-28 08:10:00,vpn,USA,password+token,False,1
S04598,U098,2025-01-29 11:50:00,2025-01-29 13:19:00,laptop,India,password,True,0
S04599,U098,2025-01-31 06:26:00,2025-01-31 08:40:00,laptop,India,password+token,False,0
S04600,U098,2025-01-31 10:14:00,2025-01-31 11:17:00,laptop,India,password,True,1
S04601,U098,2025-02-03 08:08:00,2025-02-03 09:45:00,laptop,India,password,False,1
S04602,U098,2025-02-03 11:05:00,2025-02-03 11:50:00,workstation,India,password,True,0
S04603,U098,2025-02-05 09:09:00,2025-02-05 10:28:00,laptop,India,password,True,1
S04604,U098,2025-02-06 08:48:00,2025-02-06 09:47:00,vpn,Germany,password+token,True,0
S04605,U098,2025-02-06 11:16:00,2025-02-06 13:28:00,laptop,India,password,True,1
S04606,U098,2025-02-08 10:05:00,2025-02-08 11:29:00,vpn,India,password+token,False,2
S04607,U098,2025-02-10 07:31:00,2025-02-10 09:10:00,workstation,India,password,True,0
S04608,U098,2025-02-11 07:35:00,2025-02-11 08:35:00,laptop,India,password,True,0
S04609,U098,2025-02-11 09:40:00,2025-02-11 11:09:00,laptop,USA,password+token,True,1
S04610,U098,2025-02-11 12:13:00,2025-02-11 14:20:00,laptop,India,password,True,1
S04611,U098,2025-02-13 10:59:00,2025-02-13 11:51:00,vpn,India,password+token,True,2
S04612,U098,2025-02-13 13:42:00,2025-02-13 15:39:00,vpn,Singapore,password+token,True,0
S04613,U099,2025-01-03 06:39:00,2025-01-03 08:40:00,laptop,India,password,False,1
S04614,U099,2025-01-06 07:30:00,2025-01-06 09:59:00,laptop,India,password,False,0
S04615,U099,2025-01-06 10:58:00,2025-01-06 13:06:00,vpn,India,password+token,True,0
S04616,U099,2025-01-06 14:21:00,2025-01-06 16:21:00,laptop,India,password,True,0
S04617,U099,2025-01-07 06:36:00,2025-01-07 07:43:00,laptop,Germany,password,True,0
S04618,U099,2025-01-08 08:39:00,2025-01-08 10:49:00,laptop,Germany,password,True,1
S04619,U099,2025-01-08 12:45:00,2025-01-08 13:36:00,workstation,India,password,False,1
S04620,U099,2025-01-08 15:11:00,2025-01-08 16:57:00,laptop,India,password+token,True,0
S04621,U099,2025-01-09 07:12:00,2025-01-09 09:25:00,laptop,India,password,True,0
S04622,U099,2025-01-10 07:04:00,2025-01-10 08:29:00,laptop,India,password,True,1
S04623,U099,2025-01-11 06:55:00,2025-01-11 08:24:00,workstation,India,password+token,True,3
S04624,U099,2025-01-13 06:54:00,2025-01-13 08:24:00,workstation,India,password+token,True,2
S04625,U099,2025-01-14 09:10:00,2025-01-14 10:18:00,laptop,India,password,True,3
S04626,U099,2025-01-15 06:21:00,2025-01-15 06:50:00,laptop,India,password,True,1
S04627,U099,2025-01-20 09:24:00,2025-01-20 10:15:00,laptop,India,password,True,0
S04628,U099,2025-01-22 06:48:00,2025-01-22 08:25:00,laptop,India,password,True,0
S04629,U099,2025-01-22 09:54:00,2025-01-22 11:38:00,workstation,India,password,True,0
S04630,U099,2025-01-23 09:52:00,2025-01-23 10:50:00,workstation,India,password,True,0
S04631,U099,2025-01-27 06:42:00,2025-01-27 08:33:00,laptop,India,password+token,False,0
S04632,U099,2025-01-29 09:30:00,2025-01-29 11:51:00,laptop,India,password,True,0
S04633,U099,2025-02-05 07:33:00,2025-02-05 09:31:00,laptop,India,password,False,0
S04634,U099,2025-02-06 08:15:00,2025-02-06 09:20:00,laptop,India,password+token,True,1
S04635,U099,2025-02-07 09:22:00,2025-02-07 10:18:00,laptop,India,password+token,True,0
S04636,U099,2025-02-10 10:28:00,2025-02-10 11:31:00,laptop,USA,password+token,True,1
S04637,U099,2025-02-11 08:43:00,2025-02-11 10:25:00,laptop,India,password+token,True,0
S04638,U099,2025-02-12 07:05:00,2025-02-12 07:40:00,workstation,India,password+token,True,2
S04639,U099,2025-02-14 09:00:00,2025-02-14 10:26:00,laptop,India,password,False,0
S_ANOM_155938,U045,2025-02-20 03:00:00,2025-02-20 04:03:00,vpn,Germany,password,False,2
